date,company_id,ticker,adjusted_close,volume,adjusted_volume,source
2025-04-02,Abbott India,ABBOTINDIA.NS,28468.94140625,8629,8629,https://finance.yahoo.com/quote/ABBOTINDIA.NS/
2025-04-03,Abbott India,ABBOTINDIA.NS,28823.974609375,10987,10987,https://finance.yahoo.com/quote/ABBOTINDIA.NS/
2025-04-04,Abbott India,ABBOTINDIA.NS,28022.26171875,9166,9166,https://finance.yahoo.com/quote/ABBOTINDIA.NS/
2025-04-07,Abbott India,ABBOTINDIA.NS,27914.611328125,14086,14086,https://finance.yahoo.com/quote/ABBOTINDIA.NS/
2025-04-08,Abbott India,ABBOTINDIA.NS,28332.140625,6460,6460,https://finance.yahoo.com/quote/ABBOTINDIA.NS/
2025-04-09,Abbott India,ABBOTINDIA.NS,28051.798828125,5194,5194,https://finance.yahoo.com/quote/ABBOTINDIA.NS/
2025-04-11,Abbott India,ABBOTINDIA.NS,28565.50390625,5580,5580,https://finance.yahoo.com/quote/ABBOTINDIA.NS/
2025-04-15,Abbott India,ABBOTINDIA.NS,29826.908203125,11843,11843,https://finance.yahoo.com/quote/ABBOTINDIA.NS/
2025-04-16,Abbott India,ABBOTINDIA.NS,29595.6171875,9589,9589,https://finance.yahoo.com/quote/ABBOTINDIA.NS/
2025-04-17,Abbott India,ABBOTINDIA.NS,29576.34375,4806,4806,https://finance.yahoo.com/quote/ABBOTINDIA.NS/
2025-04-21,Abbott India,ABBOTINDIA.NS,29793.177734375,7917,7917,https://finance.yahoo.com/quote/ABBOTINDIA.NS/
2025-04-22,Abbott India,ABBOTINDIA.NS,29889.548828125,4188,4188,https://finance.yahoo.com/quote/ABBOTINDIA.NS/
2025-04-23,Abbott India,ABBOTINDIA.NS,29364.328125,7426,7426,https://finance.yahoo.com/quote/ABBOTINDIA.NS/
2025-04-24,Abbott India,ABBOTINDIA.NS,28969.203125,6809,6809,https://finance.yahoo.com/quote/ABBOTINDIA.NS/
2025-04-25,Abbott India,ABBOTINDIA.NS,28627.0859375,5704,5704,https://finance.yahoo.com/quote/ABBOTINDIA.NS/
2025-04-28,Abbott India,ABBOTINDIA.NS,28699.36328125,4970,4970,https://finance.yahoo.com/quote/ABBOTINDIA.NS/
2025-04-29,Abbott India,ABBOTINDIA.NS,29007.751953125,5450,5450,https://finance.yahoo.com/quote/ABBOTINDIA.NS/
2025-04-30,Abbott India,ABBOTINDIA.NS,28896.92578125,3754,3754,https://finance.yahoo.com/quote/ABBOTINDIA.NS/
2025-05-02,Abbott India,ABBOTINDIA.NS,29398.056640625,4955,4955,https://finance.yahoo.com/quote/ABBOTINDIA.NS/
2025-05-05,Abbott India,ABBOTINDIA.NS,29610.072265625,8416,8416,https://finance.yahoo.com/quote/ABBOTINDIA.NS/
2025-05-06,Abbott India,ABBOTINDIA.NS,29065.576171875,10889,10889,https://finance.yahoo.com/quote/ABBOTINDIA.NS/
2025-05-07,Abbott India,ABBOTINDIA.NS,29243.86328125,10766,10766,https://finance.yahoo.com/quote/ABBOTINDIA.NS/
2025-05-08,Abbott India,ABBOTINDIA.NS,28916.19921875,12370,12370,https://finance.yahoo.com/quote/ABBOTINDIA.NS/
2025-05-09,Abbott India,ABBOTINDIA.NS,29070.39453125,3367,3367,https://finance.yahoo.com/quote/ABBOTINDIA.NS/
2025-05-12,Abbott India,ABBOTINDIA.NS,28974.0234375,5054,5054,https://finance.yahoo.com/quote/ABBOTINDIA.NS/
2025-05-13,Abbott India,ABBOTINDIA.NS,29287.228515625,6003,6003,https://finance.yahoo.com/quote/ABBOTINDIA.NS/
2025-05-14,Abbott India,ABBOTINDIA.NS,29224.587890625,4970,4970,https://finance.yahoo.com/quote/ABBOTINDIA.NS/
2025-05-15,Abbott India,ABBOTINDIA.NS,29229.408203125,6204,6204,https://finance.yahoo.com/quote/ABBOTINDIA.NS/
2025-05-16,Abbott India,ABBOTINDIA.NS,29451.060546875,32062,32062,https://finance.yahoo.com/quote/ABBOTINDIA.NS/
2025-05-19,Abbott India,ABBOTINDIA.NS,29571.525390625,6073,6073,https://finance.yahoo.com/quote/ABBOTINDIA.NS/
2025-05-20,Abbott India,ABBOTINDIA.NS,29725.71875,26271,26271,https://finance.yahoo.com/quote/ABBOTINDIA.NS/
2025-05-21,Abbott India,ABBOTINDIA.NS,30294.30859375,22684,22684,https://finance.yahoo.com/quote/ABBOTINDIA.NS/
2025-05-22,Abbott India,ABBOTINDIA.NS,30014.83203125,7710,7710,https://finance.yahoo.com/quote/ABBOTINDIA.NS/
2025-05-23,Abbott India,ABBOTINDIA.NS,29677.533203125,4657,4657,https://finance.yahoo.com/quote/ABBOTINDIA.NS/
2025-05-26,Abbott India,ABBOTINDIA.NS,29123.3984375,8605,8605,https://finance.yahoo.com/quote/ABBOTINDIA.NS/
2025-05-27,Abbott India,ABBOTINDIA.NS,29311.322265625,3586,3586,https://finance.yahoo.com/quote/ABBOTINDIA.NS/
2025-05-28,Abbott India,ABBOTINDIA.NS,29027.02734375,4788,4788,https://finance.yahoo.com/quote/ABBOTINDIA.NS/
2025-05-29,Abbott India,ABBOTINDIA.NS,29248.6796875,3531,3531,https://finance.yahoo.com/quote/ABBOTINDIA.NS/
2025-05-30,Abbott India,ABBOTINDIA.NS,29349.87109375,3530,3530,https://finance.yahoo.com/quote/ABBOTINDIA.NS/
2025-06-02,Abbott India,ABBOTINDIA.NS,29494.427734375,9476,9476,https://finance.yahoo.com/quote/ABBOTINDIA.NS/
2025-06-03,Abbott India,ABBOTINDIA.NS,30005.1953125,11464,11464,https://finance.yahoo.com/quote/ABBOTINDIA.NS/
2025-06-04,Abbott India,ABBOTINDIA.NS,30159.388671875,13335,13335,https://finance.yahoo.com/quote/ABBOTINDIA.NS/
2025-06-05,Abbott India,ABBOTINDIA.NS,30544.875,25789,25789,https://finance.yahoo.com/quote/ABBOTINDIA.NS/
2025-06-06,Abbott India,ABBOTINDIA.NS,30482.232421875,16700,16700,https://finance.yahoo.com/quote/ABBOTINDIA.NS/
2025-06-09,Abbott India,ABBOTINDIA.NS,30655.701171875,4819,4819,https://finance.yahoo.com/quote/ABBOTINDIA.NS/
2025-06-10,Abbott India,ABBOTINDIA.NS,30496.689453125,3041,3041,https://finance.yahoo.com/quote/ABBOTINDIA.NS/
2025-06-11,Abbott India,ABBOTINDIA.NS,30487.052734375,2838,2838,https://finance.yahoo.com/quote/ABBOTINDIA.NS/
2025-06-12,Abbott India,ABBOTINDIA.NS,30429.228515625,9056,9056,https://finance.yahoo.com/quote/ABBOTINDIA.NS/
2025-06-13,Abbott India,ABBOTINDIA.NS,30371.40625,5791,5791,https://finance.yahoo.com/quote/ABBOTINDIA.NS/
2025-06-16,Abbott India,ABBOTINDIA.NS,30525.6015625,3428,3428,https://finance.yahoo.com/quote/ABBOTINDIA.NS/
2025-06-17,Abbott India,ABBOTINDIA.NS,30646.064453125,14707,14707,https://finance.yahoo.com/quote/ABBOTINDIA.NS/
2025-06-18,Abbott India,ABBOTINDIA.NS,30419.591796875,3647,3647,https://finance.yahoo.com/quote/ABBOTINDIA.NS/
2025-06-19,Abbott India,ABBOTINDIA.NS,29904.005859375,8828,8828,https://finance.yahoo.com/quote/ABBOTINDIA.NS/
2025-06-20,Abbott India,ABBOTINDIA.NS,30472.59765625,9994,9994,https://finance.yahoo.com/quote/ABBOTINDIA.NS/
2025-06-23,Abbott India,ABBOTINDIA.NS,29923.28125,6678,6678,https://finance.yahoo.com/quote/ABBOTINDIA.NS/
2025-06-24,Abbott India,ABBOTINDIA.NS,30390.681640625,9207,9207,https://finance.yahoo.com/quote/ABBOTINDIA.NS/
2025-06-25,Abbott India,ABBOTINDIA.NS,30530.41796875,5191,5191,https://finance.yahoo.com/quote/ABBOTINDIA.NS/
2025-06-26,Abbott India,ABBOTINDIA.NS,31855.5234375,30735,30735,https://finance.yahoo.com/quote/ABBOTINDIA.NS/
2025-06-27,Abbott India,ABBOTINDIA.NS,33672.125,53061,53061,https://finance.yahoo.com/quote/ABBOTINDIA.NS/
2025-06-30,Abbott India,ABBOTINDIA.NS,34375.6328125,25043,25043,https://finance.yahoo.com/quote/ABBOTINDIA.NS/
2025-07-01,Abbott India,ABBOTINDIA.NS,33407.09765625,15146,15146,https://finance.yahoo.com/quote/ABBOTINDIA.NS/
2025-07-02,Abbott India,ABBOTINDIA.NS,34173.25390625,13570,13570,https://finance.yahoo.com/quote/ABBOTINDIA.NS/
2025-07-03,Abbott India,ABBOTINDIA.NS,34134.703125,13655,13655,https://finance.yahoo.com/quote/ABBOTINDIA.NS/
2025-07-04,Abbott India,ABBOTINDIA.NS,33474.5625,9978,9978,https://finance.yahoo.com/quote/ABBOTINDIA.NS/
2025-07-07,Abbott India,ABBOTINDIA.NS,33233.6328125,6130,6130,https://finance.yahoo.com/quote/ABBOTINDIA.NS/
2025-07-08,Abbott India,ABBOTINDIA.NS,32920.42578125,7819,7819,https://finance.yahoo.com/quote/ABBOTINDIA.NS/
2025-07-09,Abbott India,ABBOTINDIA.NS,33142.078125,10341,10341,https://finance.yahoo.com/quote/ABBOTINDIA.NS/
2025-07-10,Abbott India,ABBOTINDIA.NS,33301.08984375,4398,4398,https://finance.yahoo.com/quote/ABBOTINDIA.NS/
2025-07-11,Abbott India,ABBOTINDIA.NS,33170.9921875,3025,3025,https://finance.yahoo.com/quote/ABBOTINDIA.NS/
2025-07-14,Abbott India,ABBOTINDIA.NS,33050.52734375,2513,2513,https://finance.yahoo.com/quote/ABBOTINDIA.NS/
2025-07-15,Abbott India,ABBOTINDIA.NS,33031.25390625,4705,4705,https://finance.yahoo.com/quote/ABBOTINDIA.NS/
2025-07-16,Abbott India,ABBOTINDIA.NS,33036.0703125,3902,3902,https://finance.yahoo.com/quote/ABBOTINDIA.NS/
2025-07-17,Abbott India,ABBOTINDIA.NS,32925.24609375,4667,4667,https://finance.yahoo.com/quote/ABBOTINDIA.NS/
2025-07-18,Abbott India,ABBOTINDIA.NS,32886.6953125,4287,4287,https://finance.yahoo.com/quote/ABBOTINDIA.NS/
2025-07-21,Abbott India,ABBOTINDIA.NS,32848.14453125,2808,2808,https://finance.yahoo.com/quote/ABBOTINDIA.NS/
2025-07-22,Abbott India,ABBOTINDIA.NS,32891.515625,4044,4044,https://finance.yahoo.com/quote/ABBOTINDIA.NS/
2025-07-23,Abbott India,ABBOTINDIA.NS,33474.5625,7134,7134,https://finance.yahoo.com/quote/ABBOTINDIA.NS/
2025-07-24,Abbott India,ABBOTINDIA.NS,33325.1875,6926,6926,https://finance.yahoo.com/quote/ABBOTINDIA.NS/
2025-07-25,Abbott India,ABBOTINDIA.NS,33007.6171875,5504,5504,https://finance.yahoo.com/quote/ABBOTINDIA.NS/
2025-07-28,Abbott India,ABBOTINDIA.NS,32142.8515625,6363,6363,https://finance.yahoo.com/quote/ABBOTINDIA.NS/
2025-07-29,Abbott India,ABBOTINDIA.NS,33916.3515625,14011,14011,https://finance.yahoo.com/quote/ABBOTINDIA.NS/
2025-07-30,Abbott India,ABBOTINDIA.NS,34390.26171875,8866,8866,https://finance.yahoo.com/quote/ABBOTINDIA.NS/
2025-07-31,Abbott India,ABBOTINDIA.NS,33618.32421875,6195,6195,https://finance.yahoo.com/quote/ABBOTINDIA.NS/
2025-08-01,Abbott India,ABBOTINDIA.NS,32826.84765625,7114,7114,https://finance.yahoo.com/quote/ABBOTINDIA.NS/
2025-08-04,Abbott India,ABBOTINDIA.NS,33217.69921875,5526,5526,https://finance.yahoo.com/quote/ABBOTINDIA.NS/
2025-08-05,Abbott India,ABBOTINDIA.NS,32494.62109375,7996,7996,https://finance.yahoo.com/quote/ABBOTINDIA.NS/
2025-08-06,Abbott India,ABBOTINDIA.NS,31859.482421875,8725,8725,https://finance.yahoo.com/quote/ABBOTINDIA.NS/
2025-08-07,Abbott India,ABBOTINDIA.NS,31971.853515625,4237,4237,https://finance.yahoo.com/quote/ABBOTINDIA.NS/
2025-08-08,Abbott India,ABBOTINDIA.NS,32093.99609375,3019,3019,https://finance.yahoo.com/quote/ABBOTINDIA.NS/
2025-08-11,Abbott India,ABBOTINDIA.NS,32225.908203125,3041,3041,https://finance.yahoo.com/quote/ABBOTINDIA.NS/
2025-08-12,Abbott India,ABBOTINDIA.NS,31815.51171875,12077,12077,https://finance.yahoo.com/quote/ABBOTINDIA.NS/
2025-08-13,Abbott India,ABBOTINDIA.NS,32186.822265625,18236,18236,https://finance.yahoo.com/quote/ABBOTINDIA.NS/
2025-08-14,Abbott India,ABBOTINDIA.NS,32504.392578125,6346,6346,https://finance.yahoo.com/quote/ABBOTINDIA.NS/
2025-08-18,Abbott India,ABBOTINDIA.NS,31844.826171875,7265,7265,https://finance.yahoo.com/quote/ABBOTINDIA.NS/
2025-08-19,Abbott India,ABBOTINDIA.NS,32308.96484375,4813,4813,https://finance.yahoo.com/quote/ABBOTINDIA.NS/
2025-08-20,Abbott India,ABBOTINDIA.NS,31849.7109375,9480,9480,https://finance.yahoo.com/quote/ABBOTINDIA.NS/
2025-08-21,Abbott India,ABBOTINDIA.NS,31888.796875,3647,3647,https://finance.yahoo.com/quote/ABBOTINDIA.NS/
2025-08-22,Abbott India,ABBOTINDIA.NS,31146.173828125,6997,6997,https://finance.yahoo.com/quote/ABBOTINDIA.NS/
2025-08-25,Abbott India,ABBOTINDIA.NS,30799.291015625,6091,6091,https://finance.yahoo.com/quote/ABBOTINDIA.NS/
2025-08-26,Abbott India,ABBOTINDIA.NS,31155.9453125,10802,10802,https://finance.yahoo.com/quote/ABBOTINDIA.NS/
2025-08-28,Abbott India,ABBOTINDIA.NS,30755.3203125,8264,8264,https://finance.yahoo.com/quote/ABBOTINDIA.NS/
2025-08-29,Abbott India,ABBOTINDIA.NS,30760.20703125,4571,4571,https://finance.yahoo.com/quote/ABBOTINDIA.NS/
2025-09-01,Abbott India,ABBOTINDIA.NS,31395.34375,6106,6106,https://finance.yahoo.com/quote/ABBOTINDIA.NS/
2025-09-02,Abbott India,ABBOTINDIA.NS,31751.998046875,6945,6945,https://finance.yahoo.com/quote/ABBOTINDIA.NS/
2025-09-03,Abbott India,ABBOTINDIA.NS,31830.16796875,5036,5036,https://finance.yahoo.com/quote/ABBOTINDIA.NS/
2025-09-04,Abbott India,ABBOTINDIA.NS,31439.314453125,4023,4023,https://finance.yahoo.com/quote/ABBOTINDIA.NS/
2025-09-05,Abbott India,ABBOTINDIA.NS,30437.751953125,19273,19273,https://finance.yahoo.com/quote/ABBOTINDIA.NS/
2025-09-08,Abbott India,ABBOTINDIA.NS,30256.982421875,10998,10998,https://finance.yahoo.com/quote/ABBOTINDIA.NS/
2025-09-09,Abbott India,ABBOTINDIA.NS,29929.640625,6471,6471,https://finance.yahoo.com/quote/ABBOTINDIA.NS/
2025-09-10,Abbott India,ABBOTINDIA.NS,30540.3515625,20209,20209,https://finance.yahoo.com/quote/ABBOTINDIA.NS/
2025-09-11,Abbott India,ABBOTINDIA.NS,30266.75390625,13521,13521,https://finance.yahoo.com/quote/ABBOTINDIA.NS/
2025-09-12,Abbott India,ABBOTINDIA.NS,30271.638671875,6485,6485,https://finance.yahoo.com/quote/ABBOTINDIA.NS/
2025-09-15,Abbott India,ABBOTINDIA.NS,30203.23828125,5878,5878,https://finance.yahoo.com/quote/ABBOTINDIA.NS/
2025-09-16,Abbott India,ABBOTINDIA.NS,30222.78125,9676,9676,https://finance.yahoo.com/quote/ABBOTINDIA.NS/
2025-09-17,Abbott India,ABBOTINDIA.NS,30261.8671875,12984,12984,https://finance.yahoo.com/quote/ABBOTINDIA.NS/
2025-09-18,Abbott India,ABBOTINDIA.NS,30183.697265625,8509,8509,https://finance.yahoo.com/quote/ABBOTINDIA.NS/
2025-09-19,Abbott India,ABBOTINDIA.NS,29670.701171875,12743,12743,https://finance.yahoo.com/quote/ABBOTINDIA.NS/
2025-09-22,Abbott India,ABBOTINDIA.NS,29504.587890625,14233,14233,https://finance.yahoo.com/quote/ABBOTINDIA.NS/
2025-09-23,Abbott India,ABBOTINDIA.NS,29533.90234375,5182,5182,https://finance.yahoo.com/quote/ABBOTINDIA.NS/
2025-09-24,Abbott India,ABBOTINDIA.NS,29504.587890625,5501,5501,https://finance.yahoo.com/quote/ABBOTINDIA.NS/
2025-09-25,Abbott India,ABBOTINDIA.NS,29504.587890625,10296,10296,https://finance.yahoo.com/quote/ABBOTINDIA.NS/
2025-09-26,Abbott India,ABBOTINDIA.NS,29059.9921875,19046,19046,https://finance.yahoo.com/quote/ABBOTINDIA.NS/
2025-09-29,Abbott India,ABBOTINDIA.NS,28986.70703125,7034,7034,https://finance.yahoo.com/quote/ABBOTINDIA.NS/
2025-09-30,Abbott India,ABBOTINDIA.NS,28620.28125,9712,9712,https://finance.yahoo.com/quote/ABBOTINDIA.NS/
2025-10-01,Abbott India,ABBOTINDIA.NS,29206.5625,6603,6603,https://finance.yahoo.com/quote/ABBOTINDIA.NS/
2025-10-03,Abbott India,ABBOTINDIA.NS,29279.84765625,11200,11200,https://finance.yahoo.com/quote/ABBOTINDIA.NS/
2025-10-06,Abbott India,ABBOTINDIA.NS,29333.58984375,5596,5596,https://finance.yahoo.com/quote/ABBOTINDIA.NS/
2025-10-07,Abbott India,ABBOTINDIA.NS,29143.048828125,3935,3935,https://finance.yahoo.com/quote/ABBOTINDIA.NS/
2025-10-08,Abbott India,ABBOTINDIA.NS,29240.76171875,4745,4745,https://finance.yahoo.com/quote/ABBOTINDIA.NS/
2025-10-09,Abbott India,ABBOTINDIA.NS,29011.134765625,4723,4723,https://finance.yahoo.com/quote/ABBOTINDIA.NS/
2025-10-10,Abbott India,ABBOTINDIA.NS,29441.07421875,5450,5450,https://finance.yahoo.com/quote/ABBOTINDIA.NS/
2025-10-13,Abbott India,ABBOTINDIA.NS,29309.16015625,4735,4735,https://finance.yahoo.com/quote/ABBOTINDIA.NS/
2025-10-14,Abbott India,ABBOTINDIA.NS,29406.875,5863,5863,https://finance.yahoo.com/quote/ABBOTINDIA.NS/
2025-10-15,Abbott India,ABBOTINDIA.NS,29147.93359375,5191,5191,https://finance.yahoo.com/quote/ABBOTINDIA.NS/
2025-10-16,Abbott India,ABBOTINDIA.NS,29152.818359375,7864,7864,https://finance.yahoo.com/quote/ABBOTINDIA.NS/
2025-10-17,Abbott India,ABBOTINDIA.NS,29123.505859375,2856,2856,https://finance.yahoo.com/quote/ABBOTINDIA.NS/
2025-10-20,Abbott India,ABBOTINDIA.NS,29245.646484375,4662,4662,https://finance.yahoo.com/quote/ABBOTINDIA.NS/
2025-10-21,Abbott India,ABBOTINDIA.NS,29563.216796875,1347,1347,https://finance.yahoo.com/quote/ABBOTINDIA.NS/
2025-10-23,Abbott India,ABBOTINDIA.NS,29426.41796875,5189,5189,https://finance.yahoo.com/quote/ABBOTINDIA.NS/
2025-10-24,Abbott India,ABBOTINDIA.NS,29245.646484375,3338,3338,https://finance.yahoo.com/quote/ABBOTINDIA.NS/
2025-10-27,Abbott India,ABBOTINDIA.NS,29089.3046875,8027,8027,https://finance.yahoo.com/quote/ABBOTINDIA.NS/
2025-10-28,Abbott India,ABBOTINDIA.NS,29089.3046875,4208,4208,https://finance.yahoo.com/quote/ABBOTINDIA.NS/
2025-10-29,Abbott India,ABBOTINDIA.NS,29025.791015625,3975,3975,https://finance.yahoo.com/quote/ABBOTINDIA.NS/
2025-10-30,Abbott India,ABBOTINDIA.NS,28923.193359375,5536,5536,https://finance.yahoo.com/quote/ABBOTINDIA.NS/
2025-10-31,Abbott India,ABBOTINDIA.NS,28332.025390625,11671,11671,https://finance.yahoo.com/quote/ABBOTINDIA.NS/
2025-11-03,Abbott India,ABBOTINDIA.NS,28371.111328125,9064,9064,https://finance.yahoo.com/quote/ABBOTINDIA.NS/
2025-11-04,Abbott India,ABBOTINDIA.NS,28688.6796875,7561,7561,https://finance.yahoo.com/quote/ABBOTINDIA.NS/
2025-11-06,Abbott India,ABBOTINDIA.NS,28781.5078125,55284,55284,https://finance.yahoo.com/quote/ABBOTINDIA.NS/
2025-11-07,Abbott India,ABBOTINDIA.NS,28126.828125,9721,9721,https://finance.yahoo.com/quote/ABBOTINDIA.NS/
2025-11-10,Abbott India,ABBOTINDIA.NS,28830.365234375,7726,7726,https://finance.yahoo.com/quote/ABBOTINDIA.NS/
2025-11-11,Abbott India,ABBOTINDIA.NS,28874.3359375,4816,4816,https://finance.yahoo.com/quote/ABBOTINDIA.NS/
2025-11-12,Abbott India,ABBOTINDIA.NS,28893.87890625,4843,4843,https://finance.yahoo.com/quote/ABBOTINDIA.NS/
2025-11-13,Abbott India,ABBOTINDIA.NS,28893.87890625,4429,4429,https://finance.yahoo.com/quote/ABBOTINDIA.NS/
2025-11-14,Abbott India,ABBOTINDIA.NS,28669.13671875,9495,9495,https://finance.yahoo.com/quote/ABBOTINDIA.NS/
2025-11-17,Abbott India,ABBOTINDIA.NS,28884.107421875,8689,8689,https://finance.yahoo.com/quote/ABBOTINDIA.NS/
2025-11-18,Abbott India,ABBOTINDIA.NS,28986.70703125,5517,5517,https://finance.yahoo.com/quote/ABBOTINDIA.NS/
2025-11-19,Abbott India,ABBOTINDIA.NS,28854.79296875,10018,10018,https://finance.yahoo.com/quote/ABBOTINDIA.NS/
2025-11-20,Abbott India,ABBOTINDIA.NS,28908.53515625,5192,5192,https://finance.yahoo.com/quote/ABBOTINDIA.NS/
2025-11-21,Abbott India,ABBOTINDIA.NS,28898.763671875,4817,4817,https://finance.yahoo.com/quote/ABBOTINDIA.NS/
2025-11-24,Abbott India,ABBOTINDIA.NS,28996.478515625,5493,5493,https://finance.yahoo.com/quote/ABBOTINDIA.NS/
2025-11-25,Abbott India,ABBOTINDIA.NS,29514.359375,7914,7914,https://finance.yahoo.com/quote/ABBOTINDIA.NS/
2025-11-26,Abbott India,ABBOTINDIA.NS,29338.474609375,3918,3918,https://finance.yahoo.com/quote/ABBOTINDIA.NS/
2025-11-27,Abbott India,ABBOTINDIA.NS,28766.8515625,8428,8428,https://finance.yahoo.com/quote/ABBOTINDIA.NS/
2025-11-28,Abbott India,ABBOTINDIA.NS,29387.33203125,7939,7939,https://finance.yahoo.com/quote/ABBOTINDIA.NS/
2025-12-01,Abbott India,ABBOTINDIA.NS,29128.390625,8983,8983,https://finance.yahoo.com/quote/ABBOTINDIA.NS/
2025-12-02,Abbott India,ABBOTINDIA.NS,28571.423828125,8701,8701,https://finance.yahoo.com/quote/ABBOTINDIA.NS/
2025-12-03,Abbott India,ABBOTINDIA.NS,28229.427734375,11743,11743,https://finance.yahoo.com/quote/ABBOTINDIA.NS/
2025-12-04,Abbott India,ABBOTINDIA.NS,28190.341796875,6556,6556,https://finance.yahoo.com/quote/ABBOTINDIA.NS/
2025-12-05,Abbott India,ABBOTINDIA.NS,28283.169921875,8644,8644,https://finance.yahoo.com/quote/ABBOTINDIA.NS/
2025-12-08,Abbott India,ABBOTINDIA.NS,28068.19921875,12314,12314,https://finance.yahoo.com/quote/ABBOTINDIA.NS/
2025-12-09,Abbott India,ABBOTINDIA.NS,27433.0625,12732,12732,https://finance.yahoo.com/quote/ABBOTINDIA.NS/
2025-12-10,Abbott India,ABBOTINDIA.NS,27345.119140625,11892,11892,https://finance.yahoo.com/quote/ABBOTINDIA.NS/
2025-12-11,Abbott India,ABBOTINDIA.NS,27560.08984375,3130,3130,https://finance.yahoo.com/quote/ABBOTINDIA.NS/
2025-12-12,Abbott India,ABBOTINDIA.NS,27369.548828125,5059,5059,https://finance.yahoo.com/quote/ABBOTINDIA.NS/
2025-12-15,Abbott India,ABBOTINDIA.NS,27247.40625,4142,4142,https://finance.yahoo.com/quote/ABBOTINDIA.NS/
2025-12-16,Abbott India,ABBOTINDIA.NS,27169.236328125,2415,2415,https://finance.yahoo.com/quote/ABBOTINDIA.NS/
2025-12-17,Abbott India,ABBOTINDIA.NS,26998.236328125,2848,2848,https://finance.yahoo.com/quote/ABBOTINDIA.NS/
2025-12-18,Abbott India,ABBOTINDIA.NS,27340.234375,3873,3873,https://finance.yahoo.com/quote/ABBOTINDIA.NS/
2025-12-19,Abbott India,ABBOTINDIA.NS,27393.9765625,3745,3745,https://finance.yahoo.com/quote/ABBOTINDIA.NS/
2025-12-22,Abbott India,ABBOTINDIA.NS,27369.548828125,4844,4844,https://finance.yahoo.com/quote/ABBOTINDIA.NS/
2025-12-23,Abbott India,ABBOTINDIA.NS,27648.03125,6431,6431,https://finance.yahoo.com/quote/ABBOTINDIA.NS/
2025-12-24,Abbott India,ABBOTINDIA.NS,27863.001953125,22010,22010,https://finance.yahoo.com/quote/ABBOTINDIA.NS/
2025-12-26,Abbott India,ABBOTINDIA.NS,28244.083984375,3858,3858,https://finance.yahoo.com/quote/ABBOTINDIA.NS/
2025-12-29,Abbott India,ABBOTINDIA.NS,28244.083984375,20873,20873,https://finance.yahoo.com/quote/ABBOTINDIA.NS/
2025-12-30,Abbott India,ABBOTINDIA.NS,28024.228515625,21561,21561,https://finance.yahoo.com/quote/ABBOTINDIA.NS/
2025-12-31,Abbott India,ABBOTINDIA.NS,28361.33984375,5558,5558,https://finance.yahoo.com/quote/ABBOTINDIA.NS/
2026-01-01,Abbott India,ABBOTINDIA.NS,27833.6875,3948,3948,https://finance.yahoo.com/quote/ABBOTINDIA.NS/
2026-01-02,Abbott India,ABBOTINDIA.NS,27481.91796875,10295,10295,https://finance.yahoo.com/quote/ABBOTINDIA.NS/
2026-01-05,Abbott India,ABBOTINDIA.NS,27511.232421875,3129,3129,https://finance.yahoo.com/quote/ABBOTINDIA.NS/
2026-01-06,Abbott India,ABBOTINDIA.NS,27789.716796875,8996,8996,https://finance.yahoo.com/quote/ABBOTINDIA.NS/
2026-01-07,Abbott India,ABBOTINDIA.NS,27833.6875,5385,5385,https://finance.yahoo.com/quote/ABBOTINDIA.NS/
2026-01-08,Abbott India,ABBOTINDIA.NS,27692.001953125,2884,2884,https://finance.yahoo.com/quote/ABBOTINDIA.NS/
2026-01-09,Abbott India,ABBOTINDIA.NS,27452.60546875,11568,11568,https://finance.yahoo.com/quote/ABBOTINDIA.NS/
2026-01-12,Abbott India,ABBOTINDIA.NS,27731.087890625,5889,5889,https://finance.yahoo.com/quote/ABBOTINDIA.NS/
2026-01-13,Abbott India,ABBOTINDIA.NS,27447.71875,3869,3869,https://finance.yahoo.com/quote/ABBOTINDIA.NS/
2026-01-14,Abbott India,ABBOTINDIA.NS,27242.521484375,4218,4218,https://finance.yahoo.com/quote/ABBOTINDIA.NS/
2026-01-15,Abbott India,ABBOTINDIA.NS,27242.521484375,0,0,https://finance.yahoo.com/quote/ABBOTINDIA.NS/
2026-01-16,Abbott India,ABBOTINDIA.NS,27120.37890625,3983,3983,https://finance.yahoo.com/quote/ABBOTINDIA.NS/
2026-01-19,Abbott India,ABBOTINDIA.NS,27115.4921875,3254,3254,https://finance.yahoo.com/quote/ABBOTINDIA.NS/
2026-01-20,Abbott India,ABBOTINDIA.NS,26587.83984375,4656,4656,https://finance.yahoo.com/quote/ABBOTINDIA.NS/
2026-01-21,Abbott India,ABBOTINDIA.NS,26944.494140625,3881,3881,https://finance.yahoo.com/quote/ABBOTINDIA.NS/
2026-01-22,Abbott India,ABBOTINDIA.NS,27091.064453125,2237,2237,https://finance.yahoo.com/quote/ABBOTINDIA.NS/
2026-01-23,Abbott India,ABBOTINDIA.NS,27144.806640625,3524,3524,https://finance.yahoo.com/quote/ABBOTINDIA.NS/
2026-01-27,Abbott India,ABBOTINDIA.NS,27051.978515625,4631,4631,https://finance.yahoo.com/quote/ABBOTINDIA.NS/
2026-01-28,Abbott India,ABBOTINDIA.NS,26978.693359375,3515,3515,https://finance.yahoo.com/quote/ABBOTINDIA.NS/
2026-01-29,Abbott India,ABBOTINDIA.NS,26025.98828125,14774,14774,https://finance.yahoo.com/quote/ABBOTINDIA.NS/
2026-01-30,Abbott India,ABBOTINDIA.NS,26934.72265625,17026,17026,https://finance.yahoo.com/quote/ABBOTINDIA.NS/
2026-02-02,Abbott India,ABBOTINDIA.NS,26700.2109375,6255,6255,https://finance.yahoo.com/quote/ABBOTINDIA.NS/
2026-02-03,Abbott India,ABBOTINDIA.NS,26265.384765625,10469,10469,https://finance.yahoo.com/quote/ABBOTINDIA.NS/
2026-02-04,Abbott India,ABBOTINDIA.NS,26480.35546875,7911,7911,https://finance.yahoo.com/quote/ABBOTINDIA.NS/
2026-02-05,Abbott India,ABBOTINDIA.NS,26592.7265625,3371,3371,https://finance.yahoo.com/quote/ABBOTINDIA.NS/
2026-02-06,Abbott India,ABBOTINDIA.NS,26739.296875,4095,4095,https://finance.yahoo.com/quote/ABBOTINDIA.NS/
2026-02-09,Abbott India,ABBOTINDIA.NS,26851.666015625,10042,10042,https://finance.yahoo.com/quote/ABBOTINDIA.NS/
2026-02-10,Abbott India,ABBOTINDIA.NS,26670.896484375,10501,10501,https://finance.yahoo.com/quote/ABBOTINDIA.NS/
2026-02-11,Abbott India,ABBOTINDIA.NS,26299.5859375,9404,9404,https://finance.yahoo.com/quote/ABBOTINDIA.NS/
2026-02-12,Abbott India,ABBOTINDIA.NS,26050.416015625,14882,14882,https://finance.yahoo.com/quote/ABBOTINDIA.NS/
2026-02-13,Abbott India,ABBOTINDIA.NS,25854.98828125,6553,6553,https://finance.yahoo.com/quote/ABBOTINDIA.NS/
2026-02-16,Abbott India,ABBOTINDIA.NS,25688.876953125,4779,4779,https://finance.yahoo.com/quote/ABBOTINDIA.NS/
2026-02-17,Abbott India,ABBOTINDIA.NS,26011.330078125,8453,8453,https://finance.yahoo.com/quote/ABBOTINDIA.NS/
2026-02-18,Abbott India,ABBOTINDIA.NS,25854.98828125,7659,7659,https://finance.yahoo.com/quote/ABBOTINDIA.NS/
2026-02-19,Abbott India,ABBOTINDIA.NS,25791.474609375,4981,4981,https://finance.yahoo.com/quote/ABBOTINDIA.NS/
2026-02-20,Abbott India,ABBOTINDIA.NS,25693.76171875,7695,7695,https://finance.yahoo.com/quote/ABBOTINDIA.NS/
2026-02-23,Abbott India,ABBOTINDIA.NS,25864.759765625,4509,4509,https://finance.yahoo.com/quote/ABBOTINDIA.NS/
2026-02-24,Abbott India,ABBOTINDIA.NS,25762.162109375,1960,1960,https://finance.yahoo.com/quote/ABBOTINDIA.NS/
2026-02-25,Abbott India,ABBOTINDIA.NS,25806.1328125,5546,5546,https://finance.yahoo.com/quote/ABBOTINDIA.NS/
2026-02-26,Abbott India,ABBOTINDIA.NS,25752.390625,1908,1908,https://finance.yahoo.com/quote/ABBOTINDIA.NS/
2026-02-27,Abbott India,ABBOTINDIA.NS,25923.388671875,7169,7169,https://finance.yahoo.com/quote/ABBOTINDIA.NS/
2026-03-02,Abbott India,ABBOTINDIA.NS,26192.099609375,12530,12530,https://finance.yahoo.com/quote/ABBOTINDIA.NS/
2026-03-04,Abbott India,ABBOTINDIA.NS,27188.77734375,25338,25338,https://finance.yahoo.com/quote/ABBOTINDIA.NS/
2026-03-05,Abbott India,ABBOTINDIA.NS,26983.580078125,18832,18832,https://finance.yahoo.com/quote/ABBOTINDIA.NS/
2026-03-06,Abbott India,ABBOTINDIA.NS,26700.2109375,6061,6061,https://finance.yahoo.com/quote/ABBOTINDIA.NS/
2026-03-09,Abbott India,ABBOTINDIA.NS,26563.412109375,6395,6395,https://finance.yahoo.com/quote/ABBOTINDIA.NS/
2026-03-10,Abbott India,ABBOTINDIA.NS,26196.986328125,9965,9965,https://finance.yahoo.com/quote/ABBOTINDIA.NS/
2026-03-11,Abbott India,ABBOTINDIA.NS,26578.068359375,9145,9145,https://finance.yahoo.com/quote/ABBOTINDIA.NS/
2026-03-12,Abbott India,ABBOTINDIA.NS,26074.84375,6590,6590,https://finance.yahoo.com/quote/ABBOTINDIA.NS/
2026-03-13,Abbott India,ABBOTINDIA.NS,26343.556640625,7310,7310,https://finance.yahoo.com/quote/ABBOTINDIA.NS/
2026-03-16,Abbott India,ABBOTINDIA.NS,26060.1875,9442,9442,https://finance.yahoo.com/quote/ABBOTINDIA.NS/
2026-03-17,Abbott India,ABBOTINDIA.NS,25845.216796875,5175,5175,https://finance.yahoo.com/quote/ABBOTINDIA.NS/
2026-03-18,Abbott India,ABBOTINDIA.NS,25771.931640625,8384,8384,https://finance.yahoo.com/quote/ABBOTINDIA.NS/
2026-03-19,Abbott India,ABBOTINDIA.NS,25908.73046875,9265,9265,https://finance.yahoo.com/quote/ABBOTINDIA.NS/
2026-03-20,Abbott India,ABBOTINDIA.NS,26104.158203125,5188,5188,https://finance.yahoo.com/quote/ABBOTINDIA.NS/
2026-03-23,Abbott India,ABBOTINDIA.NS,24902.283203125,15029,15029,https://finance.yahoo.com/quote/ABBOTINDIA.NS/
2026-03-24,Abbott India,ABBOTINDIA.NS,26187.21484375,14823,14823,https://finance.yahoo.com/quote/ABBOTINDIA.NS/
2026-03-25,Abbott India,ABBOTINDIA.NS,25801.24609375,9078,9078,https://finance.yahoo.com/quote/ABBOTINDIA.NS/
2026-03-27,Abbott India,ABBOTINDIA.NS,25537.419921875,9729,9729,https://finance.yahoo.com/quote/ABBOTINDIA.NS/
2026-03-30,Abbott India,ABBOTINDIA.NS,25322.451171875,23537,23537,https://finance.yahoo.com/quote/ABBOTINDIA.NS/
2026-04-01,Abbott India,ABBOTINDIA.NS,25884.302734375,6360,6360,https://finance.yahoo.com/quote/ABBOTINDIA.NS/
2026-04-02,Abbott India,ABBOTINDIA.NS,25683.990234375,4065,4065,https://finance.yahoo.com/quote/ABBOTINDIA.NS/
2026-04-06,Abbott India,ABBOTINDIA.NS,25302.908203125,8267,8267,https://finance.yahoo.com/quote/ABBOTINDIA.NS/
2026-04-07,Abbott India,ABBOTINDIA.NS,25078.166015625,5275,5275,https://finance.yahoo.com/quote/ABBOTINDIA.NS/
2026-04-08,Abbott India,ABBOTINDIA.NS,25258.9375,9402,9402,https://finance.yahoo.com/quote/ABBOTINDIA.NS/
2026-04-09,Abbott India,ABBOTINDIA.NS,25190.537109375,10072,10072,https://finance.yahoo.com/quote/ABBOTINDIA.NS/
2026-04-10,Abbott India,ABBOTINDIA.NS,25190.537109375,9771,9771,https://finance.yahoo.com/quote/ABBOTINDIA.NS/
2026-04-13,Abbott India,ABBOTINDIA.NS,25136.794921875,6904,6904,https://finance.yahoo.com/quote/ABBOTINDIA.NS/
2026-04-15,Abbott India,ABBOTINDIA.NS,25381.078125,15735,15735,https://finance.yahoo.com/quote/ABBOTINDIA.NS/
2026-04-16,Abbott India,ABBOTINDIA.NS,25268.708984375,6973,6973,https://finance.yahoo.com/quote/ABBOTINDIA.NS/
2026-04-17,Abbott India,ABBOTINDIA.NS,25195.423828125,15053,15053,https://finance.yahoo.com/quote/ABBOTINDIA.NS/
2026-04-20,Abbott India,ABBOTINDIA.NS,24965.796875,14619,14619,https://finance.yahoo.com/quote/ABBOTINDIA.NS/
2026-04-21,Abbott India,ABBOTINDIA.NS,24804.568359375,12807,12807,https://finance.yahoo.com/quote/ABBOTINDIA.NS/
2026-04-22,Abbott India,ABBOTINDIA.NS,24838.76953125,42549,42549,https://finance.yahoo.com/quote/ABBOTINDIA.NS/
2026-04-23,Abbott India,ABBOTINDIA.NS,24828.998046875,10085,10085,https://finance.yahoo.com/quote/ABBOTINDIA.NS/
2026-04-24,Abbott India,ABBOTINDIA.NS,24604.255859375,7767,7767,https://finance.yahoo.com/quote/ABBOTINDIA.NS/
2026-04-27,Abbott India,ABBOTINDIA.NS,24843.654296875,50411,50411,https://finance.yahoo.com/quote/ABBOTINDIA.NS/
2026-04-28,Abbott India,ABBOTINDIA.NS,24765.484375,8029,8029,https://finance.yahoo.com/quote/ABBOTINDIA.NS/
2026-04-29,Abbott India,ABBOTINDIA.NS,24892.51171875,7212,7212,https://finance.yahoo.com/quote/ABBOTINDIA.NS/
2026-04-30,Abbott India,ABBOTINDIA.NS,24853.42578125,4669,4669,https://finance.yahoo.com/quote/ABBOTINDIA.NS/
2026-05-01,Abbott India,ABBOTINDIA.NS,24853.42578125,0,0,https://finance.yahoo.com/quote/ABBOTINDIA.NS/
2026-05-04,Abbott India,ABBOTINDIA.NS,24833.8828125,13700,13700,https://finance.yahoo.com/quote/ABBOTINDIA.NS/
2026-05-05,Abbott India,ABBOTINDIA.NS,24726.3984375,9490,9490,https://finance.yahoo.com/quote/ABBOTINDIA.NS/
2026-05-06,Abbott India,ABBOTINDIA.NS,25698.646484375,17912,17912,https://finance.yahoo.com/quote/ABBOTINDIA.NS/
2026-05-07,Abbott India,ABBOTINDIA.NS,26089.501953125,27578,27578,https://finance.yahoo.com/quote/ABBOTINDIA.NS/
2026-05-08,Abbott India,ABBOTINDIA.NS,26089.501953125,11131,11131,https://finance.yahoo.com/quote/ABBOTINDIA.NS/
2026-05-11,Abbott India,ABBOTINDIA.NS,27159.46484375,39207,39207,https://finance.yahoo.com/quote/ABBOTINDIA.NS/
2026-05-12,Abbott India,ABBOTINDIA.NS,26284.927734375,18760,18760,https://finance.yahoo.com/quote/ABBOTINDIA.NS/
2026-05-13,Abbott India,ABBOTINDIA.NS,26656.240234375,15814,15814,https://finance.yahoo.com/quote/ABBOTINDIA.NS/
2026-05-14,Abbott India,ABBOTINDIA.NS,26890.751953125,9543,9543,https://finance.yahoo.com/quote/ABBOTINDIA.NS/
2026-05-15,Abbott India,ABBOTINDIA.NS,27301.1484375,11584,11584,https://finance.yahoo.com/quote/ABBOTINDIA.NS/
2026-05-18,Abbott India,ABBOTINDIA.NS,27286.4921875,12613,12613,https://finance.yahoo.com/quote/ABBOTINDIA.NS/
2026-05-19,Abbott India,ABBOTINDIA.NS,27159.46484375,5009,5009,https://finance.yahoo.com/quote/ABBOTINDIA.NS/
2026-05-20,Abbott India,ABBOTINDIA.NS,26817.466796875,5283,5283,https://finance.yahoo.com/quote/ABBOTINDIA.NS/
2026-05-21,Abbott India,ABBOTINDIA.NS,27081.29296875,6955,6955,https://finance.yahoo.com/quote/ABBOTINDIA.NS/
2026-05-22,Abbott India,ABBOTINDIA.NS,27193.6640625,8815,8815,https://finance.yahoo.com/quote/ABBOTINDIA.NS/
2026-05-25,Abbott India,ABBOTINDIA.NS,27071.521484375,11197,11197,https://finance.yahoo.com/quote/ABBOTINDIA.NS/
2026-05-26,Abbott India,ABBOTINDIA.NS,26978.693359375,14422,14422,https://finance.yahoo.com/quote/ABBOTINDIA.NS/
2026-05-27,Abbott India,ABBOTINDIA.NS,27100.8359375,5170,5170,https://finance.yahoo.com/quote/ABBOTINDIA.NS/
2026-05-28,Abbott India,ABBOTINDIA.NS,27100.8359375,0,0,https://finance.yahoo.com/quote/ABBOTINDIA.NS/
2026-05-29,Abbott India,ABBOTINDIA.NS,26240.95703125,10979,10979,https://finance.yahoo.com/quote/ABBOTINDIA.NS/
2026-06-01,Abbott India,ABBOTINDIA.NS,26226.30078125,7107,7107,https://finance.yahoo.com/quote/ABBOTINDIA.NS/
2026-06-02,Abbott India,ABBOTINDIA.NS,25693.76171875,6596,6596,https://finance.yahoo.com/quote/ABBOTINDIA.NS/
2026-06-03,Abbott India,ABBOTINDIA.NS,25688.876953125,4849,4849,https://finance.yahoo.com/quote/ABBOTINDIA.NS/
2026-06-04,Abbott India,ABBOTINDIA.NS,25229.623046875,8812,8812,https://finance.yahoo.com/quote/ABBOTINDIA.NS/
2026-06-05,Abbott India,ABBOTINDIA.NS,25439.70703125,3619,3619,https://finance.yahoo.com/quote/ABBOTINDIA.NS/
2026-06-08,Abbott India,ABBOTINDIA.NS,25190.537109375,3868,3868,https://finance.yahoo.com/quote/ABBOTINDIA.NS/
2026-06-09,Abbott India,ABBOTINDIA.NS,25508.10546875,11204,11204,https://finance.yahoo.com/quote/ABBOTINDIA.NS/
2026-06-10,Abbott India,ABBOTINDIA.NS,25850.103515625,9513,9513,https://finance.yahoo.com/quote/ABBOTINDIA.NS/
2026-06-11,Abbott India,ABBOTINDIA.NS,25469.021484375,7015,7015,https://finance.yahoo.com/quote/ABBOTINDIA.NS/
2026-06-12,Abbott India,ABBOTINDIA.NS,25679.10546875,9732,9732,https://finance.yahoo.com/quote/ABBOTINDIA.NS/
2026-06-15,Abbott India,ABBOTINDIA.NS,25654.67578125,5922,5922,https://finance.yahoo.com/quote/ABBOTINDIA.NS/
2026-06-16,Abbott India,ABBOTINDIA.NS,25503.220703125,10005,10005,https://finance.yahoo.com/quote/ABBOTINDIA.NS/
2026-06-17,Abbott India,ABBOTINDIA.NS,25361.53515625,8598,8598,https://finance.yahoo.com/quote/ABBOTINDIA.NS/
2026-06-18,Abbott India,ABBOTINDIA.NS,25547.19140625,7473,7473,https://finance.yahoo.com/quote/ABBOTINDIA.NS/
2026-06-19,Abbott India,ABBOTINDIA.NS,25615.591796875,7740,7740,https://finance.yahoo.com/quote/ABBOTINDIA.NS/
2026-06-22,Abbott India,ABBOTINDIA.NS,25469.021484375,6568,6568,https://finance.yahoo.com/quote/ABBOTINDIA.NS/
2026-06-23,Abbott India,ABBOTINDIA.NS,24985.33984375,24911,24911,https://finance.yahoo.com/quote/ABBOTINDIA.NS/
2026-06-24,Abbott India,ABBOTINDIA.NS,25009.767578125,7176,7176,https://finance.yahoo.com/quote/ABBOTINDIA.NS/
2026-06-25,Abbott India,ABBOTINDIA.NS,24999.99609375,13175,13175,https://finance.yahoo.com/quote/ABBOTINDIA.NS/
2026-06-26,Abbott India,ABBOTINDIA.NS,24999.99609375,0,0,https://finance.yahoo.com/quote/ABBOTINDIA.NS/
2026-06-29,Abbott India,ABBOTINDIA.NS,24716.626953125,22221,22221,https://finance.yahoo.com/quote/ABBOTINDIA.NS/
2026-06-30,Abbott India,ABBOTINDIA.NS,24858.310546875,10622,10622,https://finance.yahoo.com/quote/ABBOTINDIA.NS/
2026-07-01,Abbott India,ABBOTINDIA.NS,24965.796875,18752,18752,https://finance.yahoo.com/quote/ABBOTINDIA.NS/
2026-07-02,Abbott India,ABBOTINDIA.NS,25136.794921875,4925,4925,https://finance.yahoo.com/quote/ABBOTINDIA.NS/
2026-07-03,Abbott India,ABBOTINDIA.NS,25302.908203125,21108,21108,https://finance.yahoo.com/quote/ABBOTINDIA.NS/
2026-07-06,Abbott India,ABBOTINDIA.NS,26245.84375,28228,28228,https://finance.yahoo.com/quote/ABBOTINDIA.NS/
2026-07-07,Abbott India,ABBOTINDIA.NS,26113.9296875,6926,6926,https://finance.yahoo.com/quote/ABBOTINDIA.NS/
2026-07-08,Abbott India,ABBOTINDIA.NS,25644.904296875,5245,5245,https://finance.yahoo.com/quote/ABBOTINDIA.NS/
2026-07-09,Abbott India,ABBOTINDIA.NS,26157.900390625,24860,24860,https://finance.yahoo.com/quote/ABBOTINDIA.NS/
2026-07-10,Abbott India,ABBOTINDIA.NS,26543.869140625,16821,16821,https://finance.yahoo.com/quote/ABBOTINDIA.NS/
2026-07-13,Abbott India,ABBOTINDIA.NS,26768.609375,10100,10100,https://finance.yahoo.com/quote/ABBOTINDIA.NS/
2026-07-14,Abbott India,ABBOTINDIA.NS,26871.208984375,20023,20023,https://finance.yahoo.com/quote/ABBOTINDIA.NS/
2026-07-15,Abbott India,ABBOTINDIA.NS,27008.0078125,8698,8698,https://finance.yahoo.com/quote/ABBOTINDIA.NS/
2026-07-16,Abbott India,ABBOTINDIA.NS,27232.75,8282,8282,https://finance.yahoo.com/quote/ABBOTINDIA.NS/
2026-07-17,Abbott India,ABBOTINDIA.NS,27413.51953125,11100,11100,https://finance.yahoo.com/quote/ABBOTINDIA.NS/
2026-07-20,Abbott India,ABBOTINDIA.NS,27628.48828125,8865,8865,https://finance.yahoo.com/quote/ABBOTINDIA.NS/
2026-07-21,Abbott India,ABBOTINDIA.NS,28141.484375,16852,16852,https://finance.yahoo.com/quote/ABBOTINDIA.NS/
2026-07-22,Abbott India,ABBOTINDIA.NS,28239.197265625,21902,21902,https://finance.yahoo.com/quote/ABBOTINDIA.NS/
2026-07-23,Abbott India,ABBOTINDIA.NS,28034.0,20311,20311,https://finance.yahoo.com/quote/ABBOTINDIA.NS/
2026-07-24,Abbott India,ABBOTINDIA.NS,28005.0,10811,10811,https://finance.yahoo.com/quote/ABBOTINDIA.NS/
2026-07-27,Abbott India,ABBOTINDIA.NS,27800.0,6597,6597,https://finance.yahoo.com/quote/ABBOTINDIA.NS/
2026-07-28,Abbott India,ABBOTINDIA.NS,27905.0,6560,6560,https://finance.yahoo.com/quote/ABBOTINDIA.NS/
2026-07-29,Abbott India,ABBOTINDIA.NS,27745.0,9930,9930,https://finance.yahoo.com/quote/ABBOTINDIA.NS/
2026-07-30,Abbott India,ABBOTINDIA.NS,27555.0,3567,3567,https://finance.yahoo.com/quote/ABBOTINDIA.NS/
2026-07-31,Abbott India,ABBOTINDIA.NS,27800.0,6208,6208,https://finance.yahoo.com/quote/ABBOTINDIA.NS/
2026-08-03,Abbott India,ABBOTINDIA.NS,27895.0,9455,9455,https://finance.yahoo.com/quote/ABBOTINDIA.NS/
2026-08-04,Abbott India,ABBOTINDIA.NS,27825.0,2409,2409,https://finance.yahoo.com/quote/ABBOTINDIA.NS/
2026-08-05,Abbott India,ABBOTINDIA.NS,27785.0,3483,3483,https://finance.yahoo.com/quote/ABBOTINDIA.NS/
2026-08-06,Abbott India,ABBOTINDIA.NS,27855.0,6071,6071,https://finance.yahoo.com/quote/ABBOTINDIA.NS/
2026-08-07,Abbott India,ABBOTINDIA.NS,27835.0,7629,7629,https://finance.yahoo.com/quote/ABBOTINDIA.NS/
2026-08-10,Abbott India,ABBOTINDIA.NS,27535.0,3817,3817,https://finance.yahoo.com/quote/ABBOTINDIA.NS/
2026-08-11,Abbott India,ABBOTINDIA.NS,28020.0,8470,8470,https://finance.yahoo.com/quote/ABBOTINDIA.NS/
2026-08-12,Abbott India,ABBOTINDIA.NS,28140.0,11910,11910,https://finance.yahoo.com/quote/ABBOTINDIA.NS/
2026-08-13,Abbott India,ABBOTINDIA.NS,27620.0,34092,34092,https://finance.yahoo.com/quote/ABBOTINDIA.NS/
2026-08-14,Abbott India,ABBOTINDIA.NS,27060.0,18516,18516,https://finance.yahoo.com/quote/ABBOTINDIA.NS/
2026-08-17,Abbott India,ABBOTINDIA.NS,26905.0,11190,11190,https://finance.yahoo.com/quote/ABBOTINDIA.NS/
2026-08-18,Abbott India,ABBOTINDIA.NS,26580.0,4509,4509,https://finance.yahoo.com/quote/ABBOTINDIA.NS/
2026-08-19,Abbott India,ABBOTINDIA.NS,26405.0,7485,7485,https://finance.yahoo.com/quote/ABBOTINDIA.NS/
2026-08-20,Abbott India,ABBOTINDIA.NS,26120.0,7487,7487,https://finance.yahoo.com/quote/ABBOTINDIA.NS/
2026-08-21,Abbott India,ABBOTINDIA.NS,26230.0,8779,8779,https://finance.yahoo.com/quote/ABBOTINDIA.NS/
2026-08-24,Abbott India,ABBOTINDIA.NS,26420.0,10305,10305,https://finance.yahoo.com/quote/ABBOTINDIA.NS/
2026-08-25,Abbott India,ABBOTINDIA.NS,26415.0,10984,10984,https://finance.yahoo.com/quote/ABBOTINDIA.NS/
2026-08-26,Abbott India,ABBOTINDIA.NS,26555.0,6271,6271,https://finance.yahoo.com/quote/ABBOTINDIA.NS/
2026-08-27,Abbott India,ABBOTINDIA.NS,26350.0,4712,4712,https://finance.yahoo.com/quote/ABBOTINDIA.NS/
2026-08-28,Abbott India,ABBOTINDIA.NS,26175.0,6550,6550,https://finance.yahoo.com/quote/ABBOTINDIA.NS/
2026-08-31,Abbott India,ABBOTINDIA.NS,25850.0,6684,6684,https://finance.yahoo.com/quote/ABBOTINDIA.NS/
2026-09-01,Abbott India,ABBOTINDIA.NS,26135.0,8754,8754,https://finance.yahoo.com/quote/ABBOTINDIA.NS/
2026-09-02,Abbott India,ABBOTINDIA.NS,26045.0,7827,7827,https://finance.yahoo.com/quote/ABBOTINDIA.NS/
2026-09-03,Abbott India,ABBOTINDIA.NS,25945.0,3151,3151,https://finance.yahoo.com/quote/ABBOTINDIA.NS/
2026-09-04,Abbott India,ABBOTINDIA.NS,26065.0,8803,8803,https://finance.yahoo.com/quote/ABBOTINDIA.NS/
2026-09-07,Abbott India,ABBOTINDIA.NS,25940.0,5392,5392,https://finance.yahoo.com/quote/ABBOTINDIA.NS/
2026-09-08,Abbott India,ABBOTINDIA.NS,25555.0,11086,11086,https://finance.yahoo.com/quote/ABBOTINDIA.NS/
2026-09-09,Abbott India,ABBOTINDIA.NS,25225.0,6053,6053,https://finance.yahoo.com/quote/ABBOTINDIA.NS/
2026-09-10,Abbott India,ABBOTINDIA.NS,25260.0,7222,7222,https://finance.yahoo.com/quote/ABBOTINDIA.NS/
2026-09-11,Abbott India,ABBOTINDIA.NS,25550.0,9615,9615,https://finance.yahoo.com/quote/ABBOTINDIA.NS/
2026-09-15,Abbott India,ABBOTINDIA.NS,26125.0,10732,10732,https://finance.yahoo.com/quote/ABBOTINDIA.NS/
2026-09-16,Abbott India,ABBOTINDIA.NS,26125.0,5678,5678,https://finance.yahoo.com/quote/ABBOTINDIA.NS/
2026-09-17,Abbott India,ABBOTINDIA.NS,25910.0,5141,5141,https://finance.yahoo.com/quote/ABBOTINDIA.NS/
2026-09-18,Abbott India,ABBOTINDIA.NS,27270.0,38339,38339,https://finance.yahoo.com/quote/ABBOTINDIA.NS/
2026-09-21,Abbott India,ABBOTINDIA.NS,26960.0,7355,7355,https://finance.yahoo.com/quote/ABBOTINDIA.NS/
2026-09-22,Abbott India,ABBOTINDIA.NS,27225.0,4434,4434,https://finance.yahoo.com/quote/ABBOTINDIA.NS/
2026-09-23,Abbott India,ABBOTINDIA.NS,26935.0,4547,4547,https://finance.yahoo.com/quote/ABBOTINDIA.NS/
2026-09-24,Abbott India,ABBOTINDIA.NS,26860.0,4496,4496,https://finance.yahoo.com/quote/ABBOTINDIA.NS/
2026-09-25,Abbott India,ABBOTINDIA.NS,26955.0,2263,2263,https://finance.yahoo.com/quote/ABBOTINDIA.NS/
2026-09-28,Abbott India,ABBOTINDIA.NS,26740.0,5515,5515,https://finance.yahoo.com/quote/ABBOTINDIA.NS/
2026-09-29,Abbott India,ABBOTINDIA.NS,27270.0,20582,20582,https://finance.yahoo.com/quote/ABBOTINDIA.NS/
2026-09-30,Abbott India,ABBOTINDIA.NS,27125.0,5645,5645,https://finance.yahoo.com/quote/ABBOTINDIA.NS/
2026-10-01,Abbott India,ABBOTINDIA.NS,26840.0,6879,6879,https://finance.yahoo.com/quote/ABBOTINDIA.NS/
2025-04-02,Ajanta Pharma,AJANTPHARM.NS,2565.212646484375,51287,51287,https://finance.yahoo.com/quote/AJANTPHARM.NS/
2025-04-03,Ajanta Pharma,AJANTPHARM.NS,2568.544189453125,103472,103472,https://finance.yahoo.com/quote/AJANTPHARM.NS/
2025-04-04,Ajanta Pharma,AJANTPHARM.NS,2435.3720703125,123175,123175,https://finance.yahoo.com/quote/AJANTPHARM.NS/
2025-04-07,Ajanta Pharma,AJANTPHARM.NS,2326.79541015625,64202,64202,https://finance.yahoo.com/quote/AJANTPHARM.NS/
2025-04-08,Ajanta Pharma,AJANTPHARM.NS,2444.632080078125,158746,158746,https://finance.yahoo.com/quote/AJANTPHARM.NS/
2025-04-09,Ajanta Pharma,AJANTPHARM.NS,2420.574951171875,44392,44392,https://finance.yahoo.com/quote/AJANTPHARM.NS/
2025-04-11,Ajanta Pharma,AJANTPHARM.NS,2513.9130859375,89159,89159,https://finance.yahoo.com/quote/AJANTPHARM.NS/
2025-04-15,Ajanta Pharma,AJANTPHARM.NS,2570.55322265625,77041,77041,https://finance.yahoo.com/quote/AJANTPHARM.NS/
2025-04-16,Ajanta Pharma,AJANTPHARM.NS,2582.116455078125,79475,79475,https://finance.yahoo.com/quote/AJANTPHARM.NS/
2025-04-17,Ajanta Pharma,AJANTPHARM.NS,2640.520263671875,96775,96775,https://finance.yahoo.com/quote/AJANTPHARM.NS/
2025-04-21,Ajanta Pharma,AJANTPHARM.NS,2625.429443359375,44724,44724,https://finance.yahoo.com/quote/AJANTPHARM.NS/
2025-04-22,Ajanta Pharma,AJANTPHARM.NS,2628.46728515625,60681,60681,https://finance.yahoo.com/quote/AJANTPHARM.NS/
2025-04-23,Ajanta Pharma,AJANTPHARM.NS,2634.9345703125,63584,63584,https://finance.yahoo.com/quote/AJANTPHARM.NS/
2025-04-24,Ajanta Pharma,AJANTPHARM.NS,2734.3974609375,239353,239353,https://finance.yahoo.com/quote/AJANTPHARM.NS/
2025-04-25,Ajanta Pharma,AJANTPHARM.NS,2622.293701171875,68055,68055,https://finance.yahoo.com/quote/AJANTPHARM.NS/
2025-04-28,Ajanta Pharma,AJANTPHARM.NS,2719.502685546875,160215,160215,https://finance.yahoo.com/quote/AJANTPHARM.NS/
2025-04-29,Ajanta Pharma,AJANTPHARM.NS,2710.29150390625,78754,78754,https://finance.yahoo.com/quote/AJANTPHARM.NS/
2025-04-30,Ajanta Pharma,AJANTPHARM.NS,2651.789794921875,96395,96395,https://finance.yahoo.com/quote/AJANTPHARM.NS/
2025-05-02,Ajanta Pharma,AJANTPHARM.NS,2538.9013671875,132372,132372,https://finance.yahoo.com/quote/AJANTPHARM.NS/
2025-05-05,Ajanta Pharma,AJANTPHARM.NS,2534.68798828125,41891,41891,https://finance.yahoo.com/quote/AJANTPHARM.NS/
2025-05-06,Ajanta Pharma,AJANTPHARM.NS,2450.51171875,114913,114913,https://finance.yahoo.com/quote/AJANTPHARM.NS/
2025-05-07,Ajanta Pharma,AJANTPHARM.NS,2447.767822265625,68546,68546,https://finance.yahoo.com/quote/AJANTPHARM.NS/
2025-05-08,Ajanta Pharma,AJANTPHARM.NS,2468.542724609375,75635,75635,https://finance.yahoo.com/quote/AJANTPHARM.NS/
2025-05-09,Ajanta Pharma,AJANTPHARM.NS,2486.96533203125,45322,45322,https://finance.yahoo.com/quote/AJANTPHARM.NS/
2025-05-12,Ajanta Pharma,AJANTPHARM.NS,2432.481201171875,176464,176464,https://finance.yahoo.com/quote/AJANTPHARM.NS/
2025-05-13,Ajanta Pharma,AJANTPHARM.NS,2540.665283203125,112808,112808,https://finance.yahoo.com/quote/AJANTPHARM.NS/
2025-05-14,Ajanta Pharma,AJANTPHARM.NS,2534.393798828125,105505,105505,https://finance.yahoo.com/quote/AJANTPHARM.NS/
2025-05-15,Ajanta Pharma,AJANTPHARM.NS,2546.740966796875,153514,153514,https://finance.yahoo.com/quote/AJANTPHARM.NS/
2025-05-16,Ajanta Pharma,AJANTPHARM.NS,2551.3466796875,84248,84248,https://finance.yahoo.com/quote/AJANTPHARM.NS/
2025-05-19,Ajanta Pharma,AJANTPHARM.NS,2575.64892578125,86375,86375,https://finance.yahoo.com/quote/AJANTPHARM.NS/
2025-05-20,Ajanta Pharma,AJANTPHARM.NS,2546.839111328125,106544,106544,https://finance.yahoo.com/quote/AJANTPHARM.NS/
2025-05-21,Ajanta Pharma,AJANTPHARM.NS,2584.958251953125,89080,89080,https://finance.yahoo.com/quote/AJANTPHARM.NS/
2025-05-22,Ajanta Pharma,AJANTPHARM.NS,2521.850830078125,67487,67487,https://finance.yahoo.com/quote/AJANTPHARM.NS/
2025-05-23,Ajanta Pharma,AJANTPHARM.NS,2523.22265625,26249,26249,https://finance.yahoo.com/quote/AJANTPHARM.NS/
2025-05-26,Ajanta Pharma,AJANTPHARM.NS,2539.88134765625,15318,15318,https://finance.yahoo.com/quote/AJANTPHARM.NS/
2025-05-27,Ajanta Pharma,AJANTPHARM.NS,2538.70556640625,30696,30696,https://finance.yahoo.com/quote/AJANTPHARM.NS/
2025-05-28,Ajanta Pharma,AJANTPHARM.NS,2537.431640625,48057,48057,https://finance.yahoo.com/quote/AJANTPHARM.NS/
2025-05-29,Ajanta Pharma,AJANTPHARM.NS,2524.006591796875,40940,40940,https://finance.yahoo.com/quote/AJANTPHARM.NS/
2025-05-30,Ajanta Pharma,AJANTPHARM.NS,2460.4091796875,126935,126935,https://finance.yahoo.com/quote/AJANTPHARM.NS/
2025-06-02,Ajanta Pharma,AJANTPHARM.NS,2502.7421875,109676,109676,https://finance.yahoo.com/quote/AJANTPHARM.NS/
2025-06-03,Ajanta Pharma,AJANTPHARM.NS,2507.837890625,103242,103242,https://finance.yahoo.com/quote/AJANTPHARM.NS/
2025-06-04,Ajanta Pharma,AJANTPHARM.NS,2534.491943359375,64119,64119,https://finance.yahoo.com/quote/AJANTPHARM.NS/
2025-06-05,Ajanta Pharma,AJANTPHARM.NS,2526.064453125,300138,300138,https://finance.yahoo.com/quote/AJANTPHARM.NS/
2025-06-06,Ajanta Pharma,AJANTPHARM.NS,2519.695068359375,84218,84218,https://finance.yahoo.com/quote/AJANTPHARM.NS/
2025-06-09,Ajanta Pharma,AJANTPHARM.NS,2542.723388671875,62107,62107,https://finance.yahoo.com/quote/AJANTPHARM.NS/
2025-06-10,Ajanta Pharma,AJANTPHARM.NS,2524.5947265625,46819,46819,https://finance.yahoo.com/quote/AJANTPHARM.NS/
2025-06-11,Ajanta Pharma,AJANTPHARM.NS,2593.679931640625,117655,117655,https://finance.yahoo.com/quote/AJANTPHARM.NS/
2025-06-12,Ajanta Pharma,AJANTPHARM.NS,2675.50390625,505165,505165,https://finance.yahoo.com/quote/AJANTPHARM.NS/
2025-06-13,Ajanta Pharma,AJANTPHARM.NS,2581.33251953125,135145,135145,https://finance.yahoo.com/quote/AJANTPHARM.NS/
2025-06-16,Ajanta Pharma,AJANTPHARM.NS,2546.05517578125,64674,64674,https://finance.yahoo.com/quote/AJANTPHARM.NS/
2025-06-17,Ajanta Pharma,AJANTPHARM.NS,2496.37255859375,100155,100155,https://finance.yahoo.com/quote/AJANTPHARM.NS/
2025-06-18,Ajanta Pharma,AJANTPHARM.NS,2529.592041015625,278928,278928,https://finance.yahoo.com/quote/AJANTPHARM.NS/
2025-06-19,Ajanta Pharma,AJANTPHARM.NS,2494.608642578125,45126,45126,https://finance.yahoo.com/quote/AJANTPHARM.NS/
2025-06-20,Ajanta Pharma,AJANTPHARM.NS,2536.255859375,88154,88154,https://finance.yahoo.com/quote/AJANTPHARM.NS/
2025-06-23,Ajanta Pharma,AJANTPHARM.NS,2513.42333984375,72113,72113,https://finance.yahoo.com/quote/AJANTPHARM.NS/
2025-06-24,Ajanta Pharma,AJANTPHARM.NS,2512.7373046875,103086,103086,https://finance.yahoo.com/quote/AJANTPHARM.NS/
2025-06-25,Ajanta Pharma,AJANTPHARM.NS,2533.31591796875,153312,153312,https://finance.yahoo.com/quote/AJANTPHARM.NS/
2025-06-26,Ajanta Pharma,AJANTPHARM.NS,2516.85302734375,98052,98052,https://finance.yahoo.com/quote/AJANTPHARM.NS/
2025-06-27,Ajanta Pharma,AJANTPHARM.NS,2470.1103515625,318634,318634,https://finance.yahoo.com/quote/AJANTPHARM.NS/
2025-06-30,Ajanta Pharma,AJANTPHARM.NS,2522.43896484375,131475,131475,https://finance.yahoo.com/quote/AJANTPHARM.NS/
2025-07-01,Ajanta Pharma,AJANTPHARM.NS,2452.4716796875,222786,222786,https://finance.yahoo.com/quote/AJANTPHARM.NS/
2025-07-02,Ajanta Pharma,AJANTPHARM.NS,2497.744384765625,262754,262754,https://finance.yahoo.com/quote/AJANTPHARM.NS/
2025-07-03,Ajanta Pharma,AJANTPHARM.NS,2578.686767578125,166047,166047,https://finance.yahoo.com/quote/AJANTPHARM.NS/
2025-07-04,Ajanta Pharma,AJANTPHARM.NS,2641.40234375,240560,240560,https://finance.yahoo.com/quote/AJANTPHARM.NS/
2025-07-07,Ajanta Pharma,AJANTPHARM.NS,2603.968994140625,108192,108192,https://finance.yahoo.com/quote/AJANTPHARM.NS/
2025-07-08,Ajanta Pharma,AJANTPHARM.NS,2558.206298828125,99675,99675,https://finance.yahoo.com/quote/AJANTPHARM.NS/
2025-07-09,Ajanta Pharma,AJANTPHARM.NS,2574.472900390625,171260,171260,https://finance.yahoo.com/quote/AJANTPHARM.NS/
2025-07-10,Ajanta Pharma,AJANTPHARM.NS,2539.29345703125,256803,256803,https://finance.yahoo.com/quote/AJANTPHARM.NS/
2025-07-11,Ajanta Pharma,AJANTPHARM.NS,2573.786865234375,236915,236915,https://finance.yahoo.com/quote/AJANTPHARM.NS/
2025-07-14,Ajanta Pharma,AJANTPHARM.NS,2593.287841796875,446241,446241,https://finance.yahoo.com/quote/AJANTPHARM.NS/
2025-07-15,Ajanta Pharma,AJANTPHARM.NS,2643.55810546875,391927,391927,https://finance.yahoo.com/quote/AJANTPHARM.NS/
2025-07-16,Ajanta Pharma,AJANTPHARM.NS,2731.849853515625,286047,286047,https://finance.yahoo.com/quote/AJANTPHARM.NS/
2025-07-17,Ajanta Pharma,AJANTPHARM.NS,2730.477783203125,199770,199770,https://finance.yahoo.com/quote/AJANTPHARM.NS/
2025-07-18,Ajanta Pharma,AJANTPHARM.NS,2717.151123046875,70713,70713,https://finance.yahoo.com/quote/AJANTPHARM.NS/
2025-07-21,Ajanta Pharma,AJANTPHARM.NS,2721.36474609375,53764,53764,https://finance.yahoo.com/quote/AJANTPHARM.NS/
2025-07-22,Ajanta Pharma,AJANTPHARM.NS,2685.009033203125,71889,71889,https://finance.yahoo.com/quote/AJANTPHARM.NS/
2025-07-23,Ajanta Pharma,AJANTPHARM.NS,2664.038818359375,57815,57815,https://finance.yahoo.com/quote/AJANTPHARM.NS/
2025-07-24,Ajanta Pharma,AJANTPHARM.NS,2740.277099609375,112337,112337,https://finance.yahoo.com/quote/AJANTPHARM.NS/
2025-07-25,Ajanta Pharma,AJANTPHARM.NS,2728.420166015625,55787,55787,https://finance.yahoo.com/quote/AJANTPHARM.NS/
2025-07-28,Ajanta Pharma,AJANTPHARM.NS,2711.5654296875,192973,192973,https://finance.yahoo.com/quote/AJANTPHARM.NS/
2025-07-29,Ajanta Pharma,AJANTPHARM.NS,2766.539306640625,121375,121375,https://finance.yahoo.com/quote/AJANTPHARM.NS/
2025-07-30,Ajanta Pharma,AJANTPHARM.NS,2744.294921875,68741,68741,https://finance.yahoo.com/quote/AJANTPHARM.NS/
2025-07-31,Ajanta Pharma,AJANTPHARM.NS,2696.18017578125,77158,77158,https://finance.yahoo.com/quote/AJANTPHARM.NS/
2025-08-01,Ajanta Pharma,AJANTPHARM.NS,2641.108154296875,87356,87356,https://finance.yahoo.com/quote/AJANTPHARM.NS/
2025-08-04,Ajanta Pharma,AJANTPHARM.NS,2583.390380859375,111926,111926,https://finance.yahoo.com/quote/AJANTPHARM.NS/
2025-08-05,Ajanta Pharma,AJANTPHARM.NS,2582.900634765625,39533,39533,https://finance.yahoo.com/quote/AJANTPHARM.NS/
2025-08-06,Ajanta Pharma,AJANTPHARM.NS,2490.39501953125,106341,106341,https://finance.yahoo.com/quote/AJANTPHARM.NS/
2025-08-07,Ajanta Pharma,AJANTPHARM.NS,2566.535888671875,115878,115878,https://finance.yahoo.com/quote/AJANTPHARM.NS/
2025-08-08,Ajanta Pharma,AJANTPHARM.NS,2553.20849609375,53989,53989,https://finance.yahoo.com/quote/AJANTPHARM.NS/
2025-08-11,Ajanta Pharma,AJANTPHARM.NS,2596.129638671875,53928,53928,https://finance.yahoo.com/quote/AJANTPHARM.NS/
2025-08-12,Ajanta Pharma,AJANTPHARM.NS,2643.166259765625,60197,60197,https://finance.yahoo.com/quote/AJANTPHARM.NS/
2025-08-13,Ajanta Pharma,AJANTPHARM.NS,2618.079833984375,40260,40260,https://finance.yahoo.com/quote/AJANTPHARM.NS/
2025-08-14,Ajanta Pharma,AJANTPHARM.NS,2631.994873046875,57958,57958,https://finance.yahoo.com/quote/AJANTPHARM.NS/
2025-08-18,Ajanta Pharma,AJANTPHARM.NS,2636.99267578125,42490,42490,https://finance.yahoo.com/quote/AJANTPHARM.NS/
2025-08-19,Ajanta Pharma,AJANTPHARM.NS,2649.0458984375,254993,254993,https://finance.yahoo.com/quote/AJANTPHARM.NS/
2025-08-20,Ajanta Pharma,AJANTPHARM.NS,2629.839111328125,53958,53958,https://finance.yahoo.com/quote/AJANTPHARM.NS/
2025-08-21,Ajanta Pharma,AJANTPHARM.NS,2603.18505859375,41950,41950,https://finance.yahoo.com/quote/AJANTPHARM.NS/
2025-08-22,Ajanta Pharma,AJANTPHARM.NS,2585.546142578125,51046,51046,https://finance.yahoo.com/quote/AJANTPHARM.NS/
2025-08-25,Ajanta Pharma,AJANTPHARM.NS,2569.37744140625,33499,33499,https://finance.yahoo.com/quote/AJANTPHARM.NS/
2025-08-26,Ajanta Pharma,AJANTPHARM.NS,2527.338623046875,80420,80420,https://finance.yahoo.com/quote/AJANTPHARM.NS/
2025-08-28,Ajanta Pharma,AJANTPHARM.NS,2457.959228515625,139895,139895,https://finance.yahoo.com/quote/AJANTPHARM.NS/
2025-08-29,Ajanta Pharma,AJANTPHARM.NS,2427.87548828125,351127,351127,https://finance.yahoo.com/quote/AJANTPHARM.NS/
2025-09-01,Ajanta Pharma,AJANTPHARM.NS,2402.789306640625,205528,205528,https://finance.yahoo.com/quote/AJANTPHARM.NS/
2025-09-02,Ajanta Pharma,AJANTPHARM.NS,2430.227294921875,314197,314197,https://finance.yahoo.com/quote/AJANTPHARM.NS/
2025-09-03,Ajanta Pharma,AJANTPHARM.NS,2506.171875,265931,265931,https://finance.yahoo.com/quote/AJANTPHARM.NS/
2025-09-04,Ajanta Pharma,AJANTPHARM.NS,2548.5048828125,125198,125198,https://finance.yahoo.com/quote/AJANTPHARM.NS/
2025-09-05,Ajanta Pharma,AJANTPHARM.NS,2561.63623046875,102989,102989,https://finance.yahoo.com/quote/AJANTPHARM.NS/
2025-09-08,Ajanta Pharma,AJANTPHARM.NS,2538.70556640625,33822,33822,https://finance.yahoo.com/quote/AJANTPHARM.NS/
2025-09-09,Ajanta Pharma,AJANTPHARM.NS,2509.895751953125,27521,27521,https://finance.yahoo.com/quote/AJANTPHARM.NS/
2025-09-10,Ajanta Pharma,AJANTPHARM.NS,2541.743408203125,33869,33869,https://finance.yahoo.com/quote/AJANTPHARM.NS/
2025-09-11,Ajanta Pharma,AJANTPHARM.NS,2520.380859375,52553,52553,https://finance.yahoo.com/quote/AJANTPHARM.NS/
2025-09-12,Ajanta Pharma,AJANTPHARM.NS,2527.338623046875,58267,58267,https://finance.yahoo.com/quote/AJANTPHARM.NS/
2025-09-15,Ajanta Pharma,AJANTPHARM.NS,2498.4306640625,24309,24309,https://finance.yahoo.com/quote/AJANTPHARM.NS/
2025-09-16,Ajanta Pharma,AJANTPHARM.NS,2504.506103515625,72794,72794,https://finance.yahoo.com/quote/AJANTPHARM.NS/
2025-09-17,Ajanta Pharma,AJANTPHARM.NS,2509.503662109375,38251,38251,https://finance.yahoo.com/quote/AJANTPHARM.NS/
2025-09-18,Ajanta Pharma,AJANTPHARM.NS,2497.25439453125,45617,45617,https://finance.yahoo.com/quote/AJANTPHARM.NS/
2025-09-19,Ajanta Pharma,AJANTPHARM.NS,2493.531005859375,75435,75435,https://finance.yahoo.com/quote/AJANTPHARM.NS/
2025-09-22,Ajanta Pharma,AJANTPHARM.NS,2488.2392578125,92964,92964,https://finance.yahoo.com/quote/AJANTPHARM.NS/
2025-09-23,Ajanta Pharma,AJANTPHARM.NS,2493.82470703125,42742,42742,https://finance.yahoo.com/quote/AJANTPHARM.NS/
2025-09-24,Ajanta Pharma,AJANTPHARM.NS,2480.399658203125,105355,105355,https://finance.yahoo.com/quote/AJANTPHARM.NS/
2025-09-25,Ajanta Pharma,AJANTPHARM.NS,2439.4384765625,72077,72077,https://finance.yahoo.com/quote/AJANTPHARM.NS/
2025-09-26,Ajanta Pharma,AJANTPHARM.NS,2415.724365234375,120743,120743,https://finance.yahoo.com/quote/AJANTPHARM.NS/
2025-09-29,Ajanta Pharma,AJANTPHARM.NS,2376.037109375,99154,99154,https://finance.yahoo.com/quote/AJANTPHARM.NS/
2025-09-30,Ajanta Pharma,AJANTPHARM.NS,2358.006591796875,352085,352085,https://finance.yahoo.com/quote/AJANTPHARM.NS/
2025-10-01,Ajanta Pharma,AJANTPHARM.NS,2350.06884765625,59633,59633,https://finance.yahoo.com/quote/AJANTPHARM.NS/
2025-10-03,Ajanta Pharma,AJANTPHARM.NS,2353.5966796875,85006,85006,https://finance.yahoo.com/quote/AJANTPHARM.NS/
2025-10-06,Ajanta Pharma,AJANTPHARM.NS,2382.504638671875,100950,100950,https://finance.yahoo.com/quote/AJANTPHARM.NS/
2025-10-07,Ajanta Pharma,AJANTPHARM.NS,2409.942626953125,92147,92147,https://finance.yahoo.com/quote/AJANTPHARM.NS/
2025-10-08,Ajanta Pharma,AJANTPHARM.NS,2362.612060546875,259490,259490,https://finance.yahoo.com/quote/AJANTPHARM.NS/
2025-10-09,Ajanta Pharma,AJANTPHARM.NS,2372.607421875,230312,230312,https://finance.yahoo.com/quote/AJANTPHARM.NS/
2025-10-10,Ajanta Pharma,AJANTPHARM.NS,2385.346435546875,105071,105071,https://finance.yahoo.com/quote/AJANTPHARM.NS/
2025-10-13,Ajanta Pharma,AJANTPHARM.NS,2370.45166015625,85837,85837,https://finance.yahoo.com/quote/AJANTPHARM.NS/
2025-10-14,Ajanta Pharma,AJANTPHARM.NS,2343.993408203125,125928,125928,https://finance.yahoo.com/quote/AJANTPHARM.NS/
2025-10-15,Ajanta Pharma,AJANTPHARM.NS,2361.338134765625,168959,168959,https://finance.yahoo.com/quote/AJANTPHARM.NS/
2025-10-16,Ajanta Pharma,AJANTPHARM.NS,2408.86474609375,85410,85410,https://finance.yahoo.com/quote/AJANTPHARM.NS/
2025-10-17,Ajanta Pharma,AJANTPHARM.NS,2389.560302734375,82681,82681,https://finance.yahoo.com/quote/AJANTPHARM.NS/
2025-10-20,Ajanta Pharma,AJANTPHARM.NS,2387.404541015625,51072,51072,https://finance.yahoo.com/quote/AJANTPHARM.NS/
2025-10-21,Ajanta Pharma,AJANTPHARM.NS,2398.4775390625,6759,6759,https://finance.yahoo.com/quote/AJANTPHARM.NS/
2025-10-23,Ajanta Pharma,AJANTPHARM.NS,2366.041748046875,77041,77041,https://finance.yahoo.com/quote/AJANTPHARM.NS/
2025-10-24,Ajanta Pharma,AJANTPHARM.NS,2365.94384765625,198793,198793,https://finance.yahoo.com/quote/AJANTPHARM.NS/
2025-10-27,Ajanta Pharma,AJANTPHARM.NS,2345.071533203125,72406,72406,https://finance.yahoo.com/quote/AJANTPHARM.NS/
2025-10-28,Ajanta Pharma,AJANTPHARM.NS,2340.465576171875,56807,56807,https://finance.yahoo.com/quote/AJANTPHARM.NS/
2025-10-29,Ajanta Pharma,AJANTPHARM.NS,2412.490478515625,76298,76298,https://finance.yahoo.com/quote/AJANTPHARM.NS/
2025-10-30,Ajanta Pharma,AJANTPHARM.NS,2419.056396484375,51967,51967,https://finance.yahoo.com/quote/AJANTPHARM.NS/
2025-10-31,Ajanta Pharma,AJANTPHARM.NS,2415.822265625,102941,102941,https://finance.yahoo.com/quote/AJANTPHARM.NS/
2025-11-03,Ajanta Pharma,AJANTPHARM.NS,2488.43505859375,207856,207856,https://finance.yahoo.com/quote/AJANTPHARM.NS/
2025-11-04,Ajanta Pharma,AJANTPHARM.NS,2558.30419921875,317772,317772,https://finance.yahoo.com/quote/AJANTPHARM.NS/
2025-11-06,Ajanta Pharma,AJANTPHARM.NS,2517.2451171875,115851,115851,https://finance.yahoo.com/quote/AJANTPHARM.NS/
2025-11-07,Ajanta Pharma,AJANTPHARM.NS,2473.5400390625,69421,69421,https://finance.yahoo.com/quote/AJANTPHARM.NS/
2025-11-10,Ajanta Pharma,AJANTPHARM.NS,2505.84423828125,70310,70310,https://finance.yahoo.com/quote/AJANTPHARM.NS/
2025-11-11,Ajanta Pharma,AJANTPHARM.NS,2554.201416015625,78783,78783,https://finance.yahoo.com/quote/AJANTPHARM.NS/
2025-11-12,Ajanta Pharma,AJANTPHARM.NS,2544.589111328125,47647,47647,https://finance.yahoo.com/quote/AJANTPHARM.NS/
2025-11-13,Ajanta Pharma,AJANTPHARM.NS,2525.86083984375,64682,64682,https://finance.yahoo.com/quote/AJANTPHARM.NS/
2025-11-14,Ajanta Pharma,AJANTPHARM.NS,2500.294921875,136610,136610,https://finance.yahoo.com/quote/AJANTPHARM.NS/
2025-11-17,Ajanta Pharma,AJANTPHARM.NS,2481.269287109375,111859,111859,https://finance.yahoo.com/quote/AJANTPHARM.NS/
2025-11-18,Ajanta Pharma,AJANTPHARM.NS,2435.7861328125,141555,141555,https://finance.yahoo.com/quote/AJANTPHARM.NS/
2025-11-19,Ajanta Pharma,AJANTPHARM.NS,2494.844970703125,54529,54529,https://finance.yahoo.com/quote/AJANTPHARM.NS/
2025-11-20,Ajanta Pharma,AJANTPHARM.NS,2487.908447265625,22601,22601,https://finance.yahoo.com/quote/AJANTPHARM.NS/
2025-11-21,Ajanta Pharma,AJANTPHARM.NS,2463.135498046875,27168,27168,https://finance.yahoo.com/quote/AJANTPHARM.NS/
2025-11-24,Ajanta Pharma,AJANTPHARM.NS,2492.36767578125,55483,55483,https://finance.yahoo.com/quote/AJANTPHARM.NS/
2025-11-25,Ajanta Pharma,AJANTPHARM.NS,2486.422119140625,60373,60373,https://finance.yahoo.com/quote/AJANTPHARM.NS/
2025-11-26,Ajanta Pharma,AJANTPHARM.NS,2512.087158203125,66279,66279,https://finance.yahoo.com/quote/AJANTPHARM.NS/
2025-11-27,Ajanta Pharma,AJANTPHARM.NS,2507.72705078125,33224,33224,https://finance.yahoo.com/quote/AJANTPHARM.NS/
2025-11-28,Ajanta Pharma,AJANTPHARM.NS,2537.5537109375,42956,42956,https://finance.yahoo.com/quote/AJANTPHARM.NS/
2025-12-01,Ajanta Pharma,AJANTPHARM.NS,2539.33740234375,73859,73859,https://finance.yahoo.com/quote/AJANTPHARM.NS/
2025-12-02,Ajanta Pharma,AJANTPHARM.NS,2565.1015625,96522,96522,https://finance.yahoo.com/quote/AJANTPHARM.NS/
2025-12-03,Ajanta Pharma,AJANTPHARM.NS,2583.037109375,80859,80859,https://finance.yahoo.com/quote/AJANTPHARM.NS/
2025-12-04,Ajanta Pharma,AJANTPHARM.NS,2604.63916015625,92430,92430,https://finance.yahoo.com/quote/AJANTPHARM.NS/
2025-12-05,Ajanta Pharma,AJANTPHARM.NS,2616.62939453125,83802,83802,https://finance.yahoo.com/quote/AJANTPHARM.NS/
2025-12-08,Ajanta Pharma,AJANTPHARM.NS,2634.168701171875,154563,154563,https://finance.yahoo.com/quote/AJANTPHARM.NS/
2025-12-09,Ajanta Pharma,AJANTPHARM.NS,2597.306396484375,49075,49075,https://finance.yahoo.com/quote/AJANTPHARM.NS/
2025-12-10,Ajanta Pharma,AJANTPHARM.NS,2630.303955078125,48809,48809,https://finance.yahoo.com/quote/AJANTPHARM.NS/
2025-12-11,Ajanta Pharma,AJANTPHARM.NS,2627.331298828125,24543,24543,https://finance.yahoo.com/quote/AJANTPHARM.NS/
2025-12-12,Ajanta Pharma,AJANTPHARM.NS,2635.655029296875,81623,81623,https://finance.yahoo.com/quote/AJANTPHARM.NS/
2025-12-15,Ajanta Pharma,AJANTPHARM.NS,2618.11572265625,14917,14917,https://finance.yahoo.com/quote/AJANTPHARM.NS/
2025-12-16,Ajanta Pharma,AJANTPHARM.NS,2572.63232421875,27722,27722,https://finance.yahoo.com/quote/AJANTPHARM.NS/
2025-12-17,Ajanta Pharma,AJANTPHARM.NS,2576.6953125,31689,31689,https://finance.yahoo.com/quote/AJANTPHARM.NS/
2025-12-18,Ajanta Pharma,AJANTPHARM.NS,2576.6953125,42758,42758,https://finance.yahoo.com/quote/AJANTPHARM.NS/
2025-12-19,Ajanta Pharma,AJANTPHARM.NS,2608.7021484375,110006,110006,https://finance.yahoo.com/quote/AJANTPHARM.NS/
2025-12-22,Ajanta Pharma,AJANTPHARM.NS,2676.282958984375,154656,154656,https://finance.yahoo.com/quote/AJANTPHARM.NS/
2025-12-23,Ajanta Pharma,AJANTPHARM.NS,2643.8798828125,133801,133801,https://finance.yahoo.com/quote/AJANTPHARM.NS/
2025-12-24,Ajanta Pharma,AJANTPHARM.NS,2709.677001953125,1012518,1012518,https://finance.yahoo.com/quote/AJANTPHARM.NS/
2025-12-26,Ajanta Pharma,AJANTPHARM.NS,2657.25732421875,50418,50418,https://finance.yahoo.com/quote/AJANTPHARM.NS/
2025-12-29,Ajanta Pharma,AJANTPHARM.NS,2665.779052734375,59261,59261,https://finance.yahoo.com/quote/AJANTPHARM.NS/
2025-12-30,Ajanta Pharma,AJANTPHARM.NS,2702.145751953125,202373,202373,https://finance.yahoo.com/quote/AJANTPHARM.NS/
2025-12-31,Ajanta Pharma,AJANTPHARM.NS,2743.7646484375,77063,77063,https://finance.yahoo.com/quote/AJANTPHARM.NS/
2026-01-01,Ajanta Pharma,AJANTPHARM.NS,2911.725830078125,620493,620493,https://finance.yahoo.com/quote/AJANTPHARM.NS/
2026-01-02,Ajanta Pharma,AJANTPHARM.NS,2922.427978515625,289355,289355,https://finance.yahoo.com/quote/AJANTPHARM.NS/
2026-01-05,Ajanta Pharma,AJANTPHARM.NS,2886.3583984375,152384,152384,https://finance.yahoo.com/quote/AJANTPHARM.NS/
2026-01-06,Ajanta Pharma,AJANTPHARM.NS,2818.5791015625,315412,315412,https://finance.yahoo.com/quote/AJANTPHARM.NS/
2026-01-07,Ajanta Pharma,AJANTPHARM.NS,2828.09228515625,199825,199825,https://finance.yahoo.com/quote/AJANTPHARM.NS/
2026-01-08,Ajanta Pharma,AJANTPHARM.NS,2812.6337890625,193723,193723,https://finance.yahoo.com/quote/AJANTPHARM.NS/
2026-01-09,Ajanta Pharma,AJANTPHARM.NS,2739.50390625,164642,164642,https://finance.yahoo.com/quote/AJANTPHARM.NS/
2026-01-12,Ajanta Pharma,AJANTPHARM.NS,2704.722412109375,70027,70027,https://finance.yahoo.com/quote/AJANTPHARM.NS/
2026-01-13,Ajanta Pharma,AJANTPHARM.NS,2705.8125,42293,42293,https://finance.yahoo.com/quote/AJANTPHARM.NS/
2026-01-14,Ajanta Pharma,AJANTPHARM.NS,2681.83203125,213763,213763,https://finance.yahoo.com/quote/AJANTPHARM.NS/
2026-01-16,Ajanta Pharma,AJANTPHARM.NS,2656.5634765625,61632,61632,https://finance.yahoo.com/quote/AJANTPHARM.NS/
2026-01-19,Ajanta Pharma,AJANTPHARM.NS,2661.220947265625,35130,35130,https://finance.yahoo.com/quote/AJANTPHARM.NS/
2026-01-20,Ajanta Pharma,AJANTPHARM.NS,2659.83349609375,67723,67723,https://finance.yahoo.com/quote/AJANTPHARM.NS/
2026-01-21,Ajanta Pharma,AJANTPHARM.NS,2688.471435546875,196107,196107,https://finance.yahoo.com/quote/AJANTPHARM.NS/
2026-01-22,Ajanta Pharma,AJANTPHARM.NS,2692.930419921875,47060,47060,https://finance.yahoo.com/quote/AJANTPHARM.NS/
2026-01-23,Ajanta Pharma,AJANTPHARM.NS,2675.09375,73196,73196,https://finance.yahoo.com/quote/AJANTPHARM.NS/
2026-01-27,Ajanta Pharma,AJANTPHARM.NS,2673.8056640625,85528,85528,https://finance.yahoo.com/quote/AJANTPHARM.NS/
2026-01-28,Ajanta Pharma,AJANTPHARM.NS,2693.6240234375,45960,45960,https://finance.yahoo.com/quote/AJANTPHARM.NS/
2026-01-29,Ajanta Pharma,AJANTPHARM.NS,2670.436279296875,48683,48683,https://finance.yahoo.com/quote/AJANTPHARM.NS/
2026-01-30,Ajanta Pharma,AJANTPHARM.NS,2756.646484375,183417,183417,https://finance.yahoo.com/quote/AJANTPHARM.NS/
2026-02-02,Ajanta Pharma,AJANTPHARM.NS,2760.6103515625,107375,107375,https://finance.yahoo.com/quote/AJANTPHARM.NS/
2026-02-03,Ajanta Pharma,AJANTPHARM.NS,2853.955322265625,119919,119919,https://finance.yahoo.com/quote/AJANTPHARM.NS/
2026-02-04,Ajanta Pharma,AJANTPHARM.NS,2795.68896484375,128802,128802,https://finance.yahoo.com/quote/AJANTPHARM.NS/
2026-02-05,Ajanta Pharma,AJANTPHARM.NS,2791.725341796875,99191,99191,https://finance.yahoo.com/quote/AJANTPHARM.NS/
2026-02-06,Ajanta Pharma,AJANTPHARM.NS,2826.803955078125,107572,107572,https://finance.yahoo.com/quote/AJANTPHARM.NS/
2026-02-09,Ajanta Pharma,AJANTPHARM.NS,2835.92041015625,58380,58380,https://finance.yahoo.com/quote/AJANTPHARM.NS/
2026-02-10,Ajanta Pharma,AJANTPHARM.NS,2865.0537109375,123104,123104,https://finance.yahoo.com/quote/AJANTPHARM.NS/
2026-02-11,Ajanta Pharma,AJANTPHARM.NS,2881.40380859375,88723,88723,https://finance.yahoo.com/quote/AJANTPHARM.NS/
2026-02-12,Ajanta Pharma,AJANTPHARM.NS,2863.765380859375,53122,53122,https://finance.yahoo.com/quote/AJANTPHARM.NS/
2026-02-13,Ajanta Pharma,AJANTPHARM.NS,2893.59228515625,171375,171375,https://finance.yahoo.com/quote/AJANTPHARM.NS/
2026-02-16,Ajanta Pharma,AJANTPHARM.NS,2913.41064453125,80665,80665,https://finance.yahoo.com/quote/AJANTPHARM.NS/
2026-02-17,Ajanta Pharma,AJANTPHARM.NS,2930.949951171875,63655,63655,https://finance.yahoo.com/quote/AJANTPHARM.NS/
2026-02-18,Ajanta Pharma,AJANTPHARM.NS,2935.0126953125,85287,85287,https://finance.yahoo.com/quote/AJANTPHARM.NS/
2026-02-19,Ajanta Pharma,AJANTPHARM.NS,2932.83251953125,76311,76311,https://finance.yahoo.com/quote/AJANTPHARM.NS/
2026-02-20,Ajanta Pharma,AJANTPHARM.NS,2912.716796875,46355,46355,https://finance.yahoo.com/quote/AJANTPHARM.NS/
2026-02-23,Ajanta Pharma,AJANTPHARM.NS,2951.36279296875,207598,207598,https://finance.yahoo.com/quote/AJANTPHARM.NS/
2026-02-24,Ajanta Pharma,AJANTPHARM.NS,2922.03173828125,55209,55209,https://finance.yahoo.com/quote/AJANTPHARM.NS/
2026-02-25,Ajanta Pharma,AJANTPHARM.NS,2993.87353515625,185709,185709,https://finance.yahoo.com/quote/AJANTPHARM.NS/
2026-02-26,Ajanta Pharma,AJANTPHARM.NS,2951.858154296875,161356,161356,https://finance.yahoo.com/quote/AJANTPHARM.NS/
2026-02-27,Ajanta Pharma,AJANTPHARM.NS,2966.72216796875,135776,135776,https://finance.yahoo.com/quote/AJANTPHARM.NS/
2026-03-02,Ajanta Pharma,AJANTPHARM.NS,2940.859130859375,82523,82523,https://finance.yahoo.com/quote/AJANTPHARM.NS/
2026-03-04,Ajanta Pharma,AJANTPHARM.NS,2889.82666015625,84654,84654,https://finance.yahoo.com/quote/AJANTPHARM.NS/
2026-03-05,Ajanta Pharma,AJANTPHARM.NS,2947.89453125,111452,111452,https://finance.yahoo.com/quote/AJANTPHARM.NS/
2026-03-06,Ajanta Pharma,AJANTPHARM.NS,2964.83935546875,85485,85485,https://finance.yahoo.com/quote/AJANTPHARM.NS/
2026-03-09,Ajanta Pharma,AJANTPHARM.NS,2909.744140625,108824,108824,https://finance.yahoo.com/quote/AJANTPHARM.NS/
2026-03-10,Ajanta Pharma,AJANTPHARM.NS,2972.667724609375,123027,123027,https://finance.yahoo.com/quote/AJANTPHARM.NS/
2026-03-11,Ajanta Pharma,AJANTPHARM.NS,3020.529296875,106740,106740,https://finance.yahoo.com/quote/AJANTPHARM.NS/
2026-03-12,Ajanta Pharma,AJANTPHARM.NS,3091.18212890625,297692,297692,https://finance.yahoo.com/quote/AJANTPHARM.NS/
2026-03-13,Ajanta Pharma,AJANTPHARM.NS,3003.089111328125,154564,154564,https://finance.yahoo.com/quote/AJANTPHARM.NS/
2026-03-16,Ajanta Pharma,AJANTPHARM.NS,2927.28369140625,186235,186235,https://finance.yahoo.com/quote/AJANTPHARM.NS/
2026-03-17,Ajanta Pharma,AJANTPHARM.NS,2993.179931640625,230312,230312,https://finance.yahoo.com/quote/AJANTPHARM.NS/
2026-03-18,Ajanta Pharma,AJANTPHARM.NS,3028.85302734375,127414,127414,https://finance.yahoo.com/quote/AJANTPHARM.NS/
2026-03-19,Ajanta Pharma,AJANTPHARM.NS,2917.176025390625,97655,97655,https://finance.yahoo.com/quote/AJANTPHARM.NS/
2026-03-20,Ajanta Pharma,AJANTPHARM.NS,2878.331787109375,111373,111373,https://finance.yahoo.com/quote/AJANTPHARM.NS/
2026-03-23,Ajanta Pharma,AJANTPHARM.NS,2771.411376953125,117241,117241,https://finance.yahoo.com/quote/AJANTPHARM.NS/
2026-03-24,Ajanta Pharma,AJANTPHARM.NS,2837.20849609375,72167,72167,https://finance.yahoo.com/quote/AJANTPHARM.NS/
2026-03-25,Ajanta Pharma,AJANTPHARM.NS,2853.7568359375,88697,88697,https://finance.yahoo.com/quote/AJANTPHARM.NS/
2026-03-27,Ajanta Pharma,AJANTPHARM.NS,2782.41064453125,90248,90248,https://finance.yahoo.com/quote/AJANTPHARM.NS/
2026-03-30,Ajanta Pharma,AJANTPHARM.NS,2779.63623046875,152889,152889,https://finance.yahoo.com/quote/AJANTPHARM.NS/
2026-04-01,Ajanta Pharma,AJANTPHARM.NS,2791.22998046875,64876,64876,https://finance.yahoo.com/quote/AJANTPHARM.NS/
2026-04-02,Ajanta Pharma,AJANTPHARM.NS,2765.8623046875,52986,52986,https://finance.yahoo.com/quote/AJANTPHARM.NS/
2026-04-06,Ajanta Pharma,AJANTPHARM.NS,2717.40625,87129,87129,https://finance.yahoo.com/quote/AJANTPHARM.NS/
2026-04-07,Ajanta Pharma,AJANTPHARM.NS,2686.98486328125,51516,51516,https://finance.yahoo.com/quote/AJANTPHARM.NS/
2026-04-08,Ajanta Pharma,AJANTPHARM.NS,2684.408447265625,114537,114537,https://finance.yahoo.com/quote/AJANTPHARM.NS/
2026-04-09,Ajanta Pharma,AJANTPHARM.NS,2726.027099609375,76542,76542,https://finance.yahoo.com/quote/AJANTPHARM.NS/
2026-04-10,Ajanta Pharma,AJANTPHARM.NS,2780.52783203125,55685,55685,https://finance.yahoo.com/quote/AJANTPHARM.NS/
2026-04-13,Ajanta Pharma,AJANTPHARM.NS,2870.999267578125,158453,158453,https://finance.yahoo.com/quote/AJANTPHARM.NS/
2026-04-15,Ajanta Pharma,AJANTPHARM.NS,2857.027099609375,81682,81682,https://finance.yahoo.com/quote/AJANTPHARM.NS/
2026-04-16,Ajanta Pharma,AJANTPHARM.NS,2801.931884765625,88098,88098,https://finance.yahoo.com/quote/AJANTPHARM.NS/
2026-04-17,Ajanta Pharma,AJANTPHARM.NS,2764.871337890625,114553,114553,https://finance.yahoo.com/quote/AJANTPHARM.NS/
2026-04-20,Ajanta Pharma,AJANTPHARM.NS,2756.05224609375,71748,71748,https://finance.yahoo.com/quote/AJANTPHARM.NS/
2026-04-21,Ajanta Pharma,AJANTPHARM.NS,2765.8623046875,138603,138603,https://finance.yahoo.com/quote/AJANTPHARM.NS/
2026-04-22,Ajanta Pharma,AJANTPHARM.NS,2753.97119140625,51141,51141,https://finance.yahoo.com/quote/AJANTPHARM.NS/
2026-04-23,Ajanta Pharma,AJANTPHARM.NS,2755.556640625,50252,50252,https://finance.yahoo.com/quote/AJANTPHARM.NS/
2026-04-24,Ajanta Pharma,AJANTPHARM.NS,2740.197509765625,47736,47736,https://finance.yahoo.com/quote/AJANTPHARM.NS/
2026-04-27,Ajanta Pharma,AJANTPHARM.NS,2781.717041015625,63772,63772,https://finance.yahoo.com/quote/AJANTPHARM.NS/
2026-04-28,Ajanta Pharma,AJANTPHARM.NS,2730.981689453125,45413,45413,https://finance.yahoo.com/quote/AJANTPHARM.NS/
2026-04-29,Ajanta Pharma,AJANTPHARM.NS,2778.744140625,45523,45523,https://finance.yahoo.com/quote/AJANTPHARM.NS/
2026-04-30,Ajanta Pharma,AJANTPHARM.NS,2797.076171875,59221,59221,https://finance.yahoo.com/quote/AJANTPHARM.NS/
2026-05-01,Ajanta Pharma,AJANTPHARM.NS,2797.076171875,0,0,https://finance.yahoo.com/quote/AJANTPHARM.NS/
2026-05-04,Ajanta Pharma,AJANTPHARM.NS,2874.3681640625,154129,154129,https://finance.yahoo.com/quote/AJANTPHARM.NS/
2026-05-05,Ajanta Pharma,AJANTPHARM.NS,2871.29638671875,82841,82841,https://finance.yahoo.com/quote/AJANTPHARM.NS/
2026-05-06,Ajanta Pharma,AJANTPHARM.NS,3068.192626953125,758180,758180,https://finance.yahoo.com/quote/AJANTPHARM.NS/
2026-05-07,Ajanta Pharma,AJANTPHARM.NS,3050.455078125,118068,118068,https://finance.yahoo.com/quote/AJANTPHARM.NS/
2026-05-08,Ajanta Pharma,AJANTPHARM.NS,3007.448974609375,55924,55924,https://finance.yahoo.com/quote/AJANTPHARM.NS/
2026-05-11,Ajanta Pharma,AJANTPHARM.NS,3036.384033203125,97244,97244,https://finance.yahoo.com/quote/AJANTPHARM.NS/
2026-05-12,Ajanta Pharma,AJANTPHARM.NS,3063.63427734375,237935,237935,https://finance.yahoo.com/quote/AJANTPHARM.NS/
2026-05-13,Ajanta Pharma,AJANTPHARM.NS,3094.848388671875,209857,209857,https://finance.yahoo.com/quote/AJANTPHARM.NS/
2026-05-14,Ajanta Pharma,AJANTPHARM.NS,3229.61376953125,328089,328089,https://finance.yahoo.com/quote/AJANTPHARM.NS/
2026-05-15,Ajanta Pharma,AJANTPHARM.NS,3148.358154296875,139294,139294,https://finance.yahoo.com/quote/AJANTPHARM.NS/
2026-05-18,Ajanta Pharma,AJANTPHARM.NS,3184.92333984375,144707,144707,https://finance.yahoo.com/quote/AJANTPHARM.NS/
2026-05-19,Ajanta Pharma,AJANTPHARM.NS,3218.713623046875,158173,158173,https://finance.yahoo.com/quote/AJANTPHARM.NS/
2026-05-20,Ajanta Pharma,AJANTPHARM.NS,3159.85302734375,47927,47927,https://finance.yahoo.com/quote/AJANTPHARM.NS/
2026-05-21,Ajanta Pharma,AJANTPHARM.NS,3120.6123046875,54083,54083,https://finance.yahoo.com/quote/AJANTPHARM.NS/
2026-05-22,Ajanta Pharma,AJANTPHARM.NS,3079.291015625,40208,40208,https://finance.yahoo.com/quote/AJANTPHARM.NS/
2026-05-25,Ajanta Pharma,AJANTPHARM.NS,3053.527099609375,48670,48670,https://finance.yahoo.com/quote/AJANTPHARM.NS/
2026-05-26,Ajanta Pharma,AJANTPHARM.NS,3068.9853515625,84040,84040,https://finance.yahoo.com/quote/AJANTPHARM.NS/
2026-05-27,Ajanta Pharma,AJANTPHARM.NS,2993.3779296875,154397,154397,https://finance.yahoo.com/quote/AJANTPHARM.NS/
2026-05-28,Ajanta Pharma,AJANTPHARM.NS,2993.3779296875,0,0,https://finance.yahoo.com/quote/AJANTPHARM.NS/
2026-05-29,Ajanta Pharma,AJANTPHARM.NS,2902.312255859375,227318,227318,https://finance.yahoo.com/quote/AJANTPHARM.NS/
2026-06-01,Ajanta Pharma,AJANTPHARM.NS,2904.39306640625,223280,223280,https://finance.yahoo.com/quote/AJANTPHARM.NS/
2026-06-02,Ajanta Pharma,AJANTPHARM.NS,2885.763671875,78363,78363,https://finance.yahoo.com/quote/AJANTPHARM.NS/
2026-06-03,Ajanta Pharma,AJANTPHARM.NS,2902.609375,188221,188221,https://finance.yahoo.com/quote/AJANTPHARM.NS/
2026-06-04,Ajanta Pharma,AJANTPHARM.NS,2920.941650390625,67356,67356,https://finance.yahoo.com/quote/AJANTPHARM.NS/
2026-06-05,Ajanta Pharma,AJANTPHARM.NS,2949.480224609375,108169,108169,https://finance.yahoo.com/quote/AJANTPHARM.NS/
2026-06-08,Ajanta Pharma,AJANTPHARM.NS,2941.85009765625,109539,109539,https://finance.yahoo.com/quote/AJANTPHARM.NS/
2026-06-09,Ajanta Pharma,AJANTPHARM.NS,2989.810546875,199046,199046,https://finance.yahoo.com/quote/AJANTPHARM.NS/
2026-06-10,Ajanta Pharma,AJANTPHARM.NS,3046.98681640625,182466,182466,https://finance.yahoo.com/quote/AJANTPHARM.NS/
2026-06-11,Ajanta Pharma,AJANTPHARM.NS,3114.864990234375,192433,192433,https://finance.yahoo.com/quote/AJANTPHARM.NS/
2026-06-12,Ajanta Pharma,AJANTPHARM.NS,3102.57763671875,80576,80576,https://finance.yahoo.com/quote/AJANTPHARM.NS/
2026-06-15,Ajanta Pharma,AJANTPHARM.NS,3026.6728515625,184691,184691,https://finance.yahoo.com/quote/AJANTPHARM.NS/
2026-06-16,Ajanta Pharma,AJANTPHARM.NS,3051.7431640625,109817,109817,https://finance.yahoo.com/quote/AJANTPHARM.NS/
2026-06-17,Ajanta Pharma,AJANTPHARM.NS,3051.446044921875,84200,84200,https://finance.yahoo.com/quote/AJANTPHARM.NS/
2026-06-18,Ajanta Pharma,AJANTPHARM.NS,3045.69873046875,86653,86653,https://finance.yahoo.com/quote/AJANTPHARM.NS/
2026-06-19,Ajanta Pharma,AJANTPHARM.NS,3037.375,51177,51177,https://finance.yahoo.com/quote/AJANTPHARM.NS/
2026-06-22,Ajanta Pharma,AJANTPHARM.NS,3160.74462890625,140206,140206,https://finance.yahoo.com/quote/AJANTPHARM.NS/
2026-06-23,Ajanta Pharma,AJANTPHARM.NS,3158.465576171875,165165,165165,https://finance.yahoo.com/quote/AJANTPHARM.NS/
2026-06-24,Ajanta Pharma,AJANTPHARM.NS,3226.1455078125,88002,88002,https://finance.yahoo.com/quote/AJANTPHARM.NS/
2026-06-25,Ajanta Pharma,AJANTPHARM.NS,3151.529052734375,37311,37311,https://finance.yahoo.com/quote/AJANTPHARM.NS/
2026-06-26,Ajanta Pharma,AJANTPHARM.NS,3151.529052734375,0,0,https://finance.yahoo.com/quote/AJANTPHARM.NS/
2026-06-29,Ajanta Pharma,AJANTPHARM.NS,3353.47900390625,922011,922011,https://finance.yahoo.com/quote/AJANTPHARM.NS/
2026-06-30,Ajanta Pharma,AJANTPHARM.NS,3391.629638671875,166869,166869,https://finance.yahoo.com/quote/AJANTPHARM.NS/
2026-07-01,Ajanta Pharma,AJANTPHARM.NS,3317.1123046875,99496,99496,https://finance.yahoo.com/quote/AJANTPHARM.NS/
2026-07-02,Ajanta Pharma,AJANTPHARM.NS,3314.932373046875,76713,76713,https://finance.yahoo.com/quote/AJANTPHARM.NS/
2026-07-03,Ajanta Pharma,AJANTPHARM.NS,3296.104736328125,83885,83885,https://finance.yahoo.com/quote/AJANTPHARM.NS/
2026-07-06,Ajanta Pharma,AJANTPHARM.NS,3342.876220703125,160205,160205,https://finance.yahoo.com/quote/AJANTPHARM.NS/
2026-07-07,Ajanta Pharma,AJANTPHARM.NS,3284.411865234375,68800,68800,https://finance.yahoo.com/quote/AJANTPHARM.NS/
2026-07-08,Ajanta Pharma,AJANTPHARM.NS,3249.035888671875,122540,122540,https://finance.yahoo.com/quote/AJANTPHARM.NS/
2026-07-09,Ajanta Pharma,AJANTPHARM.NS,3277.57470703125,56018,56018,https://finance.yahoo.com/quote/AJANTPHARM.NS/
2026-07-10,Ajanta Pharma,AJANTPHARM.NS,3318.202392578125,55151,55151,https://finance.yahoo.com/quote/AJANTPHARM.NS/
2026-07-13,Ajanta Pharma,AJANTPHARM.NS,3390.34130859375,137282,137282,https://finance.yahoo.com/quote/AJANTPHARM.NS/
2026-07-14,Ajanta Pharma,AJANTPHARM.NS,3377.85595703125,89241,89241,https://finance.yahoo.com/quote/AJANTPHARM.NS/
2026-07-15,Ajanta Pharma,AJANTPHARM.NS,3422.84375,49219,49219,https://finance.yahoo.com/quote/AJANTPHARM.NS/
2026-07-16,Ajanta Pharma,AJANTPHARM.NS,3421.45654296875,112113,112113,https://finance.yahoo.com/quote/AJANTPHARM.NS/
2026-07-17,Ajanta Pharma,AJANTPHARM.NS,3388.359619140625,93411,93411,https://finance.yahoo.com/quote/AJANTPHARM.NS/
2026-07-20,Ajanta Pharma,AJANTPHARM.NS,3437.50927734375,54972,54972,https://finance.yahoo.com/quote/AJANTPHARM.NS/
2026-07-21,Ajanta Pharma,AJANTPHARM.NS,3542.844482421875,204685,204685,https://finance.yahoo.com/quote/AJANTPHARM.NS/
2026-07-22,Ajanta Pharma,AJANTPHARM.NS,3427.5009765625,97050,97050,https://finance.yahoo.com/quote/AJANTPHARM.NS/
2026-07-23,Ajanta Pharma,AJANTPHARM.NS,3408.67333984375,74459,74459,https://finance.yahoo.com/quote/AJANTPHARM.NS/
2026-07-24,Ajanta Pharma,AJANTPHARM.NS,3338.91259765625,50410,50410,https://finance.yahoo.com/quote/AJANTPHARM.NS/
2026-07-27,Ajanta Pharma,AJANTPHARM.NS,3355.362060546875,81968,81968,https://finance.yahoo.com/quote/AJANTPHARM.NS/
2026-07-28,Ajanta Pharma,AJANTPHARM.NS,3312.05859375,76597,76597,https://finance.yahoo.com/quote/AJANTPHARM.NS/
2026-07-29,Ajanta Pharma,AJANTPHARM.NS,3365.66748046875,103607,103607,https://finance.yahoo.com/quote/AJANTPHARM.NS/
2026-07-30,Ajanta Pharma,AJANTPHARM.NS,3405.205078125,401183,401183,https://finance.yahoo.com/quote/AJANTPHARM.NS/
2026-07-31,Ajanta Pharma,AJANTPHARM.NS,3433.743896484375,211274,211274,https://finance.yahoo.com/quote/AJANTPHARM.NS/
2026-08-03,Ajanta Pharma,AJANTPHARM.NS,3482.001708984375,119278,119278,https://finance.yahoo.com/quote/AJANTPHARM.NS/
2026-08-04,Ajanta Pharma,AJANTPHARM.NS,3493.10009765625,83877,83877,https://finance.yahoo.com/quote/AJANTPHARM.NS/
2026-08-05,Ajanta Pharma,AJANTPHARM.NS,3437.5,126648,126648,https://finance.yahoo.com/quote/AJANTPHARM.NS/
2026-08-06,Ajanta Pharma,AJANTPHARM.NS,3470.39990234375,49287,49287,https://finance.yahoo.com/quote/AJANTPHARM.NS/
2026-08-07,Ajanta Pharma,AJANTPHARM.NS,3489.199951171875,34852,34852,https://finance.yahoo.com/quote/AJANTPHARM.NS/
2026-08-10,Ajanta Pharma,AJANTPHARM.NS,3506.199951171875,43409,43409,https://finance.yahoo.com/quote/AJANTPHARM.NS/
2026-08-11,Ajanta Pharma,AJANTPHARM.NS,3507.0,86524,86524,https://finance.yahoo.com/quote/AJANTPHARM.NS/
2026-08-12,Ajanta Pharma,AJANTPHARM.NS,3541.0,82946,82946,https://finance.yahoo.com/quote/AJANTPHARM.NS/
2026-08-13,Ajanta Pharma,AJANTPHARM.NS,3614.60009765625,136792,136792,https://finance.yahoo.com/quote/AJANTPHARM.NS/
2026-08-14,Ajanta Pharma,AJANTPHARM.NS,3672.800048828125,95494,95494,https://finance.yahoo.com/quote/AJANTPHARM.NS/
2026-08-17,Ajanta Pharma,AJANTPHARM.NS,3718.199951171875,110437,110437,https://finance.yahoo.com/quote/AJANTPHARM.NS/
2026-08-18,Ajanta Pharma,AJANTPHARM.NS,3706.39990234375,145440,145440,https://finance.yahoo.com/quote/AJANTPHARM.NS/
2026-08-19,Ajanta Pharma,AJANTPHARM.NS,3697.89990234375,84540,84540,https://finance.yahoo.com/quote/AJANTPHARM.NS/
2026-08-20,Ajanta Pharma,AJANTPHARM.NS,3658.60009765625,69455,69455,https://finance.yahoo.com/quote/AJANTPHARM.NS/
2026-08-21,Ajanta Pharma,AJANTPHARM.NS,3639.800048828125,51825,51825,https://finance.yahoo.com/quote/AJANTPHARM.NS/
2026-08-24,Ajanta Pharma,AJANTPHARM.NS,3579.89990234375,65679,65679,https://finance.yahoo.com/quote/AJANTPHARM.NS/
2026-08-25,Ajanta Pharma,AJANTPHARM.NS,3554.89990234375,116770,116770,https://finance.yahoo.com/quote/AJANTPHARM.NS/
2026-08-26,Ajanta Pharma,AJANTPHARM.NS,3551.800048828125,35227,35227,https://finance.yahoo.com/quote/AJANTPHARM.NS/
2026-08-27,Ajanta Pharma,AJANTPHARM.NS,3543.60009765625,49671,49671,https://finance.yahoo.com/quote/AJANTPHARM.NS/
2026-08-28,Ajanta Pharma,AJANTPHARM.NS,3557.0,39913,39913,https://finance.yahoo.com/quote/AJANTPHARM.NS/
2026-08-31,Ajanta Pharma,AJANTPHARM.NS,3601.89990234375,61976,61976,https://finance.yahoo.com/quote/AJANTPHARM.NS/
2026-09-01,Ajanta Pharma,AJANTPHARM.NS,3504.800048828125,87584,87584,https://finance.yahoo.com/quote/AJANTPHARM.NS/
2026-09-02,Ajanta Pharma,AJANTPHARM.NS,3481.699951171875,99445,99445,https://finance.yahoo.com/quote/AJANTPHARM.NS/
2026-09-03,Ajanta Pharma,AJANTPHARM.NS,3521.10009765625,42779,42779,https://finance.yahoo.com/quote/AJANTPHARM.NS/
2026-09-04,Ajanta Pharma,AJANTPHARM.NS,3464.800048828125,65346,65346,https://finance.yahoo.com/quote/AJANTPHARM.NS/
2026-09-07,Ajanta Pharma,AJANTPHARM.NS,3513.60009765625,72590,72590,https://finance.yahoo.com/quote/AJANTPHARM.NS/
2026-09-08,Ajanta Pharma,AJANTPHARM.NS,3579.300048828125,112843,112843,https://finance.yahoo.com/quote/AJANTPHARM.NS/
2026-09-09,Ajanta Pharma,AJANTPHARM.NS,3534.39990234375,41843,41843,https://finance.yahoo.com/quote/AJANTPHARM.NS/
2026-09-10,Ajanta Pharma,AJANTPHARM.NS,3520.0,20445,20445,https://finance.yahoo.com/quote/AJANTPHARM.NS/
2026-09-11,Ajanta Pharma,AJANTPHARM.NS,3533.39990234375,45547,45547,https://finance.yahoo.com/quote/AJANTPHARM.NS/
2026-09-14,Ajanta Pharma,AJANTPHARM.NS,3533.39990234375,0,0,https://finance.yahoo.com/quote/AJANTPHARM.NS/
2026-09-15,Ajanta Pharma,AJANTPHARM.NS,3510.39990234375,78118,78118,https://finance.yahoo.com/quote/AJANTPHARM.NS/
2026-09-16,Ajanta Pharma,AJANTPHARM.NS,3508.89990234375,116329,116329,https://finance.yahoo.com/quote/AJANTPHARM.NS/
2026-09-17,Ajanta Pharma,AJANTPHARM.NS,3500.5,97948,97948,https://finance.yahoo.com/quote/AJANTPHARM.NS/
2026-09-18,Ajanta Pharma,AJANTPHARM.NS,3563.60009765625,201322,201322,https://finance.yahoo.com/quote/AJANTPHARM.NS/
2026-09-21,Ajanta Pharma,AJANTPHARM.NS,3542.10009765625,135281,135281,https://finance.yahoo.com/quote/AJANTPHARM.NS/
2026-09-22,Ajanta Pharma,AJANTPHARM.NS,3519.300048828125,106260,106260,https://finance.yahoo.com/quote/AJANTPHARM.NS/
2026-09-23,Ajanta Pharma,AJANTPHARM.NS,3568.10009765625,30430,30430,https://finance.yahoo.com/quote/AJANTPHARM.NS/
2026-09-24,Ajanta Pharma,AJANTPHARM.NS,3539.5,37012,37012,https://finance.yahoo.com/quote/AJANTPHARM.NS/
2026-09-25,Ajanta Pharma,AJANTPHARM.NS,3547.800048828125,46112,46112,https://finance.yahoo.com/quote/AJANTPHARM.NS/
2026-09-28,Ajanta Pharma,AJANTPHARM.NS,3525.199951171875,97333,97333,https://finance.yahoo.com/quote/AJANTPHARM.NS/
2026-09-29,Ajanta Pharma,AJANTPHARM.NS,3557.5,85009,85009,https://finance.yahoo.com/quote/AJANTPHARM.NS/
2026-09-30,Ajanta Pharma,AJANTPHARM.NS,3620.800048828125,344068,344068,https://finance.yahoo.com/quote/AJANTPHARM.NS/
2026-10-01,Ajanta Pharma,AJANTPHARM.NS,3581.0,75759,75759,https://finance.yahoo.com/quote/AJANTPHARM.NS/
2025-04-02,Alkem Labs,ALKEM.NS,4832.00390625,75912,75912,https://finance.yahoo.com/quote/ALKEM.NS/
2025-04-03,Alkem Labs,ALKEM.NS,4914.8974609375,192699,192699,https://finance.yahoo.com/quote/ALKEM.NS/
2025-04-04,Alkem Labs,ALKEM.NS,4773.67578125,83897,83897,https://finance.yahoo.com/quote/ALKEM.NS/
2025-04-07,Alkem Labs,ALKEM.NS,4646.9365234375,141582,141582,https://finance.yahoo.com/quote/ALKEM.NS/
2025-04-08,Alkem Labs,ALKEM.NS,4782.02880859375,79702,79702,https://finance.yahoo.com/quote/ALKEM.NS/
2025-04-09,Alkem Labs,ALKEM.NS,4783.7099609375,69215,69215,https://finance.yahoo.com/quote/ALKEM.NS/
2025-04-11,Alkem Labs,ALKEM.NS,4831.75634765625,50959,50959,https://finance.yahoo.com/quote/ALKEM.NS/
2025-04-15,Alkem Labs,ALKEM.NS,4864.7255859375,97788,97788,https://finance.yahoo.com/quote/ALKEM.NS/
2025-04-16,Alkem Labs,ALKEM.NS,4901.10693359375,64140,64140,https://finance.yahoo.com/quote/ALKEM.NS/
2025-04-17,Alkem Labs,ALKEM.NS,4896.85546875,45830,45830,https://finance.yahoo.com/quote/ALKEM.NS/
2025-04-21,Alkem Labs,ALKEM.NS,4943.41943359375,97952,97952,https://finance.yahoo.com/quote/ALKEM.NS/
2025-04-22,Alkem Labs,ALKEM.NS,4956.46923828125,43203,43203,https://finance.yahoo.com/quote/ALKEM.NS/
2025-04-23,Alkem Labs,ALKEM.NS,5173.36865234375,162739,162739,https://finance.yahoo.com/quote/ALKEM.NS/
2025-04-24,Alkem Labs,ALKEM.NS,5141.93115234375,138180,138180,https://finance.yahoo.com/quote/ALKEM.NS/
2025-04-25,Alkem Labs,ALKEM.NS,4976.14208984375,78196,78196,https://finance.yahoo.com/quote/ALKEM.NS/
2025-04-28,Alkem Labs,ALKEM.NS,4968.52978515625,51506,51506,https://finance.yahoo.com/quote/ALKEM.NS/
2025-04-29,Alkem Labs,ALKEM.NS,4973.47216796875,53059,53059,https://finance.yahoo.com/quote/ALKEM.NS/
2025-04-30,Alkem Labs,ALKEM.NS,5057.7021484375,114595,114595,https://finance.yahoo.com/quote/ALKEM.NS/
2025-05-02,Alkem Labs,ALKEM.NS,5013.70849609375,34000,34000,https://finance.yahoo.com/quote/ALKEM.NS/
2025-05-05,Alkem Labs,ALKEM.NS,5027.54931640625,29925,29925,https://finance.yahoo.com/quote/ALKEM.NS/
2025-05-06,Alkem Labs,ALKEM.NS,4966.25537109375,33502,33502,https://finance.yahoo.com/quote/ALKEM.NS/
2025-05-07,Alkem Labs,ALKEM.NS,4975.6474609375,35691,35691,https://finance.yahoo.com/quote/ALKEM.NS/
2025-05-08,Alkem Labs,ALKEM.NS,4883.212890625,154258,154258,https://finance.yahoo.com/quote/ALKEM.NS/
2025-05-09,Alkem Labs,ALKEM.NS,4890.13330078125,53048,53048,https://finance.yahoo.com/quote/ALKEM.NS/
2025-05-12,Alkem Labs,ALKEM.NS,4963.29052734375,155478,155478,https://finance.yahoo.com/quote/ALKEM.NS/
2025-05-13,Alkem Labs,ALKEM.NS,5068.08251953125,50438,50438,https://finance.yahoo.com/quote/ALKEM.NS/
2025-05-14,Alkem Labs,ALKEM.NS,5068.576171875,104601,104601,https://finance.yahoo.com/quote/ALKEM.NS/
2025-05-15,Alkem Labs,ALKEM.NS,5216.8671875,117398,117398,https://finance.yahoo.com/quote/ALKEM.NS/
2025-05-16,Alkem Labs,ALKEM.NS,5161.50537109375,93472,93472,https://finance.yahoo.com/quote/ALKEM.NS/
2025-05-19,Alkem Labs,ALKEM.NS,5263.33154296875,179313,179313,https://finance.yahoo.com/quote/ALKEM.NS/
2025-05-20,Alkem Labs,ALKEM.NS,5199.072265625,69748,69748,https://finance.yahoo.com/quote/ALKEM.NS/
2025-05-21,Alkem Labs,ALKEM.NS,5312.76171875,209543,209543,https://finance.yahoo.com/quote/ALKEM.NS/
2025-05-22,Alkem Labs,ALKEM.NS,5238.6162109375,224391,224391,https://finance.yahoo.com/quote/ALKEM.NS/
2025-05-23,Alkem Labs,ALKEM.NS,5227.74169921875,79856,79856,https://finance.yahoo.com/quote/ALKEM.NS/
2025-05-26,Alkem Labs,ALKEM.NS,5189.18603515625,121077,121077,https://finance.yahoo.com/quote/ALKEM.NS/
2025-05-27,Alkem Labs,ALKEM.NS,5205.99267578125,59890,59890,https://finance.yahoo.com/quote/ALKEM.NS/
2025-05-28,Alkem Labs,ALKEM.NS,5204.509765625,79161,79161,https://finance.yahoo.com/quote/ALKEM.NS/
2025-05-29,Alkem Labs,ALKEM.NS,5234.16748046875,312981,312981,https://finance.yahoo.com/quote/ALKEM.NS/
2025-05-30,Alkem Labs,ALKEM.NS,5040.40087890625,724829,724829,https://finance.yahoo.com/quote/ALKEM.NS/
2025-06-02,Alkem Labs,ALKEM.NS,5038.423828125,171037,171037,https://finance.yahoo.com/quote/ALKEM.NS/
2025-06-03,Alkem Labs,ALKEM.NS,4939.56396484375,167913,167913,https://finance.yahoo.com/quote/ALKEM.NS/
2025-06-04,Alkem Labs,ALKEM.NS,4813.0224609375,709078,709078,https://finance.yahoo.com/quote/ALKEM.NS/
2025-06-05,Alkem Labs,ALKEM.NS,4788.306640625,151598,151598,https://finance.yahoo.com/quote/ALKEM.NS/
2025-06-06,Alkem Labs,ALKEM.NS,4807.09033203125,181782,181782,https://finance.yahoo.com/quote/ALKEM.NS/
2025-06-09,Alkem Labs,ALKEM.NS,4817.96484375,83010,83010,https://finance.yahoo.com/quote/ALKEM.NS/
2025-06-10,Alkem Labs,ALKEM.NS,4902.4912109375,300251,300251,https://finance.yahoo.com/quote/ALKEM.NS/
2025-06-11,Alkem Labs,ALKEM.NS,4829.82861328125,448188,448188,https://finance.yahoo.com/quote/ALKEM.NS/
2025-06-12,Alkem Labs,ALKEM.NS,4791.2724609375,244289,244289,https://finance.yahoo.com/quote/ALKEM.NS/
2025-06-13,Alkem Labs,ALKEM.NS,4792.26171875,382701,382701,https://finance.yahoo.com/quote/ALKEM.NS/
2025-06-16,Alkem Labs,ALKEM.NS,4812.52734375,71534,71534,https://finance.yahoo.com/quote/ALKEM.NS/
2025-06-17,Alkem Labs,ALKEM.NS,4758.15478515625,93153,93153,https://finance.yahoo.com/quote/ALKEM.NS/
2025-06-18,Alkem Labs,ALKEM.NS,4750.24560546875,120503,120503,https://finance.yahoo.com/quote/ALKEM.NS/
2025-06-19,Alkem Labs,ALKEM.NS,4727.5078125,79205,79205,https://finance.yahoo.com/quote/ALKEM.NS/
2025-06-20,Alkem Labs,ALKEM.NS,4719.10498046875,809748,809748,https://finance.yahoo.com/quote/ALKEM.NS/
2025-06-23,Alkem Labs,ALKEM.NS,4705.7587890625,85004,85004,https://finance.yahoo.com/quote/ALKEM.NS/
2025-06-24,Alkem Labs,ALKEM.NS,4756.17724609375,123314,123314,https://finance.yahoo.com/quote/ALKEM.NS/
2025-06-25,Alkem Labs,ALKEM.NS,4798.6875,234015,234015,https://finance.yahoo.com/quote/ALKEM.NS/
2025-06-26,Alkem Labs,ALKEM.NS,4785.8349609375,323731,323731,https://finance.yahoo.com/quote/ALKEM.NS/
2025-06-27,Alkem Labs,ALKEM.NS,4850.58935546875,113855,113855,https://finance.yahoo.com/quote/ALKEM.NS/
2025-06-30,Alkem Labs,ALKEM.NS,4882.71826171875,71583,71583,https://finance.yahoo.com/quote/ALKEM.NS/
2025-07-01,Alkem Labs,ALKEM.NS,4793.744140625,220023,220023,https://finance.yahoo.com/quote/ALKEM.NS/
2025-07-02,Alkem Labs,ALKEM.NS,4819.25048828125,73736,73736,https://finance.yahoo.com/quote/ALKEM.NS/
2025-07-03,Alkem Labs,ALKEM.NS,4767.05224609375,191430,191430,https://finance.yahoo.com/quote/ALKEM.NS/
2025-07-04,Alkem Labs,ALKEM.NS,4830.619140625,94037,94037,https://finance.yahoo.com/quote/ALKEM.NS/
2025-07-07,Alkem Labs,ALKEM.NS,4821.7216796875,86304,86304,https://finance.yahoo.com/quote/ALKEM.NS/
2025-07-08,Alkem Labs,ALKEM.NS,4746.19189453125,89141,89141,https://finance.yahoo.com/quote/ALKEM.NS/
2025-07-09,Alkem Labs,ALKEM.NS,4750.640625,69073,69073,https://finance.yahoo.com/quote/ALKEM.NS/
2025-07-10,Alkem Labs,ALKEM.NS,4678.8681640625,255925,255925,https://finance.yahoo.com/quote/ALKEM.NS/
2025-07-11,Alkem Labs,ALKEM.NS,4751.92626953125,183075,183075,https://finance.yahoo.com/quote/ALKEM.NS/
2025-07-14,Alkem Labs,ALKEM.NS,4785.53857421875,76088,76088,https://finance.yahoo.com/quote/ALKEM.NS/
2025-07-15,Alkem Labs,ALKEM.NS,4876.98486328125,225906,225906,https://finance.yahoo.com/quote/ALKEM.NS/
2025-07-16,Alkem Labs,ALKEM.NS,4945.19873046875,208308,208308,https://finance.yahoo.com/quote/ALKEM.NS/
2025-07-17,Alkem Labs,ALKEM.NS,4961.5107421875,78278,78278,https://finance.yahoo.com/quote/ALKEM.NS/
2025-07-18,Alkem Labs,ALKEM.NS,4941.54052734375,99411,99411,https://finance.yahoo.com/quote/ALKEM.NS/
2025-07-21,Alkem Labs,ALKEM.NS,4942.72705078125,58691,58691,https://finance.yahoo.com/quote/ALKEM.NS/
2025-07-22,Alkem Labs,ALKEM.NS,4915.14453125,63023,63023,https://finance.yahoo.com/quote/ALKEM.NS/
2025-07-23,Alkem Labs,ALKEM.NS,4918.4072265625,44660,44660,https://finance.yahoo.com/quote/ALKEM.NS/
2025-07-24,Alkem Labs,ALKEM.NS,4941.6396484375,112319,112319,https://finance.yahoo.com/quote/ALKEM.NS/
2025-07-25,Alkem Labs,ALKEM.NS,4954.78759765625,78170,78170,https://finance.yahoo.com/quote/ALKEM.NS/
2025-07-28,Alkem Labs,ALKEM.NS,4989.88330078125,99708,99708,https://finance.yahoo.com/quote/ALKEM.NS/
2025-07-29,Alkem Labs,ALKEM.NS,5012.91796875,80061,80061,https://finance.yahoo.com/quote/ALKEM.NS/
2025-07-30,Alkem Labs,ALKEM.NS,5041.48876953125,69771,69771,https://finance.yahoo.com/quote/ALKEM.NS/
2025-07-31,Alkem Labs,ALKEM.NS,4973.76904296875,118293,118293,https://finance.yahoo.com/quote/ALKEM.NS/
2025-08-01,Alkem Labs,ALKEM.NS,4843.1748046875,220552,220552,https://finance.yahoo.com/quote/ALKEM.NS/
2025-08-04,Alkem Labs,ALKEM.NS,4846.63427734375,49397,49397,https://finance.yahoo.com/quote/ALKEM.NS/
2025-08-05,Alkem Labs,ALKEM.NS,4864.92333984375,29316,29316,https://finance.yahoo.com/quote/ALKEM.NS/
2025-08-06,Alkem Labs,ALKEM.NS,4815.4931640625,141906,141906,https://finance.yahoo.com/quote/ALKEM.NS/
2025-08-07,Alkem Labs,ALKEM.NS,4816.482421875,75494,75494,https://finance.yahoo.com/quote/ALKEM.NS/
2025-08-08,Alkem Labs,ALKEM.NS,4717.45947265625,45812,45812,https://finance.yahoo.com/quote/ALKEM.NS/
2025-08-11,Alkem Labs,ALKEM.NS,4797.1728515625,43221,43221,https://finance.yahoo.com/quote/ALKEM.NS/
2025-08-12,Alkem Labs,ALKEM.NS,5098.69775390625,951630,951630,https://finance.yahoo.com/quote/ALKEM.NS/
2025-08-13,Alkem Labs,ALKEM.NS,5335.8583984375,899624,899624,https://finance.yahoo.com/quote/ALKEM.NS/
2025-08-14,Alkem Labs,ALKEM.NS,5295.2587890625,278431,278431,https://finance.yahoo.com/quote/ALKEM.NS/
2025-08-18,Alkem Labs,ALKEM.NS,5293.7734375,87552,87552,https://finance.yahoo.com/quote/ALKEM.NS/
2025-08-19,Alkem Labs,ALKEM.NS,5339.32373046875,222257,222257,https://finance.yahoo.com/quote/ALKEM.NS/
2025-08-20,Alkem Labs,ALKEM.NS,5340.314453125,139958,139958,https://finance.yahoo.com/quote/ALKEM.NS/
2025-08-21,Alkem Labs,ALKEM.NS,5369.03125,137549,137549,https://finance.yahoo.com/quote/ALKEM.NS/
2025-08-22,Alkem Labs,ALKEM.NS,5372.99169921875,99592,99592,https://finance.yahoo.com/quote/ALKEM.NS/
2025-08-25,Alkem Labs,ALKEM.NS,5362.59423828125,142332,142332,https://finance.yahoo.com/quote/ALKEM.NS/
2025-08-26,Alkem Labs,ALKEM.NS,5369.03125,188824,188824,https://finance.yahoo.com/quote/ALKEM.NS/
2025-08-28,Alkem Labs,ALKEM.NS,5323.48046875,114906,114906,https://finance.yahoo.com/quote/ALKEM.NS/
2025-08-29,Alkem Labs,ALKEM.NS,5251.68896484375,115288,115288,https://finance.yahoo.com/quote/ALKEM.NS/
2025-09-01,Alkem Labs,ALKEM.NS,5248.71826171875,56377,56377,https://finance.yahoo.com/quote/ALKEM.NS/
2025-09-02,Alkem Labs,ALKEM.NS,5195.24560546875,115513,115513,https://finance.yahoo.com/quote/ALKEM.NS/
2025-09-03,Alkem Labs,ALKEM.NS,5240.30078125,72703,72703,https://finance.yahoo.com/quote/ALKEM.NS/
2025-09-04,Alkem Labs,ALKEM.NS,5249.7080078125,131772,131772,https://finance.yahoo.com/quote/ALKEM.NS/
2025-09-05,Alkem Labs,ALKEM.NS,5281.3955078125,237701,237701,https://finance.yahoo.com/quote/ALKEM.NS/
2025-09-08,Alkem Labs,ALKEM.NS,5280.90087890625,39709,39709,https://finance.yahoo.com/quote/ALKEM.NS/
2025-09-09,Alkem Labs,ALKEM.NS,5283.87109375,92005,92005,https://finance.yahoo.com/quote/ALKEM.NS/
2025-09-10,Alkem Labs,ALKEM.NS,5268.5224609375,190853,190853,https://finance.yahoo.com/quote/ALKEM.NS/
2025-09-11,Alkem Labs,ALKEM.NS,5340.8095703125,353892,353892,https://finance.yahoo.com/quote/ALKEM.NS/
2025-09-12,Alkem Labs,ALKEM.NS,5394.77685546875,120660,120660,https://finance.yahoo.com/quote/ALKEM.NS/
2025-09-15,Alkem Labs,ALKEM.NS,5446.76416015625,171883,171883,https://finance.yahoo.com/quote/ALKEM.NS/
2025-09-16,Alkem Labs,ALKEM.NS,5449.23974609375,70616,70616,https://finance.yahoo.com/quote/ALKEM.NS/
2025-09-17,Alkem Labs,ALKEM.NS,5419.03759765625,95963,95963,https://finance.yahoo.com/quote/ALKEM.NS/
2025-09-18,Alkem Labs,ALKEM.NS,5425.96923828125,160615,160615,https://finance.yahoo.com/quote/ALKEM.NS/
2025-09-19,Alkem Labs,ALKEM.NS,5487.36376953125,383661,383661,https://finance.yahoo.com/quote/ALKEM.NS/
2025-09-22,Alkem Labs,ALKEM.NS,5441.31787109375,382463,382463,https://finance.yahoo.com/quote/ALKEM.NS/
2025-09-23,Alkem Labs,ALKEM.NS,5490.33447265625,240178,240178,https://finance.yahoo.com/quote/ALKEM.NS/
2025-09-24,Alkem Labs,ALKEM.NS,5521.52685546875,156546,156546,https://finance.yahoo.com/quote/ALKEM.NS/
2025-09-25,Alkem Labs,ALKEM.NS,5454.1904296875,291331,291331,https://finance.yahoo.com/quote/ALKEM.NS/
2025-09-26,Alkem Labs,ALKEM.NS,5379.923828125,181521,181521,https://finance.yahoo.com/quote/ALKEM.NS/
2025-09-29,Alkem Labs,ALKEM.NS,5356.158203125,184179,184179,https://finance.yahoo.com/quote/ALKEM.NS/
2025-09-30,Alkem Labs,ALKEM.NS,5372.001953125,72780,72780,https://finance.yahoo.com/quote/ALKEM.NS/
2025-10-01,Alkem Labs,ALKEM.NS,5406.16455078125,177738,177738,https://finance.yahoo.com/quote/ALKEM.NS/
2025-10-03,Alkem Labs,ALKEM.NS,5388.83544921875,110809,110809,https://finance.yahoo.com/quote/ALKEM.NS/
2025-10-06,Alkem Labs,ALKEM.NS,5440.32763671875,106173,106173,https://finance.yahoo.com/quote/ALKEM.NS/
2025-10-07,Alkem Labs,ALKEM.NS,5438.3466796875,103639,103639,https://finance.yahoo.com/quote/ALKEM.NS/
2025-10-08,Alkem Labs,ALKEM.NS,5439.83251953125,175891,175891,https://finance.yahoo.com/quote/ALKEM.NS/
2025-10-09,Alkem Labs,ALKEM.NS,5426.95947265625,108874,108874,https://finance.yahoo.com/quote/ALKEM.NS/
2025-10-10,Alkem Labs,ALKEM.NS,5401.2138671875,171470,171470,https://finance.yahoo.com/quote/ALKEM.NS/
2025-10-13,Alkem Labs,ALKEM.NS,5438.84228515625,78208,78208,https://finance.yahoo.com/quote/ALKEM.NS/
2025-10-14,Alkem Labs,ALKEM.NS,5439.33740234375,79032,79032,https://finance.yahoo.com/quote/ALKEM.NS/
2025-10-15,Alkem Labs,ALKEM.NS,5512.119140625,171811,171811,https://finance.yahoo.com/quote/ALKEM.NS/
2025-10-16,Alkem Labs,ALKEM.NS,5470.0341796875,168000,168000,https://finance.yahoo.com/quote/ALKEM.NS/
2025-10-17,Alkem Labs,ALKEM.NS,5526.97314453125,65056,65056,https://finance.yahoo.com/quote/ALKEM.NS/
2025-10-20,Alkem Labs,ALKEM.NS,5502.71240234375,102119,102119,https://finance.yahoo.com/quote/ALKEM.NS/
2025-10-21,Alkem Labs,ALKEM.NS,5493.3046875,16880,16880,https://finance.yahoo.com/quote/ALKEM.NS/
2025-10-23,Alkem Labs,ALKEM.NS,5479.93701171875,49489,49489,https://finance.yahoo.com/quote/ALKEM.NS/
2025-10-24,Alkem Labs,ALKEM.NS,5490.8291015625,117663,117663,https://finance.yahoo.com/quote/ALKEM.NS/
2025-10-27,Alkem Labs,ALKEM.NS,5422.00830078125,71439,71439,https://finance.yahoo.com/quote/ALKEM.NS/
2025-10-28,Alkem Labs,ALKEM.NS,5378.93310546875,156752,156752,https://finance.yahoo.com/quote/ALKEM.NS/
2025-10-29,Alkem Labs,ALKEM.NS,5480.9267578125,125682,125682,https://finance.yahoo.com/quote/ALKEM.NS/
2025-10-30,Alkem Labs,ALKEM.NS,5471.02490234375,78928,78928,https://finance.yahoo.com/quote/ALKEM.NS/
2025-10-31,Alkem Labs,ALKEM.NS,5452.70556640625,178327,178327,https://finance.yahoo.com/quote/ALKEM.NS/
2025-11-03,Alkem Labs,ALKEM.NS,5573.513671875,76090,76090,https://finance.yahoo.com/quote/ALKEM.NS/
2025-11-04,Alkem Labs,ALKEM.NS,5608.66650390625,237864,237864,https://finance.yahoo.com/quote/ALKEM.NS/
2025-11-06,Alkem Labs,ALKEM.NS,5588.3671875,152300,152300,https://finance.yahoo.com/quote/ALKEM.NS/
2025-11-07,Alkem Labs,ALKEM.NS,5613.123046875,226721,226721,https://finance.yahoo.com/quote/ALKEM.NS/
2025-11-10,Alkem Labs,ALKEM.NS,5624.015625,185968,185968,https://finance.yahoo.com/quote/ALKEM.NS/
2025-11-11,Alkem Labs,ALKEM.NS,5640.84912109375,124473,124473,https://finance.yahoo.com/quote/ALKEM.NS/
2025-11-12,Alkem Labs,ALKEM.NS,5711.15576171875,173486,173486,https://finance.yahoo.com/quote/ALKEM.NS/
2025-11-13,Alkem Labs,ALKEM.NS,5669.56591796875,477859,477859,https://finance.yahoo.com/quote/ALKEM.NS/
2025-11-14,Alkem Labs,ALKEM.NS,5666.59521484375,383633,383633,https://finance.yahoo.com/quote/ALKEM.NS/
2025-11-17,Alkem Labs,ALKEM.NS,5667.09033203125,176721,176721,https://finance.yahoo.com/quote/ALKEM.NS/
2025-11-18,Alkem Labs,ALKEM.NS,5657.18798828125,243124,243124,https://finance.yahoo.com/quote/ALKEM.NS/
2025-11-19,Alkem Labs,ALKEM.NS,5668.08056640625,104658,104658,https://finance.yahoo.com/quote/ALKEM.NS/
2025-11-20,Alkem Labs,ALKEM.NS,5644.3154296875,80099,80099,https://finance.yahoo.com/quote/ALKEM.NS/
2025-11-21,Alkem Labs,ALKEM.NS,5644.3154296875,110129,110129,https://finance.yahoo.com/quote/ALKEM.NS/
2025-11-24,Alkem Labs,ALKEM.NS,5570.0478515625,622381,622381,https://finance.yahoo.com/quote/ALKEM.NS/
2025-11-25,Alkem Labs,ALKEM.NS,5645.30517578125,90149,90149,https://finance.yahoo.com/quote/ALKEM.NS/
2025-11-26,Alkem Labs,ALKEM.NS,5716.60205078125,85479,85479,https://finance.yahoo.com/quote/ALKEM.NS/
2025-11-27,Alkem Labs,ALKEM.NS,5630.947265625,163929,163929,https://finance.yahoo.com/quote/ALKEM.NS/
2025-11-28,Alkem Labs,ALKEM.NS,5629.46142578125,57067,57067,https://finance.yahoo.com/quote/ALKEM.NS/
2025-12-01,Alkem Labs,ALKEM.NS,5554.69921875,78861,78861,https://finance.yahoo.com/quote/ALKEM.NS/
2025-12-02,Alkem Labs,ALKEM.NS,5583.416015625,54507,54507,https://finance.yahoo.com/quote/ALKEM.NS/
2025-12-03,Alkem Labs,ALKEM.NS,5592.328125,41633,41633,https://finance.yahoo.com/quote/ALKEM.NS/
2025-12-04,Alkem Labs,ALKEM.NS,5603.71533203125,87945,87945,https://finance.yahoo.com/quote/ALKEM.NS/
2025-12-05,Alkem Labs,ALKEM.NS,5620.05419921875,117812,117812,https://finance.yahoo.com/quote/ALKEM.NS/
2025-12-08,Alkem Labs,ALKEM.NS,5544.3017578125,149501,149501,https://finance.yahoo.com/quote/ALKEM.NS/
2025-12-09,Alkem Labs,ALKEM.NS,5612.1328125,78016,78016,https://finance.yahoo.com/quote/ALKEM.NS/
2025-12-10,Alkem Labs,ALKEM.NS,5543.806640625,79123,79123,https://finance.yahoo.com/quote/ALKEM.NS/
2025-12-11,Alkem Labs,ALKEM.NS,5571.0380859375,63919,63919,https://finance.yahoo.com/quote/ALKEM.NS/
2025-12-12,Alkem Labs,ALKEM.NS,5575.9892578125,35892,35892,https://finance.yahoo.com/quote/ALKEM.NS/
2025-12-15,Alkem Labs,ALKEM.NS,5569.552734375,21765,21765,https://finance.yahoo.com/quote/ALKEM.NS/
2025-12-16,Alkem Labs,ALKEM.NS,5608.171875,93566,93566,https://finance.yahoo.com/quote/ALKEM.NS/
2025-12-17,Alkem Labs,ALKEM.NS,5573.513671875,36002,36002,https://finance.yahoo.com/quote/ALKEM.NS/
2025-12-18,Alkem Labs,ALKEM.NS,5467.0634765625,34737,34737,https://finance.yahoo.com/quote/ALKEM.NS/
2025-12-19,Alkem Labs,ALKEM.NS,5501.2265625,51668,51668,https://finance.yahoo.com/quote/ALKEM.NS/
2025-12-22,Alkem Labs,ALKEM.NS,5569.0576171875,82271,82271,https://finance.yahoo.com/quote/ALKEM.NS/
2025-12-23,Alkem Labs,ALKEM.NS,5542.3212890625,28301,28301,https://finance.yahoo.com/quote/ALKEM.NS/
2025-12-24,Alkem Labs,ALKEM.NS,5511.6240234375,41257,41257,https://finance.yahoo.com/quote/ALKEM.NS/
2025-12-26,Alkem Labs,ALKEM.NS,5480.9267578125,40414,40414,https://finance.yahoo.com/quote/ALKEM.NS/
2025-12-29,Alkem Labs,ALKEM.NS,5451.2197265625,39102,39102,https://finance.yahoo.com/quote/ALKEM.NS/
2025-12-30,Alkem Labs,ALKEM.NS,5415.57177734375,145561,145561,https://finance.yahoo.com/quote/ALKEM.NS/
2025-12-31,Alkem Labs,ALKEM.NS,5452.70556640625,37479,37479,https://finance.yahoo.com/quote/ALKEM.NS/
2026-01-01,Alkem Labs,ALKEM.NS,5410.12548828125,44385,44385,https://finance.yahoo.com/quote/ALKEM.NS/
2026-01-02,Alkem Labs,ALKEM.NS,5537.865234375,37645,37645,https://finance.yahoo.com/quote/ALKEM.NS/
2026-01-05,Alkem Labs,ALKEM.NS,5498.25634765625,42046,42046,https://finance.yahoo.com/quote/ALKEM.NS/
2026-01-06,Alkem Labs,ALKEM.NS,5600.25,86105,86105,https://finance.yahoo.com/quote/ALKEM.NS/
2026-01-07,Alkem Labs,ALKEM.NS,5749.77490234375,188593,188593,https://finance.yahoo.com/quote/ALKEM.NS/
2026-01-08,Alkem Labs,ALKEM.NS,5736.40673828125,133290,133290,https://finance.yahoo.com/quote/ALKEM.NS/
2026-01-09,Alkem Labs,ALKEM.NS,5742.34765625,134371,134371,https://finance.yahoo.com/quote/ALKEM.NS/
2026-01-12,Alkem Labs,ALKEM.NS,5809.68359375,118161,118161,https://finance.yahoo.com/quote/ALKEM.NS/
2026-01-13,Alkem Labs,ALKEM.NS,5806.2177734375,183102,183102,https://finance.yahoo.com/quote/ALKEM.NS/
2026-01-14,Alkem Labs,ALKEM.NS,5773.5400390625,89063,89063,https://finance.yahoo.com/quote/ALKEM.NS/
2026-01-16,Alkem Labs,ALKEM.NS,5779.4814453125,120335,120335,https://finance.yahoo.com/quote/ALKEM.NS/
2026-01-19,Alkem Labs,ALKEM.NS,5691.84619140625,128572,128572,https://finance.yahoo.com/quote/ALKEM.NS/
2026-01-20,Alkem Labs,ALKEM.NS,5664.61474609375,160200,160200,https://finance.yahoo.com/quote/ALKEM.NS/
2026-01-21,Alkem Labs,ALKEM.NS,5601.23974609375,76707,76707,https://finance.yahoo.com/quote/ALKEM.NS/
2026-01-22,Alkem Labs,ALKEM.NS,5702.24365234375,246944,246944,https://finance.yahoo.com/quote/ALKEM.NS/
2026-01-23,Alkem Labs,ALKEM.NS,5694.32177734375,77302,77302,https://finance.yahoo.com/quote/ALKEM.NS/
2026-01-27,Alkem Labs,ALKEM.NS,5697.78759765625,99479,99479,https://finance.yahoo.com/quote/ALKEM.NS/
2026-01-28,Alkem Labs,ALKEM.NS,5666.59521484375,168889,168889,https://finance.yahoo.com/quote/ALKEM.NS/
2026-01-29,Alkem Labs,ALKEM.NS,5657.18798828125,64418,64418,https://finance.yahoo.com/quote/ALKEM.NS/
2026-01-30,Alkem Labs,ALKEM.NS,5622.03466796875,160841,160841,https://finance.yahoo.com/quote/ALKEM.NS/
2026-02-02,Alkem Labs,ALKEM.NS,5467.55859375,129255,129255,https://finance.yahoo.com/quote/ALKEM.NS/
2026-02-03,Alkem Labs,ALKEM.NS,5646.79052734375,175751,175751,https://finance.yahoo.com/quote/ALKEM.NS/
2026-02-04,Alkem Labs,ALKEM.NS,5598.26904296875,78850,78850,https://finance.yahoo.com/quote/ALKEM.NS/
2026-02-05,Alkem Labs,ALKEM.NS,5607.181640625,108123,108123,https://finance.yahoo.com/quote/ALKEM.NS/
2026-02-06,Alkem Labs,ALKEM.NS,5628.4716796875,52719,52719,https://finance.yahoo.com/quote/ALKEM.NS/
2026-02-09,Alkem Labs,ALKEM.NS,5694.32177734375,227955,227955,https://finance.yahoo.com/quote/ALKEM.NS/
2026-02-10,Alkem Labs,ALKEM.NS,5754.72607421875,84505,84505,https://finance.yahoo.com/quote/ALKEM.NS/
2026-02-11,Alkem Labs,ALKEM.NS,5832.458984375,78718,78718,https://finance.yahoo.com/quote/ALKEM.NS/
2026-02-12,Alkem Labs,ALKEM.NS,5813.1494140625,70024,70024,https://finance.yahoo.com/quote/ALKEM.NS/
2026-02-13,Alkem Labs,ALKEM.NS,5349.72119140625,605115,605115,https://finance.yahoo.com/quote/ALKEM.NS/
2026-02-16,Alkem Labs,ALKEM.NS,5426.95947265625,132794,132794,https://finance.yahoo.com/quote/ALKEM.NS/
2026-02-17,Alkem Labs,ALKEM.NS,5403.19384765625,74670,74670,https://finance.yahoo.com/quote/ALKEM.NS/
2026-02-18,Alkem Labs,ALKEM.NS,5410.62060546875,83592,83592,https://finance.yahoo.com/quote/ALKEM.NS/
2026-02-19,Alkem Labs,ALKEM.NS,5324.470703125,190955,190955,https://finance.yahoo.com/quote/ALKEM.NS/
2026-02-20,Alkem Labs,ALKEM.NS,5382.3671875,66662,66662,https://finance.yahoo.com/quote/ALKEM.NS/
2026-02-23,Alkem Labs,ALKEM.NS,5480.69091796875,139365,139365,https://finance.yahoo.com/quote/ALKEM.NS/
2026-02-24,Alkem Labs,ALKEM.NS,5485.68212890625,119453,119453,https://finance.yahoo.com/quote/ALKEM.NS/
2026-02-25,Alkem Labs,ALKEM.NS,5614.95068359375,231439,231439,https://finance.yahoo.com/quote/ALKEM.NS/
2026-02-26,Alkem Labs,ALKEM.NS,5741.72412109375,84228,84228,https://finance.yahoo.com/quote/ALKEM.NS/
2026-02-27,Alkem Labs,ALKEM.NS,5629.4248046875,131566,131566,https://finance.yahoo.com/quote/ALKEM.NS/
2026-03-02,Alkem Labs,ALKEM.NS,5556.05615234375,54260,54260,https://finance.yahoo.com/quote/ALKEM.NS/
2026-03-04,Alkem Labs,ALKEM.NS,5456.73388671875,87647,87647,https://finance.yahoo.com/quote/ALKEM.NS/
2026-03-05,Alkem Labs,ALKEM.NS,5540.0849609375,96348,96348,https://finance.yahoo.com/quote/ALKEM.NS/
2026-03-06,Alkem Labs,ALKEM.NS,5520.12060546875,41269,41269,https://finance.yahoo.com/quote/ALKEM.NS/
2026-03-09,Alkem Labs,ALKEM.NS,5450.24560546875,41694,41694,https://finance.yahoo.com/quote/ALKEM.NS/
2026-03-10,Alkem Labs,ALKEM.NS,5606.4658203125,127594,127594,https://finance.yahoo.com/quote/ALKEM.NS/
2026-03-11,Alkem Labs,ALKEM.NS,5534.5947265625,147779,147779,https://finance.yahoo.com/quote/ALKEM.NS/
2026-03-12,Alkem Labs,ALKEM.NS,5434.27392578125,121868,121868,https://finance.yahoo.com/quote/ALKEM.NS/
2026-03-13,Alkem Labs,ALKEM.NS,5345.93212890625,103318,103318,https://finance.yahoo.com/quote/ALKEM.NS/
2026-03-16,Alkem Labs,ALKEM.NS,5313.490234375,204293,204293,https://finance.yahoo.com/quote/ALKEM.NS/
2026-03-17,Alkem Labs,ALKEM.NS,5323.9716796875,127237,127237,https://finance.yahoo.com/quote/ALKEM.NS/
2026-03-18,Alkem Labs,ALKEM.NS,5341.939453125,65448,65448,https://finance.yahoo.com/quote/ALKEM.NS/
2026-03-19,Alkem Labs,ALKEM.NS,5230.638671875,60008,60008,https://finance.yahoo.com/quote/ALKEM.NS/
2026-03-20,Alkem Labs,ALKEM.NS,5248.107421875,325586,325586,https://finance.yahoo.com/quote/ALKEM.NS/
2026-03-23,Alkem Labs,ALKEM.NS,5135.30908203125,110544,110544,https://finance.yahoo.com/quote/ALKEM.NS/
2026-03-24,Alkem Labs,ALKEM.NS,5287.53662109375,79204,79204,https://finance.yahoo.com/quote/ALKEM.NS/
2026-03-25,Alkem Labs,ALKEM.NS,5425.78955078125,61346,61346,https://finance.yahoo.com/quote/ALKEM.NS/
2026-03-27,Alkem Labs,ALKEM.NS,5334.95166015625,145051,145051,https://finance.yahoo.com/quote/ALKEM.NS/
2026-03-30,Alkem Labs,ALKEM.NS,5289.533203125,182729,182729,https://finance.yahoo.com/quote/ALKEM.NS/
2026-04-01,Alkem Labs,ALKEM.NS,5235.13037109375,119101,119101,https://finance.yahoo.com/quote/ALKEM.NS/
2026-04-02,Alkem Labs,ALKEM.NS,5248.6064453125,70183,70183,https://finance.yahoo.com/quote/ALKEM.NS/
2026-04-06,Alkem Labs,ALKEM.NS,5227.14501953125,81489,81489,https://finance.yahoo.com/quote/ALKEM.NS/
2026-04-07,Alkem Labs,ALKEM.NS,5163.25927734375,136756,136756,https://finance.yahoo.com/quote/ALKEM.NS/
2026-04-08,Alkem Labs,ALKEM.NS,5236.6279296875,145626,145626,https://finance.yahoo.com/quote/ALKEM.NS/
2026-04-09,Alkem Labs,ALKEM.NS,5360.9052734375,128017,128017,https://finance.yahoo.com/quote/ALKEM.NS/
2026-04-10,Alkem Labs,ALKEM.NS,5430.28125,80490,80490,https://finance.yahoo.com/quote/ALKEM.NS/
2026-04-13,Alkem Labs,ALKEM.NS,5354.916015625,165527,165527,https://finance.yahoo.com/quote/ALKEM.NS/
2026-04-15,Alkem Labs,ALKEM.NS,5565.5390625,191897,191897,https://finance.yahoo.com/quote/ALKEM.NS/
2026-04-16,Alkem Labs,ALKEM.NS,5560.048828125,115380,115380,https://finance.yahoo.com/quote/ALKEM.NS/
2026-04-17,Alkem Labs,ALKEM.NS,5572.02783203125,126039,126039,https://finance.yahoo.com/quote/ALKEM.NS/
2026-04-20,Alkem Labs,ALKEM.NS,5631.92041015625,64218,64218,https://finance.yahoo.com/quote/ALKEM.NS/
2026-04-21,Alkem Labs,ALKEM.NS,5686.3232421875,127553,127553,https://finance.yahoo.com/quote/ALKEM.NS/
2026-04-22,Alkem Labs,ALKEM.NS,5616.947265625,199874,199874,https://finance.yahoo.com/quote/ALKEM.NS/
2026-04-23,Alkem Labs,ALKEM.NS,5510.6376953125,161346,161346,https://finance.yahoo.com/quote/ALKEM.NS/
2026-04-24,Alkem Labs,ALKEM.NS,5225.6474609375,170430,170430,https://finance.yahoo.com/quote/ALKEM.NS/
2026-04-27,Alkem Labs,ALKEM.NS,5334.45263671875,212162,212162,https://finance.yahoo.com/quote/ALKEM.NS/
2026-04-28,Alkem Labs,ALKEM.NS,5408.81982421875,96733,96733,https://finance.yahoo.com/quote/ALKEM.NS/
2026-04-29,Alkem Labs,ALKEM.NS,5334.45263671875,96480,96480,https://finance.yahoo.com/quote/ALKEM.NS/
2026-04-30,Alkem Labs,ALKEM.NS,5390.3525390625,151866,151866,https://finance.yahoo.com/quote/ALKEM.NS/
2026-05-01,Alkem Labs,ALKEM.NS,5390.3525390625,0,0,https://finance.yahoo.com/quote/ALKEM.NS/
2026-05-04,Alkem Labs,ALKEM.NS,5350.92333984375,103605,103605,https://finance.yahoo.com/quote/ALKEM.NS/
2026-05-05,Alkem Labs,ALKEM.NS,5393.34716796875,57471,57471,https://finance.yahoo.com/quote/ALKEM.NS/
2026-05-06,Alkem Labs,ALKEM.NS,5547.072265625,130241,130241,https://finance.yahoo.com/quote/ALKEM.NS/
2026-05-07,Alkem Labs,ALKEM.NS,5580.51220703125,90089,90089,https://finance.yahoo.com/quote/ALKEM.NS/
2026-05-08,Alkem Labs,ALKEM.NS,5575.521484375,55727,55727,https://finance.yahoo.com/quote/ALKEM.NS/
2026-05-11,Alkem Labs,ALKEM.NS,5589.49609375,53127,53127,https://finance.yahoo.com/quote/ALKEM.NS/
2026-05-12,Alkem Labs,ALKEM.NS,5486.68017578125,46029,46029,https://finance.yahoo.com/quote/ALKEM.NS/
2026-05-13,Alkem Labs,ALKEM.NS,5452.7412109375,31556,31556,https://finance.yahoo.com/quote/ALKEM.NS/
2026-05-14,Alkem Labs,ALKEM.NS,5566.53759765625,75843,75843,https://finance.yahoo.com/quote/ALKEM.NS/
2026-05-15,Alkem Labs,ALKEM.NS,5476.19921875,64559,64559,https://finance.yahoo.com/quote/ALKEM.NS/
2026-05-18,Alkem Labs,ALKEM.NS,5458.2314453125,122385,122385,https://finance.yahoo.com/quote/ALKEM.NS/
2026-05-19,Alkem Labs,ALKEM.NS,5460.2275390625,105741,105741,https://finance.yahoo.com/quote/ALKEM.NS/
2026-05-20,Alkem Labs,ALKEM.NS,5426.78759765625,50467,50467,https://finance.yahoo.com/quote/ALKEM.NS/
2026-05-21,Alkem Labs,ALKEM.NS,5491.67138671875,100493,100493,https://finance.yahoo.com/quote/ALKEM.NS/
2026-05-22,Alkem Labs,ALKEM.NS,5394.8447265625,64842,64842,https://finance.yahoo.com/quote/ALKEM.NS/
2026-05-25,Alkem Labs,ALKEM.NS,5390.85205078125,41636,41636,https://finance.yahoo.com/quote/ALKEM.NS/
2026-05-26,Alkem Labs,ALKEM.NS,5370.388671875,63451,63451,https://finance.yahoo.com/quote/ALKEM.NS/
2026-05-27,Alkem Labs,ALKEM.NS,5441.7607421875,186374,186374,https://finance.yahoo.com/quote/ALKEM.NS/
2026-05-28,Alkem Labs,ALKEM.NS,5441.7607421875,0,0,https://finance.yahoo.com/quote/ALKEM.NS/
2026-05-29,Alkem Labs,ALKEM.NS,5488.177734375,1404988,1404988,https://finance.yahoo.com/quote/ALKEM.NS/
2026-06-01,Alkem Labs,ALKEM.NS,5305.00537109375,215846,215846,https://finance.yahoo.com/quote/ALKEM.NS/
2026-06-02,Alkem Labs,ALKEM.NS,5229.64013671875,216729,216729,https://finance.yahoo.com/quote/ALKEM.NS/
2026-06-03,Alkem Labs,ALKEM.NS,5264.57763671875,167288,167288,https://finance.yahoo.com/quote/ALKEM.NS/
2026-06-04,Alkem Labs,ALKEM.NS,5267.0732421875,150489,150489,https://finance.yahoo.com/quote/ALKEM.NS/
2026-06-05,Alkem Labs,ALKEM.NS,5242.1181640625,143792,143792,https://finance.yahoo.com/quote/ALKEM.NS/
2026-06-08,Alkem Labs,ALKEM.NS,5346.9306640625,225217,225217,https://finance.yahoo.com/quote/ALKEM.NS/
2026-06-09,Alkem Labs,ALKEM.NS,5345.93212890625,177273,177273,https://finance.yahoo.com/quote/ALKEM.NS/
2026-06-10,Alkem Labs,ALKEM.NS,5290.0322265625,117951,117951,https://finance.yahoo.com/quote/ALKEM.NS/
2026-06-11,Alkem Labs,ALKEM.NS,5292.02880859375,120184,120184,https://finance.yahoo.com/quote/ALKEM.NS/
2026-06-12,Alkem Labs,ALKEM.NS,5288.53515625,67310,67310,https://finance.yahoo.com/quote/ALKEM.NS/
2026-06-15,Alkem Labs,ALKEM.NS,5324.470703125,70006,70006,https://finance.yahoo.com/quote/ALKEM.NS/
2026-06-16,Alkem Labs,ALKEM.NS,5338.44580078125,83189,83189,https://finance.yahoo.com/quote/ALKEM.NS/
2026-06-17,Alkem Labs,ALKEM.NS,5337.9462890625,65106,65106,https://finance.yahoo.com/quote/ALKEM.NS/
2026-06-18,Alkem Labs,ALKEM.NS,5362.40283203125,75504,75504,https://finance.yahoo.com/quote/ALKEM.NS/
2026-06-19,Alkem Labs,ALKEM.NS,5363.89990234375,82881,82881,https://finance.yahoo.com/quote/ALKEM.NS/
2026-06-22,Alkem Labs,ALKEM.NS,5357.41162109375,106481,106481,https://finance.yahoo.com/quote/ALKEM.NS/
2026-06-23,Alkem Labs,ALKEM.NS,5405.8251953125,210575,210575,https://finance.yahoo.com/quote/ALKEM.NS/
2026-06-24,Alkem Labs,ALKEM.NS,5418.8017578125,124021,124021,https://finance.yahoo.com/quote/ALKEM.NS/
2026-06-25,Alkem Labs,ALKEM.NS,5415.30810546875,146158,146158,https://finance.yahoo.com/quote/ALKEM.NS/
2026-06-26,Alkem Labs,ALKEM.NS,5415.30810546875,0,0,https://finance.yahoo.com/quote/ALKEM.NS/
2026-06-29,Alkem Labs,ALKEM.NS,5406.8232421875,193434,193434,https://finance.yahoo.com/quote/ALKEM.NS/
2026-06-30,Alkem Labs,ALKEM.NS,5560.048828125,340712,340712,https://finance.yahoo.com/quote/ALKEM.NS/
2026-07-01,Alkem Labs,ALKEM.NS,5557.5537109375,128296,128296,https://finance.yahoo.com/quote/ALKEM.NS/
2026-07-02,Alkem Labs,ALKEM.NS,5490.67333984375,163412,163412,https://finance.yahoo.com/quote/ALKEM.NS/
2026-07-03,Alkem Labs,ALKEM.NS,5552.5625,568290,568290,https://finance.yahoo.com/quote/ALKEM.NS/
2026-07-06,Alkem Labs,ALKEM.NS,5588.498046875,99065,99065,https://finance.yahoo.com/quote/ALKEM.NS/
2026-07-07,Alkem Labs,ALKEM.NS,5657.375,200471,200471,https://finance.yahoo.com/quote/ALKEM.NS/
2026-07-08,Alkem Labs,ALKEM.NS,5595.98486328125,101198,101198,https://finance.yahoo.com/quote/ALKEM.NS/
2026-07-09,Alkem Labs,ALKEM.NS,5638.40869140625,39730,39730,https://finance.yahoo.com/quote/ALKEM.NS/
2026-07-10,Alkem Labs,ALKEM.NS,5659.37109375,104124,104124,https://finance.yahoo.com/quote/ALKEM.NS/
2026-07-13,Alkem Labs,ALKEM.NS,5557.05419921875,219164,219164,https://finance.yahoo.com/quote/ALKEM.NS/
2026-07-14,Alkem Labs,ALKEM.NS,5591.49267578125,521134,521134,https://finance.yahoo.com/quote/ALKEM.NS/
2026-07-15,Alkem Labs,ALKEM.NS,5648.89013671875,213207,213207,https://finance.yahoo.com/quote/ALKEM.NS/
2026-07-16,Alkem Labs,ALKEM.NS,5698.80078125,67610,67610,https://finance.yahoo.com/quote/ALKEM.NS/
2026-07-17,Alkem Labs,ALKEM.NS,5553.0615234375,70604,70604,https://finance.yahoo.com/quote/ALKEM.NS/
2026-07-20,Alkem Labs,ALKEM.NS,5643.39990234375,108861,108861,https://finance.yahoo.com/quote/ALKEM.NS/
2026-07-21,Alkem Labs,ALKEM.NS,5671.349609375,27882,27882,https://finance.yahoo.com/quote/ALKEM.NS/
2026-07-22,Alkem Labs,ALKEM.NS,5575.0224609375,109986,109986,https://finance.yahoo.com/quote/ALKEM.NS/
2026-07-23,Alkem Labs,ALKEM.NS,5591.99169921875,50659,50659,https://finance.yahoo.com/quote/ALKEM.NS/
2026-07-24,Alkem Labs,ALKEM.NS,5623.435546875,55151,55151,https://finance.yahoo.com/quote/ALKEM.NS/
2026-07-27,Alkem Labs,ALKEM.NS,5602.97216796875,112113,112113,https://finance.yahoo.com/quote/ALKEM.NS/
2026-07-28,Alkem Labs,ALKEM.NS,5641.4033203125,58815,58815,https://finance.yahoo.com/quote/ALKEM.NS/
2026-07-29,Alkem Labs,ALKEM.NS,5662.36572265625,57547,57547,https://finance.yahoo.com/quote/ALKEM.NS/
2026-07-30,Alkem Labs,ALKEM.NS,5806.10888671875,301501,301501,https://finance.yahoo.com/quote/ALKEM.NS/
2026-07-31,Alkem Labs,ALKEM.NS,5741.224609375,116595,116595,https://finance.yahoo.com/quote/ALKEM.NS/
2026-08-03,Alkem Labs,ALKEM.NS,5696.80419921875,122664,122664,https://finance.yahoo.com/quote/ALKEM.NS/
2026-08-04,Alkem Labs,ALKEM.NS,5597.98095703125,37653,37653,https://finance.yahoo.com/quote/ALKEM.NS/
2026-08-05,Alkem Labs,ALKEM.NS,5686.3232421875,88646,88646,https://finance.yahoo.com/quote/ALKEM.NS/
2026-08-06,Alkem Labs,ALKEM.NS,5587.5,109477,109477,https://finance.yahoo.com/quote/ALKEM.NS/
2026-08-07,Alkem Labs,ALKEM.NS,5620.0,76165,76165,https://finance.yahoo.com/quote/ALKEM.NS/
2026-08-10,Alkem Labs,ALKEM.NS,5598.5,82544,82544,https://finance.yahoo.com/quote/ALKEM.NS/
2026-08-11,Alkem Labs,ALKEM.NS,5527.5,115598,115598,https://finance.yahoo.com/quote/ALKEM.NS/
2026-08-12,Alkem Labs,ALKEM.NS,5480.0,110443,110443,https://finance.yahoo.com/quote/ALKEM.NS/
2026-08-13,Alkem Labs,ALKEM.NS,5449.5,33025,33025,https://finance.yahoo.com/quote/ALKEM.NS/
2026-08-14,Alkem Labs,ALKEM.NS,5368.0,635598,635598,https://finance.yahoo.com/quote/ALKEM.NS/
2026-08-17,Alkem Labs,ALKEM.NS,5374.0,153275,153275,https://finance.yahoo.com/quote/ALKEM.NS/
2026-08-18,Alkem Labs,ALKEM.NS,5475.0,127028,127028,https://finance.yahoo.com/quote/ALKEM.NS/
2026-08-19,Alkem Labs,ALKEM.NS,5382.5,213076,213076,https://finance.yahoo.com/quote/ALKEM.NS/
2026-08-20,Alkem Labs,ALKEM.NS,5400.0,85369,85369,https://finance.yahoo.com/quote/ALKEM.NS/
2026-08-21,Alkem Labs,ALKEM.NS,5400.0,76854,76854,https://finance.yahoo.com/quote/ALKEM.NS/
2026-08-24,Alkem Labs,ALKEM.NS,5350.0,46339,46339,https://finance.yahoo.com/quote/ALKEM.NS/
2026-08-25,Alkem Labs,ALKEM.NS,5368.0,48065,48065,https://finance.yahoo.com/quote/ALKEM.NS/
2026-08-26,Alkem Labs,ALKEM.NS,5303.5,44001,44001,https://finance.yahoo.com/quote/ALKEM.NS/
2026-08-27,Alkem Labs,ALKEM.NS,5320.0,166838,166838,https://finance.yahoo.com/quote/ALKEM.NS/
2026-08-28,Alkem Labs,ALKEM.NS,5355.0,231100,231100,https://finance.yahoo.com/quote/ALKEM.NS/
2026-08-31,Alkem Labs,ALKEM.NS,5329.5,120023,120023,https://finance.yahoo.com/quote/ALKEM.NS/
2026-09-01,Alkem Labs,ALKEM.NS,5300.0,88288,88288,https://finance.yahoo.com/quote/ALKEM.NS/
2026-09-02,Alkem Labs,ALKEM.NS,5210.0,218220,218220,https://finance.yahoo.com/quote/ALKEM.NS/
2026-09-03,Alkem Labs,ALKEM.NS,5193.0,95991,95991,https://finance.yahoo.com/quote/ALKEM.NS/
2026-09-04,Alkem Labs,ALKEM.NS,5190.0,63261,63261,https://finance.yahoo.com/quote/ALKEM.NS/
2026-09-07,Alkem Labs,ALKEM.NS,5242.5,139659,139659,https://finance.yahoo.com/quote/ALKEM.NS/
2026-09-08,Alkem Labs,ALKEM.NS,5181.0,75997,75997,https://finance.yahoo.com/quote/ALKEM.NS/
2026-09-09,Alkem Labs,ALKEM.NS,5139.0,106076,106076,https://finance.yahoo.com/quote/ALKEM.NS/
2026-09-10,Alkem Labs,ALKEM.NS,5138.0,41390,41390,https://finance.yahoo.com/quote/ALKEM.NS/
2026-09-11,Alkem Labs,ALKEM.NS,5087.5,238760,238760,https://finance.yahoo.com/quote/ALKEM.NS/
2026-09-14,Alkem Labs,ALKEM.NS,5087.5,0,0,https://finance.yahoo.com/quote/ALKEM.NS/
2026-09-15,Alkem Labs,ALKEM.NS,5161.0,253213,253213,https://finance.yahoo.com/quote/ALKEM.NS/
2026-09-16,Alkem Labs,ALKEM.NS,5175.0,304188,304188,https://finance.yahoo.com/quote/ALKEM.NS/
2026-09-17,Alkem Labs,ALKEM.NS,5348.5,231871,231871,https://finance.yahoo.com/quote/ALKEM.NS/
2026-09-18,Alkem Labs,ALKEM.NS,5466.5,320770,320770,https://finance.yahoo.com/quote/ALKEM.NS/
2026-09-21,Alkem Labs,ALKEM.NS,5364.0,94968,94968,https://finance.yahoo.com/quote/ALKEM.NS/
2026-09-22,Alkem Labs,ALKEM.NS,5331.5,94905,94905,https://finance.yahoo.com/quote/ALKEM.NS/
2026-09-23,Alkem Labs,ALKEM.NS,5417.5,140012,140012,https://finance.yahoo.com/quote/ALKEM.NS/
2026-09-24,Alkem Labs,ALKEM.NS,5326.0,165474,165474,https://finance.yahoo.com/quote/ALKEM.NS/
2026-09-25,Alkem Labs,ALKEM.NS,5274.0,28742,28742,https://finance.yahoo.com/quote/ALKEM.NS/
2026-09-28,Alkem Labs,ALKEM.NS,5175.0,101714,101714,https://finance.yahoo.com/quote/ALKEM.NS/
2026-09-29,Alkem Labs,ALKEM.NS,5250.0,244410,244410,https://finance.yahoo.com/quote/ALKEM.NS/
2026-09-30,Alkem Labs,ALKEM.NS,5163.5,146577,146577,https://finance.yahoo.com/quote/ALKEM.NS/
2026-10-01,Alkem Labs,ALKEM.NS,5220.0,291015,291015,https://finance.yahoo.com/quote/ALKEM.NS/
2025-04-02,Aurobindo Pharma,AUROPHARMA.NS,1153.5198974609375,1036861,1036861,https://finance.yahoo.com/quote/AUROPHARMA.NS/
2025-04-03,Aurobindo Pharma,AUROPHARMA.NS,1171.9508056640625,7501804,7501804,https://finance.yahoo.com/quote/AUROPHARMA.NS/
2025-04-04,Aurobindo Pharma,AUROPHARMA.NS,1101.21630859375,7151515,7151515,https://finance.yahoo.com/quote/AUROPHARMA.NS/
2025-04-07,Aurobindo Pharma,AUROPHARMA.NS,1089.9586181640625,2733813,2733813,https://finance.yahoo.com/quote/AUROPHARMA.NS/
2025-04-08,Aurobindo Pharma,AUROPHARMA.NS,1092.8975830078125,679847,679847,https://finance.yahoo.com/quote/AUROPHARMA.NS/
2025-04-09,Aurobindo Pharma,AUROPHARMA.NS,1054.0433349609375,2530340,2530340,https://finance.yahoo.com/quote/AUROPHARMA.NS/
2025-04-11,Aurobindo Pharma,AUROPHARMA.NS,1078.40185546875,1559821,1559821,https://finance.yahoo.com/quote/AUROPHARMA.NS/
2025-04-15,Aurobindo Pharma,AUROPHARMA.NS,1130.45654296875,1142896,1142896,https://finance.yahoo.com/quote/AUROPHARMA.NS/
2025-04-16,Aurobindo Pharma,AUROPHARMA.NS,1129.161376953125,1166098,1166098,https://finance.yahoo.com/quote/AUROPHARMA.NS/
2025-04-17,Aurobindo Pharma,AUROPHARMA.NS,1167.218505859375,769623,769623,https://finance.yahoo.com/quote/AUROPHARMA.NS/
2025-04-21,Aurobindo Pharma,AUROPHARMA.NS,1196.707763671875,653501,653501,https://finance.yahoo.com/quote/AUROPHARMA.NS/
2025-04-22,Aurobindo Pharma,AUROPHARMA.NS,1183.25830078125,494883,494883,https://finance.yahoo.com/quote/AUROPHARMA.NS/
2025-04-23,Aurobindo Pharma,AUROPHARMA.NS,1242.1373291015625,1339975,1339975,https://finance.yahoo.com/quote/AUROPHARMA.NS/
2025-04-24,Aurobindo Pharma,AUROPHARMA.NS,1253.09619140625,1338298,1338298,https://finance.yahoo.com/quote/AUROPHARMA.NS/
2025-04-25,Aurobindo Pharma,AUROPHARMA.NS,1215.537109375,780001,780001,https://finance.yahoo.com/quote/AUROPHARMA.NS/
2025-04-28,Aurobindo Pharma,AUROPHARMA.NS,1242.5357666015625,1117663,1117663,https://finance.yahoo.com/quote/AUROPHARMA.NS/
2025-04-29,Aurobindo Pharma,AUROPHARMA.NS,1205.076416015625,1423459,1423459,https://finance.yahoo.com/quote/AUROPHARMA.NS/
2025-04-30,Aurobindo Pharma,AUROPHARMA.NS,1224.5035400390625,1099983,1099983,https://finance.yahoo.com/quote/AUROPHARMA.NS/
2025-05-02,Aurobindo Pharma,AUROPHARMA.NS,1202.6854248046875,522378,522378,https://finance.yahoo.com/quote/AUROPHARMA.NS/
2025-05-05,Aurobindo Pharma,AUROPHARMA.NS,1237.355224609375,975562,975562,https://finance.yahoo.com/quote/AUROPHARMA.NS/
2025-05-06,Aurobindo Pharma,AUROPHARMA.NS,1205.5745849609375,1470105,1470105,https://finance.yahoo.com/quote/AUROPHARMA.NS/
2025-05-07,Aurobindo Pharma,AUROPHARMA.NS,1192.6231689453125,878978,878978,https://finance.yahoo.com/quote/AUROPHARMA.NS/
2025-05-08,Aurobindo Pharma,AUROPHARMA.NS,1153.2708740234375,996518,996518,https://finance.yahoo.com/quote/AUROPHARMA.NS/
2025-05-09,Aurobindo Pharma,AUROPHARMA.NS,1160.0455322265625,645513,645513,https://finance.yahoo.com/quote/AUROPHARMA.NS/
2025-05-12,Aurobindo Pharma,AUROPHARMA.NS,1201.3902587890625,2357817,2357817,https://finance.yahoo.com/quote/AUROPHARMA.NS/
2025-05-13,Aurobindo Pharma,AUROPHARMA.NS,1219.223388671875,1737594,1737594,https://finance.yahoo.com/quote/AUROPHARMA.NS/
2025-05-14,Aurobindo Pharma,AUROPHARMA.NS,1215.4375,763945,763945,https://finance.yahoo.com/quote/AUROPHARMA.NS/
2025-05-15,Aurobindo Pharma,AUROPHARMA.NS,1212.34912109375,831085,831085,https://finance.yahoo.com/quote/AUROPHARMA.NS/
2025-05-16,Aurobindo Pharma,AUROPHARMA.NS,1196.707763671875,1046820,1046820,https://finance.yahoo.com/quote/AUROPHARMA.NS/
2025-05-19,Aurobindo Pharma,AUROPHARMA.NS,1201.3902587890625,750206,750206,https://finance.yahoo.com/quote/AUROPHARMA.NS/
2025-05-20,Aurobindo Pharma,AUROPHARMA.NS,1187.343017578125,1035751,1035751,https://finance.yahoo.com/quote/AUROPHARMA.NS/
2025-05-21,Aurobindo Pharma,AUROPHARMA.NS,1199.5970458984375,1378799,1378799,https://finance.yahoo.com/quote/AUROPHARMA.NS/
2025-05-22,Aurobindo Pharma,AUROPHARMA.NS,1183.7564697265625,654454,654454,https://finance.yahoo.com/quote/AUROPHARMA.NS/
2025-05-23,Aurobindo Pharma,AUROPHARMA.NS,1192.6231689453125,395839,395839,https://finance.yahoo.com/quote/AUROPHARMA.NS/
2025-05-26,Aurobindo Pharma,AUROPHARMA.NS,1176.4837646484375,590169,590169,https://finance.yahoo.com/quote/AUROPHARMA.NS/
2025-05-27,Aurobindo Pharma,AUROPHARMA.NS,1186.7452392578125,2537489,2537489,https://finance.yahoo.com/quote/AUROPHARMA.NS/
2025-05-28,Aurobindo Pharma,AUROPHARMA.NS,1143.507568359375,1847701,1847701,https://finance.yahoo.com/quote/AUROPHARMA.NS/
2025-05-29,Aurobindo Pharma,AUROPHARMA.NS,1168.513671875,1501372,1501372,https://finance.yahoo.com/quote/AUROPHARMA.NS/
2025-05-30,Aurobindo Pharma,AUROPHARMA.NS,1143.507568359375,2022281,2022281,https://finance.yahoo.com/quote/AUROPHARMA.NS/
2025-06-02,Aurobindo Pharma,AUROPHARMA.NS,1132.5487060546875,1025524,1025524,https://finance.yahoo.com/quote/AUROPHARMA.NS/
2025-06-03,Aurobindo Pharma,AUROPHARMA.NS,1139.5225830078125,1839557,1839557,https://finance.yahoo.com/quote/AUROPHARMA.NS/
2025-06-04,Aurobindo Pharma,AUROPHARMA.NS,1134.4415283203125,1100512,1100512,https://finance.yahoo.com/quote/AUROPHARMA.NS/
2025-06-05,Aurobindo Pharma,AUROPHARMA.NS,1155.163818359375,709774,709774,https://finance.yahoo.com/quote/AUROPHARMA.NS/
2025-06-06,Aurobindo Pharma,AUROPHARMA.NS,1156.7578125,392642,392642,https://finance.yahoo.com/quote/AUROPHARMA.NS/
2025-06-09,Aurobindo Pharma,AUROPHARMA.NS,1156.7578125,412132,412132,https://finance.yahoo.com/quote/AUROPHARMA.NS/
2025-06-10,Aurobindo Pharma,AUROPHARMA.NS,1166.521240234375,564177,564177,https://finance.yahoo.com/quote/AUROPHARMA.NS/
2025-06-11,Aurobindo Pharma,AUROPHARMA.NS,1156.658203125,1341981,1341981,https://finance.yahoo.com/quote/AUROPHARMA.NS/
2025-06-12,Aurobindo Pharma,AUROPHARMA.NS,1150.8798828125,973800,973800,https://finance.yahoo.com/quote/AUROPHARMA.NS/
2025-06-13,Aurobindo Pharma,AUROPHARMA.NS,1145.8985595703125,1133056,1133056,https://finance.yahoo.com/quote/AUROPHARMA.NS/
2025-06-16,Aurobindo Pharma,AUROPHARMA.NS,1141.1165771484375,878308,878308,https://finance.yahoo.com/quote/AUROPHARMA.NS/
2025-06-17,Aurobindo Pharma,AUROPHARMA.NS,1105.550048828125,2690978,2690978,https://finance.yahoo.com/quote/AUROPHARMA.NS/
2025-06-18,Aurobindo Pharma,AUROPHARMA.NS,1101.16650390625,860388,860388,https://finance.yahoo.com/quote/AUROPHARMA.NS/
2025-06-19,Aurobindo Pharma,AUROPHARMA.NS,1078.4517822265625,976481,976481,https://finance.yahoo.com/quote/AUROPHARMA.NS/
2025-06-20,Aurobindo Pharma,AUROPHARMA.NS,1093.0966796875,2471302,2471302,https://finance.yahoo.com/quote/AUROPHARMA.NS/
2025-06-23,Aurobindo Pharma,AUROPHARMA.NS,1095.58740234375,344580,344580,https://finance.yahoo.com/quote/AUROPHARMA.NS/
2025-06-24,Aurobindo Pharma,AUROPHARMA.NS,1100.070556640625,400107,400107,https://finance.yahoo.com/quote/AUROPHARMA.NS/
2025-06-25,Aurobindo Pharma,AUROPHARMA.NS,1116.0107421875,816881,816881,https://finance.yahoo.com/quote/AUROPHARMA.NS/
2025-06-26,Aurobindo Pharma,AUROPHARMA.NS,1118.99951171875,1110836,1110836,https://finance.yahoo.com/quote/AUROPHARMA.NS/
2025-06-27,Aurobindo Pharma,AUROPHARMA.NS,1116.8077392578125,1627657,1627657,https://finance.yahoo.com/quote/AUROPHARMA.NS/
2025-06-30,Aurobindo Pharma,AUROPHARMA.NS,1130.5562744140625,1653812,1653812,https://finance.yahoo.com/quote/AUROPHARMA.NS/
2025-07-01,Aurobindo Pharma,AUROPHARMA.NS,1128.2647705078125,961883,961883,https://finance.yahoo.com/quote/AUROPHARMA.NS/
2025-07-02,Aurobindo Pharma,AUROPHARMA.NS,1153.66943359375,1558073,1558073,https://finance.yahoo.com/quote/AUROPHARMA.NS/
2025-07-03,Aurobindo Pharma,AUROPHARMA.NS,1151.7764892578125,1234364,1234364,https://finance.yahoo.com/quote/AUROPHARMA.NS/
2025-07-04,Aurobindo Pharma,AUROPHARMA.NS,1186.844970703125,1933477,1933477,https://finance.yahoo.com/quote/AUROPHARMA.NS/
2025-07-07,Aurobindo Pharma,AUROPHARMA.NS,1180.6680908203125,697326,697326,https://finance.yahoo.com/quote/AUROPHARMA.NS/
2025-07-08,Aurobindo Pharma,AUROPHARMA.NS,1143.4078369140625,2226072,2226072,https://finance.yahoo.com/quote/AUROPHARMA.NS/
2025-07-09,Aurobindo Pharma,AUROPHARMA.NS,1138.3270263671875,1453848,1453848,https://finance.yahoo.com/quote/AUROPHARMA.NS/
2025-07-10,Aurobindo Pharma,AUROPHARMA.NS,1125.674560546875,869017,869017,https://finance.yahoo.com/quote/AUROPHARMA.NS/
2025-07-11,Aurobindo Pharma,AUROPHARMA.NS,1120.5936279296875,1058978,1058978,https://finance.yahoo.com/quote/AUROPHARMA.NS/
2025-07-14,Aurobindo Pharma,AUROPHARMA.NS,1134.3419189453125,819943,819943,https://finance.yahoo.com/quote/AUROPHARMA.NS/
2025-07-15,Aurobindo Pharma,AUROPHARMA.NS,1147.69189453125,847119,847119,https://finance.yahoo.com/quote/AUROPHARMA.NS/
2025-07-16,Aurobindo Pharma,AUROPHARMA.NS,1148.5885009765625,580099,580099,https://finance.yahoo.com/quote/AUROPHARMA.NS/
2025-07-17,Aurobindo Pharma,AUROPHARMA.NS,1149.883544921875,549875,549875,https://finance.yahoo.com/quote/AUROPHARMA.NS/
2025-07-18,Aurobindo Pharma,AUROPHARMA.NS,1135.2386474609375,421109,421109,https://finance.yahoo.com/quote/AUROPHARMA.NS/
2025-07-21,Aurobindo Pharma,AUROPHARMA.NS,1134.2423095703125,330975,330975,https://finance.yahoo.com/quote/AUROPHARMA.NS/
2025-07-22,Aurobindo Pharma,AUROPHARMA.NS,1097.2811279296875,1119847,1119847,https://finance.yahoo.com/quote/AUROPHARMA.NS/
2025-07-23,Aurobindo Pharma,AUROPHARMA.NS,1113.2213134765625,547355,547355,https://finance.yahoo.com/quote/AUROPHARMA.NS/
2025-07-24,Aurobindo Pharma,AUROPHARMA.NS,1109.93359375,1069867,1069867,https://finance.yahoo.com/quote/AUROPHARMA.NS/
2025-07-25,Aurobindo Pharma,AUROPHARMA.NS,1118.60107421875,695747,695747,https://finance.yahoo.com/quote/AUROPHARMA.NS/
2025-07-28,Aurobindo Pharma,AUROPHARMA.NS,1122.785400390625,740682,740682,https://finance.yahoo.com/quote/AUROPHARMA.NS/
2025-07-29,Aurobindo Pharma,AUROPHARMA.NS,1153.76904296875,800744,800744,https://finance.yahoo.com/quote/AUROPHARMA.NS/
2025-07-30,Aurobindo Pharma,AUROPHARMA.NS,1153.66943359375,672250,672250,https://finance.yahoo.com/quote/AUROPHARMA.NS/
2025-07-31,Aurobindo Pharma,AUROPHARMA.NS,1135.5374755859375,5490626,5490626,https://finance.yahoo.com/quote/AUROPHARMA.NS/
2025-08-01,Aurobindo Pharma,AUROPHARMA.NS,1075.761962890625,2025491,2025491,https://finance.yahoo.com/quote/AUROPHARMA.NS/
2025-08-04,Aurobindo Pharma,AUROPHARMA.NS,1086.322265625,716719,716719,https://finance.yahoo.com/quote/AUROPHARMA.NS/
2025-08-05,Aurobindo Pharma,AUROPHARMA.NS,1075.2637939453125,2733423,2733423,https://finance.yahoo.com/quote/AUROPHARMA.NS/
2025-08-06,Aurobindo Pharma,AUROPHARMA.NS,1068.2899169921875,1830084,1830084,https://finance.yahoo.com/quote/AUROPHARMA.NS/
2025-08-07,Aurobindo Pharma,AUROPHARMA.NS,1065.5999755859375,947918,947918,https://finance.yahoo.com/quote/AUROPHARMA.NS/
2025-08-08,Aurobindo Pharma,AUROPHARMA.NS,1042.0999755859375,881747,881747,https://finance.yahoo.com/quote/AUROPHARMA.NS/
2025-08-11,Aurobindo Pharma,AUROPHARMA.NS,1052.9000244140625,796011,796011,https://finance.yahoo.com/quote/AUROPHARMA.NS/
2025-08-12,Aurobindo Pharma,AUROPHARMA.NS,1058.199951171875,668937,668937,https://finance.yahoo.com/quote/AUROPHARMA.NS/
2025-08-13,Aurobindo Pharma,AUROPHARMA.NS,1078.199951171875,444446,444446,https://finance.yahoo.com/quote/AUROPHARMA.NS/
2025-08-14,Aurobindo Pharma,AUROPHARMA.NS,1083.5999755859375,1154139,1154139,https://finance.yahoo.com/quote/AUROPHARMA.NS/
2025-08-18,Aurobindo Pharma,AUROPHARMA.NS,1089.300048828125,1030797,1030797,https://finance.yahoo.com/quote/AUROPHARMA.NS/
2025-08-19,Aurobindo Pharma,AUROPHARMA.NS,1089.699951171875,258816,258816,https://finance.yahoo.com/quote/AUROPHARMA.NS/
2025-08-20,Aurobindo Pharma,AUROPHARMA.NS,1046.4000244140625,4610136,4610136,https://finance.yahoo.com/quote/AUROPHARMA.NS/
2025-08-21,Aurobindo Pharma,AUROPHARMA.NS,1041.0,1522514,1522514,https://finance.yahoo.com/quote/AUROPHARMA.NS/
2025-08-22,Aurobindo Pharma,AUROPHARMA.NS,1050.4000244140625,1872943,1872943,https://finance.yahoo.com/quote/AUROPHARMA.NS/
2025-08-25,Aurobindo Pharma,AUROPHARMA.NS,1067.4000244140625,763968,763968,https://finance.yahoo.com/quote/AUROPHARMA.NS/
2025-08-26,Aurobindo Pharma,AUROPHARMA.NS,1045.5999755859375,2586406,2586406,https://finance.yahoo.com/quote/AUROPHARMA.NS/
2025-08-28,Aurobindo Pharma,AUROPHARMA.NS,1026.300048828125,2342067,2342067,https://finance.yahoo.com/quote/AUROPHARMA.NS/
2025-08-29,Aurobindo Pharma,AUROPHARMA.NS,1027.9000244140625,882168,882168,https://finance.yahoo.com/quote/AUROPHARMA.NS/
2025-09-01,Aurobindo Pharma,AUROPHARMA.NS,1025.0,1626317,1626317,https://finance.yahoo.com/quote/AUROPHARMA.NS/
2025-09-02,Aurobindo Pharma,AUROPHARMA.NS,1022.2000122070312,947610,947610,https://finance.yahoo.com/quote/AUROPHARMA.NS/
2025-09-03,Aurobindo Pharma,AUROPHARMA.NS,1034.9000244140625,982554,982554,https://finance.yahoo.com/quote/AUROPHARMA.NS/
2025-09-04,Aurobindo Pharma,AUROPHARMA.NS,1036.0,422479,422479,https://finance.yahoo.com/quote/AUROPHARMA.NS/
2025-09-05,Aurobindo Pharma,AUROPHARMA.NS,1044.0999755859375,738814,738814,https://finance.yahoo.com/quote/AUROPHARMA.NS/
2025-09-08,Aurobindo Pharma,AUROPHARMA.NS,1040.199951171875,415761,415761,https://finance.yahoo.com/quote/AUROPHARMA.NS/
2025-09-09,Aurobindo Pharma,AUROPHARMA.NS,1043.9000244140625,1036358,1036358,https://finance.yahoo.com/quote/AUROPHARMA.NS/
2025-09-10,Aurobindo Pharma,AUROPHARMA.NS,1050.300048828125,1684330,1684330,https://finance.yahoo.com/quote/AUROPHARMA.NS/
2025-09-11,Aurobindo Pharma,AUROPHARMA.NS,1109.199951171875,5850105,5850105,https://finance.yahoo.com/quote/AUROPHARMA.NS/
2025-09-12,Aurobindo Pharma,AUROPHARMA.NS,1094.4000244140625,794187,794187,https://finance.yahoo.com/quote/AUROPHARMA.NS/
2025-09-15,Aurobindo Pharma,AUROPHARMA.NS,1100.0999755859375,1368536,1368536,https://finance.yahoo.com/quote/AUROPHARMA.NS/
2025-09-16,Aurobindo Pharma,AUROPHARMA.NS,1091.5999755859375,1225324,1225324,https://finance.yahoo.com/quote/AUROPHARMA.NS/
2025-09-17,Aurobindo Pharma,AUROPHARMA.NS,1095.699951171875,796923,796923,https://finance.yahoo.com/quote/AUROPHARMA.NS/
2025-09-18,Aurobindo Pharma,AUROPHARMA.NS,1128.9000244140625,1829041,1829041,https://finance.yahoo.com/quote/AUROPHARMA.NS/
2025-09-19,Aurobindo Pharma,AUROPHARMA.NS,1119.199951171875,958952,958952,https://finance.yahoo.com/quote/AUROPHARMA.NS/
2025-09-22,Aurobindo Pharma,AUROPHARMA.NS,1117.4000244140625,1491052,1491052,https://finance.yahoo.com/quote/AUROPHARMA.NS/
2025-09-23,Aurobindo Pharma,AUROPHARMA.NS,1109.9000244140625,1396979,1396979,https://finance.yahoo.com/quote/AUROPHARMA.NS/
2025-09-24,Aurobindo Pharma,AUROPHARMA.NS,1090.9000244140625,1246781,1246781,https://finance.yahoo.com/quote/AUROPHARMA.NS/
2025-09-25,Aurobindo Pharma,AUROPHARMA.NS,1097.0,1710962,1710962,https://finance.yahoo.com/quote/AUROPHARMA.NS/
2025-09-26,Aurobindo Pharma,AUROPHARMA.NS,1090.0,2425821,2425821,https://finance.yahoo.com/quote/AUROPHARMA.NS/
2025-09-29,Aurobindo Pharma,AUROPHARMA.NS,1089.5,1318867,1318867,https://finance.yahoo.com/quote/AUROPHARMA.NS/
2025-09-30,Aurobindo Pharma,AUROPHARMA.NS,1083.9000244140625,588018,588018,https://finance.yahoo.com/quote/AUROPHARMA.NS/
2025-10-01,Aurobindo Pharma,AUROPHARMA.NS,1086.0,1043316,1043316,https://finance.yahoo.com/quote/AUROPHARMA.NS/
2025-10-03,Aurobindo Pharma,AUROPHARMA.NS,1093.300048828125,517528,517528,https://finance.yahoo.com/quote/AUROPHARMA.NS/
2025-10-06,Aurobindo Pharma,AUROPHARMA.NS,1096.5,645481,645481,https://finance.yahoo.com/quote/AUROPHARMA.NS/
2025-10-07,Aurobindo Pharma,AUROPHARMA.NS,1090.0999755859375,1177833,1177833,https://finance.yahoo.com/quote/AUROPHARMA.NS/
2025-10-08,Aurobindo Pharma,AUROPHARMA.NS,1070.800048828125,549749,549749,https://finance.yahoo.com/quote/AUROPHARMA.NS/
2025-10-09,Aurobindo Pharma,AUROPHARMA.NS,1119.9000244140625,4941010,4941010,https://finance.yahoo.com/quote/AUROPHARMA.NS/
2025-10-10,Aurobindo Pharma,AUROPHARMA.NS,1130.300048828125,1455177,1455177,https://finance.yahoo.com/quote/AUROPHARMA.NS/
2025-10-13,Aurobindo Pharma,AUROPHARMA.NS,1136.800048828125,1453641,1453641,https://finance.yahoo.com/quote/AUROPHARMA.NS/
2025-10-14,Aurobindo Pharma,AUROPHARMA.NS,1124.800048828125,1005434,1005434,https://finance.yahoo.com/quote/AUROPHARMA.NS/
2025-10-15,Aurobindo Pharma,AUROPHARMA.NS,1109.0,543500,543500,https://finance.yahoo.com/quote/AUROPHARMA.NS/
2025-10-16,Aurobindo Pharma,AUROPHARMA.NS,1106.300048828125,1710790,1710790,https://finance.yahoo.com/quote/AUROPHARMA.NS/
2025-10-17,Aurobindo Pharma,AUROPHARMA.NS,1101.0,938051,938051,https://finance.yahoo.com/quote/AUROPHARMA.NS/
2025-10-20,Aurobindo Pharma,AUROPHARMA.NS,1099.4000244140625,967532,967532,https://finance.yahoo.com/quote/AUROPHARMA.NS/
2025-10-21,Aurobindo Pharma,AUROPHARMA.NS,1100.5,64349,64349,https://finance.yahoo.com/quote/AUROPHARMA.NS/
2025-10-23,Aurobindo Pharma,AUROPHARMA.NS,1099.0999755859375,885643,885643,https://finance.yahoo.com/quote/AUROPHARMA.NS/
2025-10-24,Aurobindo Pharma,AUROPHARMA.NS,1085.0,761529,761529,https://finance.yahoo.com/quote/AUROPHARMA.NS/
2025-10-27,Aurobindo Pharma,AUROPHARMA.NS,1094.699951171875,1423033,1423033,https://finance.yahoo.com/quote/AUROPHARMA.NS/
2025-10-28,Aurobindo Pharma,AUROPHARMA.NS,1099.4000244140625,1130747,1130747,https://finance.yahoo.com/quote/AUROPHARMA.NS/
2025-10-29,Aurobindo Pharma,AUROPHARMA.NS,1111.699951171875,1369659,1369659,https://finance.yahoo.com/quote/AUROPHARMA.NS/
2025-10-30,Aurobindo Pharma,AUROPHARMA.NS,1102.5,890530,890530,https://finance.yahoo.com/quote/AUROPHARMA.NS/
2025-10-31,Aurobindo Pharma,AUROPHARMA.NS,1138.9000244140625,3557298,3557298,https://finance.yahoo.com/quote/AUROPHARMA.NS/
2025-11-03,Aurobindo Pharma,AUROPHARMA.NS,1158.5999755859375,2985845,2985845,https://finance.yahoo.com/quote/AUROPHARMA.NS/
2025-11-04,Aurobindo Pharma,AUROPHARMA.NS,1149.0999755859375,1054886,1054886,https://finance.yahoo.com/quote/AUROPHARMA.NS/
2025-11-06,Aurobindo Pharma,AUROPHARMA.NS,1140.5999755859375,1443663,1443663,https://finance.yahoo.com/quote/AUROPHARMA.NS/
2025-11-07,Aurobindo Pharma,AUROPHARMA.NS,1123.800048828125,363582,363582,https://finance.yahoo.com/quote/AUROPHARMA.NS/
2025-11-10,Aurobindo Pharma,AUROPHARMA.NS,1154.800048828125,1384229,1384229,https://finance.yahoo.com/quote/AUROPHARMA.NS/
2025-11-11,Aurobindo Pharma,AUROPHARMA.NS,1168.199951171875,1481205,1481205,https://finance.yahoo.com/quote/AUROPHARMA.NS/
2025-11-12,Aurobindo Pharma,AUROPHARMA.NS,1183.5999755859375,2367201,2367201,https://finance.yahoo.com/quote/AUROPHARMA.NS/
2025-11-13,Aurobindo Pharma,AUROPHARMA.NS,1210.199951171875,2637535,2637535,https://finance.yahoo.com/quote/AUROPHARMA.NS/
2025-11-14,Aurobindo Pharma,AUROPHARMA.NS,1222.5,2055973,2055973,https://finance.yahoo.com/quote/AUROPHARMA.NS/
2025-11-17,Aurobindo Pharma,AUROPHARMA.NS,1236.9000244140625,988088,988088,https://finance.yahoo.com/quote/AUROPHARMA.NS/
2025-11-18,Aurobindo Pharma,AUROPHARMA.NS,1239.300048828125,1827771,1827771,https://finance.yahoo.com/quote/AUROPHARMA.NS/
2025-11-19,Aurobindo Pharma,AUROPHARMA.NS,1235.800048828125,744634,744634,https://finance.yahoo.com/quote/AUROPHARMA.NS/
2025-11-20,Aurobindo Pharma,AUROPHARMA.NS,1207.699951171875,768820,768820,https://finance.yahoo.com/quote/AUROPHARMA.NS/
2025-11-21,Aurobindo Pharma,AUROPHARMA.NS,1205.9000244140625,497336,497336,https://finance.yahoo.com/quote/AUROPHARMA.NS/
2025-11-24,Aurobindo Pharma,AUROPHARMA.NS,1194.0,1266777,1266777,https://finance.yahoo.com/quote/AUROPHARMA.NS/
2025-11-25,Aurobindo Pharma,AUROPHARMA.NS,1208.0,792811,792811,https://finance.yahoo.com/quote/AUROPHARMA.NS/
2025-11-26,Aurobindo Pharma,AUROPHARMA.NS,1227.4000244140625,1126656,1126656,https://finance.yahoo.com/quote/AUROPHARMA.NS/
2025-11-27,Aurobindo Pharma,AUROPHARMA.NS,1235.800048828125,667410,667410,https://finance.yahoo.com/quote/AUROPHARMA.NS/
2025-11-28,Aurobindo Pharma,AUROPHARMA.NS,1226.699951171875,556120,556120,https://finance.yahoo.com/quote/AUROPHARMA.NS/
2025-12-01,Aurobindo Pharma,AUROPHARMA.NS,1216.199951171875,692441,692441,https://finance.yahoo.com/quote/AUROPHARMA.NS/
2025-12-02,Aurobindo Pharma,AUROPHARMA.NS,1215.199951171875,507178,507178,https://finance.yahoo.com/quote/AUROPHARMA.NS/
2025-12-03,Aurobindo Pharma,AUROPHARMA.NS,1208.9000244140625,718893,718893,https://finance.yahoo.com/quote/AUROPHARMA.NS/
2025-12-04,Aurobindo Pharma,AUROPHARMA.NS,1223.0999755859375,740597,740597,https://finance.yahoo.com/quote/AUROPHARMA.NS/
2025-12-05,Aurobindo Pharma,AUROPHARMA.NS,1217.5999755859375,394525,394525,https://finance.yahoo.com/quote/AUROPHARMA.NS/
2025-12-08,Aurobindo Pharma,AUROPHARMA.NS,1177.4000244140625,950895,950895,https://finance.yahoo.com/quote/AUROPHARMA.NS/
2025-12-09,Aurobindo Pharma,AUROPHARMA.NS,1163.5999755859375,585926,585926,https://finance.yahoo.com/quote/AUROPHARMA.NS/
2025-12-10,Aurobindo Pharma,AUROPHARMA.NS,1172.5999755859375,657177,657177,https://finance.yahoo.com/quote/AUROPHARMA.NS/
2025-12-11,Aurobindo Pharma,AUROPHARMA.NS,1172.199951171875,704577,704577,https://finance.yahoo.com/quote/AUROPHARMA.NS/
2025-12-12,Aurobindo Pharma,AUROPHARMA.NS,1195.0999755859375,670100,670100,https://finance.yahoo.com/quote/AUROPHARMA.NS/
2025-12-15,Aurobindo Pharma,AUROPHARMA.NS,1186.300048828125,458919,458919,https://finance.yahoo.com/quote/AUROPHARMA.NS/
2025-12-16,Aurobindo Pharma,AUROPHARMA.NS,1178.0999755859375,263419,263419,https://finance.yahoo.com/quote/AUROPHARMA.NS/
2025-12-17,Aurobindo Pharma,AUROPHARMA.NS,1193.0,736879,736879,https://finance.yahoo.com/quote/AUROPHARMA.NS/
2025-12-18,Aurobindo Pharma,AUROPHARMA.NS,1209.300048828125,947784,947784,https://finance.yahoo.com/quote/AUROPHARMA.NS/
2025-12-19,Aurobindo Pharma,AUROPHARMA.NS,1225.0999755859375,1396499,1396499,https://finance.yahoo.com/quote/AUROPHARMA.NS/
2025-12-22,Aurobindo Pharma,AUROPHARMA.NS,1224.5,476205,476205,https://finance.yahoo.com/quote/AUROPHARMA.NS/
2025-12-23,Aurobindo Pharma,AUROPHARMA.NS,1218.0,665122,665122,https://finance.yahoo.com/quote/AUROPHARMA.NS/
2025-12-24,Aurobindo Pharma,AUROPHARMA.NS,1211.4000244140625,253901,253901,https://finance.yahoo.com/quote/AUROPHARMA.NS/
2025-12-26,Aurobindo Pharma,AUROPHARMA.NS,1206.199951171875,310348,310348,https://finance.yahoo.com/quote/AUROPHARMA.NS/
2025-12-29,Aurobindo Pharma,AUROPHARMA.NS,1200.0999755859375,1340558,1340558,https://finance.yahoo.com/quote/AUROPHARMA.NS/
2025-12-30,Aurobindo Pharma,AUROPHARMA.NS,1186.300048828125,1058434,1058434,https://finance.yahoo.com/quote/AUROPHARMA.NS/
2025-12-31,Aurobindo Pharma,AUROPHARMA.NS,1183.0,928856,928856,https://finance.yahoo.com/quote/AUROPHARMA.NS/
2026-01-01,Aurobindo Pharma,AUROPHARMA.NS,1193.0,412064,412064,https://finance.yahoo.com/quote/AUROPHARMA.NS/
2026-01-02,Aurobindo Pharma,AUROPHARMA.NS,1215.4000244140625,516055,516055,https://finance.yahoo.com/quote/AUROPHARMA.NS/
2026-01-05,Aurobindo Pharma,AUROPHARMA.NS,1207.4000244140625,644075,644075,https://finance.yahoo.com/quote/AUROPHARMA.NS/
2026-01-06,Aurobindo Pharma,AUROPHARMA.NS,1231.300048828125,1845753,1845753,https://finance.yahoo.com/quote/AUROPHARMA.NS/
2026-01-07,Aurobindo Pharma,AUROPHARMA.NS,1235.4000244140625,2361570,2361570,https://finance.yahoo.com/quote/AUROPHARMA.NS/
2026-01-08,Aurobindo Pharma,AUROPHARMA.NS,1206.0999755859375,879596,879596,https://finance.yahoo.com/quote/AUROPHARMA.NS/
2026-01-09,Aurobindo Pharma,AUROPHARMA.NS,1198.699951171875,889120,889120,https://finance.yahoo.com/quote/AUROPHARMA.NS/
2026-01-12,Aurobindo Pharma,AUROPHARMA.NS,1172.9000244140625,689082,689082,https://finance.yahoo.com/quote/AUROPHARMA.NS/
2026-01-13,Aurobindo Pharma,AUROPHARMA.NS,1167.699951171875,854954,854954,https://finance.yahoo.com/quote/AUROPHARMA.NS/
2026-01-14,Aurobindo Pharma,AUROPHARMA.NS,1180.0999755859375,726275,726275,https://finance.yahoo.com/quote/AUROPHARMA.NS/
2026-01-16,Aurobindo Pharma,AUROPHARMA.NS,1172.699951171875,909022,909022,https://finance.yahoo.com/quote/AUROPHARMA.NS/
2026-01-19,Aurobindo Pharma,AUROPHARMA.NS,1167.5999755859375,546679,546679,https://finance.yahoo.com/quote/AUROPHARMA.NS/
2026-01-20,Aurobindo Pharma,AUROPHARMA.NS,1141.699951171875,567180,567180,https://finance.yahoo.com/quote/AUROPHARMA.NS/
2026-01-21,Aurobindo Pharma,AUROPHARMA.NS,1121.699951171875,810580,810580,https://finance.yahoo.com/quote/AUROPHARMA.NS/
2026-01-22,Aurobindo Pharma,AUROPHARMA.NS,1145.300048828125,622804,622804,https://finance.yahoo.com/quote/AUROPHARMA.NS/
2026-01-23,Aurobindo Pharma,AUROPHARMA.NS,1132.5,511867,511867,https://finance.yahoo.com/quote/AUROPHARMA.NS/
2026-01-27,Aurobindo Pharma,AUROPHARMA.NS,1129.699951171875,656428,656428,https://finance.yahoo.com/quote/AUROPHARMA.NS/
2026-01-28,Aurobindo Pharma,AUROPHARMA.NS,1139.9000244140625,614873,614873,https://finance.yahoo.com/quote/AUROPHARMA.NS/
2026-01-29,Aurobindo Pharma,AUROPHARMA.NS,1150.5999755859375,576780,576780,https://finance.yahoo.com/quote/AUROPHARMA.NS/
2026-01-30,Aurobindo Pharma,AUROPHARMA.NS,1207.699951171875,8127226,8127226,https://finance.yahoo.com/quote/AUROPHARMA.NS/
2026-02-02,Aurobindo Pharma,AUROPHARMA.NS,1171.0,768352,768352,https://finance.yahoo.com/quote/AUROPHARMA.NS/
2026-02-03,Aurobindo Pharma,AUROPHARMA.NS,1226.0999755859375,2827489,2827489,https://finance.yahoo.com/quote/AUROPHARMA.NS/
2026-02-04,Aurobindo Pharma,AUROPHARMA.NS,1212.699951171875,1360345,1360345,https://finance.yahoo.com/quote/AUROPHARMA.NS/
2026-02-05,Aurobindo Pharma,AUROPHARMA.NS,1181.5999755859375,1216222,1216222,https://finance.yahoo.com/quote/AUROPHARMA.NS/
2026-02-06,Aurobindo Pharma,AUROPHARMA.NS,1191.0,805359,805359,https://finance.yahoo.com/quote/AUROPHARMA.NS/
2026-02-09,Aurobindo Pharma,AUROPHARMA.NS,1203.699951171875,1101009,1101009,https://finance.yahoo.com/quote/AUROPHARMA.NS/
2026-02-10,Aurobindo Pharma,AUROPHARMA.NS,1124.0999755859375,8584671,8584671,https://finance.yahoo.com/quote/AUROPHARMA.NS/
2026-02-11,Aurobindo Pharma,AUROPHARMA.NS,1146.5999755859375,4070062,4070062,https://finance.yahoo.com/quote/AUROPHARMA.NS/
2026-02-12,Aurobindo Pharma,AUROPHARMA.NS,1157.9000244140625,1090045,1090045,https://finance.yahoo.com/quote/AUROPHARMA.NS/
2026-02-13,Aurobindo Pharma,AUROPHARMA.NS,1145.5999755859375,1682470,1682470,https://finance.yahoo.com/quote/AUROPHARMA.NS/
2026-02-16,Aurobindo Pharma,AUROPHARMA.NS,1184.5999755859375,1559869,1559869,https://finance.yahoo.com/quote/AUROPHARMA.NS/
2026-02-17,Aurobindo Pharma,AUROPHARMA.NS,1186.699951171875,3068092,3068092,https://finance.yahoo.com/quote/AUROPHARMA.NS/
2026-02-18,Aurobindo Pharma,AUROPHARMA.NS,1159.5999755859375,3294006,3294006,https://finance.yahoo.com/quote/AUROPHARMA.NS/
2026-02-19,Aurobindo Pharma,AUROPHARMA.NS,1171.4000244140625,3474036,3474036,https://finance.yahoo.com/quote/AUROPHARMA.NS/
2026-02-20,Aurobindo Pharma,AUROPHARMA.NS,1158.800048828125,1071813,1071813,https://finance.yahoo.com/quote/AUROPHARMA.NS/
2026-02-23,Aurobindo Pharma,AUROPHARMA.NS,1150.5999755859375,989992,989992,https://finance.yahoo.com/quote/AUROPHARMA.NS/
2026-02-24,Aurobindo Pharma,AUROPHARMA.NS,1164.4000244140625,988014,988014,https://finance.yahoo.com/quote/AUROPHARMA.NS/
2026-02-25,Aurobindo Pharma,AUROPHARMA.NS,1211.5,3039244,3039244,https://finance.yahoo.com/quote/AUROPHARMA.NS/
2026-02-26,Aurobindo Pharma,AUROPHARMA.NS,1220.699951171875,2372711,2372711,https://finance.yahoo.com/quote/AUROPHARMA.NS/
2026-02-27,Aurobindo Pharma,AUROPHARMA.NS,1220.4000244140625,1781292,1781292,https://finance.yahoo.com/quote/AUROPHARMA.NS/
2026-03-02,Aurobindo Pharma,AUROPHARMA.NS,1210.4000244140625,888443,888443,https://finance.yahoo.com/quote/AUROPHARMA.NS/
2026-03-04,Aurobindo Pharma,AUROPHARMA.NS,1195.4000244140625,909693,909693,https://finance.yahoo.com/quote/AUROPHARMA.NS/
2026-03-05,Aurobindo Pharma,AUROPHARMA.NS,1225.5,900601,900601,https://finance.yahoo.com/quote/AUROPHARMA.NS/
2026-03-06,Aurobindo Pharma,AUROPHARMA.NS,1231.9000244140625,804367,804367,https://finance.yahoo.com/quote/AUROPHARMA.NS/
2026-03-09,Aurobindo Pharma,AUROPHARMA.NS,1247.300048828125,2180013,2180013,https://finance.yahoo.com/quote/AUROPHARMA.NS/
2026-03-10,Aurobindo Pharma,AUROPHARMA.NS,1285.9000244140625,2197827,2197827,https://finance.yahoo.com/quote/AUROPHARMA.NS/
2026-03-11,Aurobindo Pharma,AUROPHARMA.NS,1304.800048828125,2541782,2541782,https://finance.yahoo.com/quote/AUROPHARMA.NS/
2026-03-12,Aurobindo Pharma,AUROPHARMA.NS,1311.9000244140625,2110239,2110239,https://finance.yahoo.com/quote/AUROPHARMA.NS/
2026-03-13,Aurobindo Pharma,AUROPHARMA.NS,1296.5,1634716,1634716,https://finance.yahoo.com/quote/AUROPHARMA.NS/
2026-03-16,Aurobindo Pharma,AUROPHARMA.NS,1279.5999755859375,1436685,1436685,https://finance.yahoo.com/quote/AUROPHARMA.NS/
2026-03-17,Aurobindo Pharma,AUROPHARMA.NS,1286.0,635152,635152,https://finance.yahoo.com/quote/AUROPHARMA.NS/
2026-03-18,Aurobindo Pharma,AUROPHARMA.NS,1269.0,1700454,1700454,https://finance.yahoo.com/quote/AUROPHARMA.NS/
2026-03-19,Aurobindo Pharma,AUROPHARMA.NS,1247.5,816613,816613,https://finance.yahoo.com/quote/AUROPHARMA.NS/
2026-03-20,Aurobindo Pharma,AUROPHARMA.NS,1291.4000244140625,1395687,1395687,https://finance.yahoo.com/quote/AUROPHARMA.NS/
2026-03-23,Aurobindo Pharma,AUROPHARMA.NS,1278.699951171875,1758274,1758274,https://finance.yahoo.com/quote/AUROPHARMA.NS/
2026-03-24,Aurobindo Pharma,AUROPHARMA.NS,1281.5999755859375,1769183,1769183,https://finance.yahoo.com/quote/AUROPHARMA.NS/
2026-03-25,Aurobindo Pharma,AUROPHARMA.NS,1307.800048828125,1891714,1891714,https://finance.yahoo.com/quote/AUROPHARMA.NS/
2026-03-27,Aurobindo Pharma,AUROPHARMA.NS,1314.199951171875,1923752,1923752,https://finance.yahoo.com/quote/AUROPHARMA.NS/
2026-03-30,Aurobindo Pharma,AUROPHARMA.NS,1304.4000244140625,2474751,2474751,https://finance.yahoo.com/quote/AUROPHARMA.NS/
2026-04-01,Aurobindo Pharma,AUROPHARMA.NS,1342.0999755859375,2595497,2595497,https://finance.yahoo.com/quote/AUROPHARMA.NS/
2026-04-02,Aurobindo Pharma,AUROPHARMA.NS,1333.699951171875,1870240,1870240,https://finance.yahoo.com/quote/AUROPHARMA.NS/
2026-04-06,Aurobindo Pharma,AUROPHARMA.NS,1340.4000244140625,1519668,1519668,https://finance.yahoo.com/quote/AUROPHARMA.NS/
2026-04-07,Aurobindo Pharma,AUROPHARMA.NS,1330.0,1557945,1557945,https://finance.yahoo.com/quote/AUROPHARMA.NS/
2026-04-08,Aurobindo Pharma,AUROPHARMA.NS,1335.699951171875,3256118,3256118,https://finance.yahoo.com/quote/AUROPHARMA.NS/
2026-04-09,Aurobindo Pharma,AUROPHARMA.NS,1340.4000244140625,938616,938616,https://finance.yahoo.com/quote/AUROPHARMA.NS/
2026-04-10,Aurobindo Pharma,AUROPHARMA.NS,1349.4000244140625,907020,907020,https://finance.yahoo.com/quote/AUROPHARMA.NS/
2026-04-13,Aurobindo Pharma,AUROPHARMA.NS,1339.800048828125,1378435,1378435,https://finance.yahoo.com/quote/AUROPHARMA.NS/
2026-04-15,Aurobindo Pharma,AUROPHARMA.NS,1373.9000244140625,1829958,1829958,https://finance.yahoo.com/quote/AUROPHARMA.NS/
2026-04-16,Aurobindo Pharma,AUROPHARMA.NS,1386.5,2253671,2253671,https://finance.yahoo.com/quote/AUROPHARMA.NS/
2026-04-17,Aurobindo Pharma,AUROPHARMA.NS,1386.0,1612415,1612415,https://finance.yahoo.com/quote/AUROPHARMA.NS/
2026-04-20,Aurobindo Pharma,AUROPHARMA.NS,1367.800048828125,707108,707108,https://finance.yahoo.com/quote/AUROPHARMA.NS/
2026-04-21,Aurobindo Pharma,AUROPHARMA.NS,1391.699951171875,1362848,1362848,https://finance.yahoo.com/quote/AUROPHARMA.NS/
2026-04-22,Aurobindo Pharma,AUROPHARMA.NS,1421.199951171875,1703571,1703571,https://finance.yahoo.com/quote/AUROPHARMA.NS/
2026-04-23,Aurobindo Pharma,AUROPHARMA.NS,1435.4000244140625,2238307,2238307,https://finance.yahoo.com/quote/AUROPHARMA.NS/
2026-04-24,Aurobindo Pharma,AUROPHARMA.NS,1413.800048828125,967660,967660,https://finance.yahoo.com/quote/AUROPHARMA.NS/
2026-04-27,Aurobindo Pharma,AUROPHARMA.NS,1416.699951171875,998030,998030,https://finance.yahoo.com/quote/AUROPHARMA.NS/
2026-04-28,Aurobindo Pharma,AUROPHARMA.NS,1422.5999755859375,847634,847634,https://finance.yahoo.com/quote/AUROPHARMA.NS/
2026-04-29,Aurobindo Pharma,AUROPHARMA.NS,1396.800048828125,1738923,1738923,https://finance.yahoo.com/quote/AUROPHARMA.NS/
2026-04-30,Aurobindo Pharma,AUROPHARMA.NS,1389.5,606347,606347,https://finance.yahoo.com/quote/AUROPHARMA.NS/
2026-05-01,Aurobindo Pharma,AUROPHARMA.NS,1389.5,0,0,https://finance.yahoo.com/quote/AUROPHARMA.NS/
2026-05-04,Aurobindo Pharma,AUROPHARMA.NS,1376.0,777740,777740,https://finance.yahoo.com/quote/AUROPHARMA.NS/
2026-05-05,Aurobindo Pharma,AUROPHARMA.NS,1428.0999755859375,1811658,1811658,https://finance.yahoo.com/quote/AUROPHARMA.NS/
2026-05-06,Aurobindo Pharma,AUROPHARMA.NS,1484.0,2420846,2420846,https://finance.yahoo.com/quote/AUROPHARMA.NS/
2026-05-07,Aurobindo Pharma,AUROPHARMA.NS,1478.699951171875,1228324,1228324,https://finance.yahoo.com/quote/AUROPHARMA.NS/
2026-05-08,Aurobindo Pharma,AUROPHARMA.NS,1487.300048828125,1018078,1018078,https://finance.yahoo.com/quote/AUROPHARMA.NS/
2026-05-11,Aurobindo Pharma,AUROPHARMA.NS,1486.5999755859375,925400,925400,https://finance.yahoo.com/quote/AUROPHARMA.NS/
2026-05-12,Aurobindo Pharma,AUROPHARMA.NS,1488.199951171875,1343339,1343339,https://finance.yahoo.com/quote/AUROPHARMA.NS/
2026-05-13,Aurobindo Pharma,AUROPHARMA.NS,1497.5,1821805,1821805,https://finance.yahoo.com/quote/AUROPHARMA.NS/
2026-05-14,Aurobindo Pharma,AUROPHARMA.NS,1510.9000244140625,1206993,1206993,https://finance.yahoo.com/quote/AUROPHARMA.NS/
2026-05-15,Aurobindo Pharma,AUROPHARMA.NS,1511.800048828125,707047,707047,https://finance.yahoo.com/quote/AUROPHARMA.NS/
2026-05-18,Aurobindo Pharma,AUROPHARMA.NS,1500.5,939496,939496,https://finance.yahoo.com/quote/AUROPHARMA.NS/
2026-05-19,Aurobindo Pharma,AUROPHARMA.NS,1512.800048828125,1538969,1538969,https://finance.yahoo.com/quote/AUROPHARMA.NS/
2026-05-20,Aurobindo Pharma,AUROPHARMA.NS,1517.5,1068558,1068558,https://finance.yahoo.com/quote/AUROPHARMA.NS/
2026-05-21,Aurobindo Pharma,AUROPHARMA.NS,1546.699951171875,1013775,1013775,https://finance.yahoo.com/quote/AUROPHARMA.NS/
2026-05-22,Aurobindo Pharma,AUROPHARMA.NS,1463.5,3038819,3038819,https://finance.yahoo.com/quote/AUROPHARMA.NS/
2026-05-25,Aurobindo Pharma,AUROPHARMA.NS,1454.5999755859375,2684468,2684468,https://finance.yahoo.com/quote/AUROPHARMA.NS/
2026-05-26,Aurobindo Pharma,AUROPHARMA.NS,1461.199951171875,950593,950593,https://finance.yahoo.com/quote/AUROPHARMA.NS/
2026-05-27,Aurobindo Pharma,AUROPHARMA.NS,1435.9000244140625,791921,791921,https://finance.yahoo.com/quote/AUROPHARMA.NS/
2026-05-28,Aurobindo Pharma,AUROPHARMA.NS,1435.9000244140625,0,0,https://finance.yahoo.com/quote/AUROPHARMA.NS/
2026-05-29,Aurobindo Pharma,AUROPHARMA.NS,1426.4000244140625,2434944,2434944,https://finance.yahoo.com/quote/AUROPHARMA.NS/
2026-06-01,Aurobindo Pharma,AUROPHARMA.NS,1433.699951171875,1385493,1385493,https://finance.yahoo.com/quote/AUROPHARMA.NS/
2026-06-02,Aurobindo Pharma,AUROPHARMA.NS,1429.199951171875,1066247,1066247,https://finance.yahoo.com/quote/AUROPHARMA.NS/
2026-06-03,Aurobindo Pharma,AUROPHARMA.NS,1440.4000244140625,969156,969156,https://finance.yahoo.com/quote/AUROPHARMA.NS/
2026-06-04,Aurobindo Pharma,AUROPHARMA.NS,1463.5999755859375,931335,931335,https://finance.yahoo.com/quote/AUROPHARMA.NS/
2026-06-05,Aurobindo Pharma,AUROPHARMA.NS,1462.300048828125,1282019,1282019,https://finance.yahoo.com/quote/AUROPHARMA.NS/
2026-06-08,Aurobindo Pharma,AUROPHARMA.NS,1451.800048828125,506600,506600,https://finance.yahoo.com/quote/AUROPHARMA.NS/
2026-06-09,Aurobindo Pharma,AUROPHARMA.NS,1449.0,1263926,1263926,https://finance.yahoo.com/quote/AUROPHARMA.NS/
2026-06-10,Aurobindo Pharma,AUROPHARMA.NS,1453.5999755859375,1123785,1123785,https://finance.yahoo.com/quote/AUROPHARMA.NS/
2026-06-11,Aurobindo Pharma,AUROPHARMA.NS,1464.0999755859375,625882,625882,https://finance.yahoo.com/quote/AUROPHARMA.NS/
2026-06-12,Aurobindo Pharma,AUROPHARMA.NS,1472.800048828125,669347,669347,https://finance.yahoo.com/quote/AUROPHARMA.NS/
2026-06-15,Aurobindo Pharma,AUROPHARMA.NS,1408.300048828125,3171180,3171180,https://finance.yahoo.com/quote/AUROPHARMA.NS/
2026-06-16,Aurobindo Pharma,AUROPHARMA.NS,1396.699951171875,1116068,1116068,https://finance.yahoo.com/quote/AUROPHARMA.NS/
2026-06-17,Aurobindo Pharma,AUROPHARMA.NS,1422.4000244140625,1090710,1090710,https://finance.yahoo.com/quote/AUROPHARMA.NS/
2026-06-18,Aurobindo Pharma,AUROPHARMA.NS,1443.699951171875,944605,944605,https://finance.yahoo.com/quote/AUROPHARMA.NS/
2026-06-19,Aurobindo Pharma,AUROPHARMA.NS,1497.800048828125,2506592,2506592,https://finance.yahoo.com/quote/AUROPHARMA.NS/
2026-06-22,Aurobindo Pharma,AUROPHARMA.NS,1491.9000244140625,1718469,1718469,https://finance.yahoo.com/quote/AUROPHARMA.NS/
2026-06-23,Aurobindo Pharma,AUROPHARMA.NS,1534.199951171875,2092258,2092258,https://finance.yahoo.com/quote/AUROPHARMA.NS/
2026-06-24,Aurobindo Pharma,AUROPHARMA.NS,1530.5999755859375,1085955,1085955,https://finance.yahoo.com/quote/AUROPHARMA.NS/
2026-06-25,Aurobindo Pharma,AUROPHARMA.NS,1555.199951171875,2098976,2098976,https://finance.yahoo.com/quote/AUROPHARMA.NS/
2026-06-26,Aurobindo Pharma,AUROPHARMA.NS,1555.199951171875,0,0,https://finance.yahoo.com/quote/AUROPHARMA.NS/
2026-06-29,Aurobindo Pharma,AUROPHARMA.NS,1547.5,4635532,4635532,https://finance.yahoo.com/quote/AUROPHARMA.NS/
2026-06-30,Aurobindo Pharma,AUROPHARMA.NS,1578.699951171875,3230823,3230823,https://finance.yahoo.com/quote/AUROPHARMA.NS/
2026-07-01,Aurobindo Pharma,AUROPHARMA.NS,1552.5999755859375,590144,590144,https://finance.yahoo.com/quote/AUROPHARMA.NS/
2026-07-02,Aurobindo Pharma,AUROPHARMA.NS,1561.0,647847,647847,https://finance.yahoo.com/quote/AUROPHARMA.NS/
2026-07-03,Aurobindo Pharma,AUROPHARMA.NS,1620.5,2190579,2190579,https://finance.yahoo.com/quote/AUROPHARMA.NS/
2026-07-06,Aurobindo Pharma,AUROPHARMA.NS,1594.5999755859375,786004,786004,https://finance.yahoo.com/quote/AUROPHARMA.NS/
2026-07-07,Aurobindo Pharma,AUROPHARMA.NS,1583.0999755859375,638542,638542,https://finance.yahoo.com/quote/AUROPHARMA.NS/
2026-07-08,Aurobindo Pharma,AUROPHARMA.NS,1557.4000244140625,1106058,1106058,https://finance.yahoo.com/quote/AUROPHARMA.NS/
2026-07-09,Aurobindo Pharma,AUROPHARMA.NS,1587.4000244140625,803529,803529,https://finance.yahoo.com/quote/AUROPHARMA.NS/
2026-07-10,Aurobindo Pharma,AUROPHARMA.NS,1564.699951171875,1154492,1154492,https://finance.yahoo.com/quote/AUROPHARMA.NS/
2026-07-13,Aurobindo Pharma,AUROPHARMA.NS,1549.300048828125,735761,735761,https://finance.yahoo.com/quote/AUROPHARMA.NS/
2026-07-14,Aurobindo Pharma,AUROPHARMA.NS,1552.800048828125,525859,525859,https://finance.yahoo.com/quote/AUROPHARMA.NS/
2026-07-15,Aurobindo Pharma,AUROPHARMA.NS,1550.199951171875,327039,327039,https://finance.yahoo.com/quote/AUROPHARMA.NS/
2026-07-16,Aurobindo Pharma,AUROPHARMA.NS,1548.4000244140625,924372,924372,https://finance.yahoo.com/quote/AUROPHARMA.NS/
2026-07-17,Aurobindo Pharma,AUROPHARMA.NS,1533.4000244140625,518043,518043,https://finance.yahoo.com/quote/AUROPHARMA.NS/
2026-07-20,Aurobindo Pharma,AUROPHARMA.NS,1559.5999755859375,1260115,1260115,https://finance.yahoo.com/quote/AUROPHARMA.NS/
2026-07-21,Aurobindo Pharma,AUROPHARMA.NS,1579.699951171875,539944,539944,https://finance.yahoo.com/quote/AUROPHARMA.NS/
2026-07-22,Aurobindo Pharma,AUROPHARMA.NS,1533.5999755859375,2357447,2357447,https://finance.yahoo.com/quote/AUROPHARMA.NS/
2026-07-23,Aurobindo Pharma,AUROPHARMA.NS,1523.4000244140625,431250,431250,https://finance.yahoo.com/quote/AUROPHARMA.NS/
2026-07-24,Aurobindo Pharma,AUROPHARMA.NS,1532.0,446834,446834,https://finance.yahoo.com/quote/AUROPHARMA.NS/
2026-07-27,Aurobindo Pharma,AUROPHARMA.NS,1549.4000244140625,850225,850225,https://finance.yahoo.com/quote/AUROPHARMA.NS/
2026-07-28,Aurobindo Pharma,AUROPHARMA.NS,1549.199951171875,499946,499946,https://finance.yahoo.com/quote/AUROPHARMA.NS/
2026-07-29,Aurobindo Pharma,AUROPHARMA.NS,1590.699951171875,1031789,1031789,https://finance.yahoo.com/quote/AUROPHARMA.NS/
2026-07-30,Aurobindo Pharma,AUROPHARMA.NS,1576.300048828125,733318,733318,https://finance.yahoo.com/quote/AUROPHARMA.NS/
2026-07-31,Aurobindo Pharma,AUROPHARMA.NS,1580.199951171875,440498,440498,https://finance.yahoo.com/quote/AUROPHARMA.NS/
2026-08-03,Aurobindo Pharma,AUROPHARMA.NS,1554.699951171875,1496353,1496353,https://finance.yahoo.com/quote/AUROPHARMA.NS/
2026-08-04,Aurobindo Pharma,AUROPHARMA.NS,1585.9000244140625,2243122,2243122,https://finance.yahoo.com/quote/AUROPHARMA.NS/
2026-08-05,Aurobindo Pharma,AUROPHARMA.NS,1613.4000244140625,1385223,1385223,https://finance.yahoo.com/quote/AUROPHARMA.NS/
2026-08-06,Aurobindo Pharma,AUROPHARMA.NS,1588.9000244140625,1299019,1299019,https://finance.yahoo.com/quote/AUROPHARMA.NS/
2026-08-07,Aurobindo Pharma,AUROPHARMA.NS,1658.0,2001257,2001257,https://finance.yahoo.com/quote/AUROPHARMA.NS/
2026-08-10,Aurobindo Pharma,AUROPHARMA.NS,1648.0,1165336,1165336,https://finance.yahoo.com/quote/AUROPHARMA.NS/
2026-08-11,Aurobindo Pharma,AUROPHARMA.NS,1658.0,420527,420527,https://finance.yahoo.com/quote/AUROPHARMA.NS/
2026-08-12,Aurobindo Pharma,AUROPHARMA.NS,1667.0,796061,796061,https://finance.yahoo.com/quote/AUROPHARMA.NS/
2026-08-13,Aurobindo Pharma,AUROPHARMA.NS,1663.4000244140625,962633,962633,https://finance.yahoo.com/quote/AUROPHARMA.NS/
2026-08-14,Aurobindo Pharma,AUROPHARMA.NS,1622.0999755859375,824842,824842,https://finance.yahoo.com/quote/AUROPHARMA.NS/
2026-08-17,Aurobindo Pharma,AUROPHARMA.NS,1627.199951171875,998350,998350,https://finance.yahoo.com/quote/AUROPHARMA.NS/
2026-08-18,Aurobindo Pharma,AUROPHARMA.NS,1645.0,573961,573961,https://finance.yahoo.com/quote/AUROPHARMA.NS/
2026-08-19,Aurobindo Pharma,AUROPHARMA.NS,1624.5,752484,752484,https://finance.yahoo.com/quote/AUROPHARMA.NS/
2026-08-20,Aurobindo Pharma,AUROPHARMA.NS,1608.0,805856,805856,https://finance.yahoo.com/quote/AUROPHARMA.NS/
2026-08-21,Aurobindo Pharma,AUROPHARMA.NS,1621.300048828125,750168,750168,https://finance.yahoo.com/quote/AUROPHARMA.NS/
2026-08-24,Aurobindo Pharma,AUROPHARMA.NS,1608.0,969437,969437,https://finance.yahoo.com/quote/AUROPHARMA.NS/
2026-08-25,Aurobindo Pharma,AUROPHARMA.NS,1617.800048828125,589518,589518,https://finance.yahoo.com/quote/AUROPHARMA.NS/
2026-08-26,Aurobindo Pharma,AUROPHARMA.NS,1623.0,679792,679792,https://finance.yahoo.com/quote/AUROPHARMA.NS/
2026-08-27,Aurobindo Pharma,AUROPHARMA.NS,1637.0,717677,717677,https://finance.yahoo.com/quote/AUROPHARMA.NS/
2026-08-28,Aurobindo Pharma,AUROPHARMA.NS,1645.300048828125,484381,484381,https://finance.yahoo.com/quote/AUROPHARMA.NS/
2026-08-31,Aurobindo Pharma,AUROPHARMA.NS,1717.0,2416718,2416718,https://finance.yahoo.com/quote/AUROPHARMA.NS/
2026-09-01,Aurobindo Pharma,AUROPHARMA.NS,1683.300048828125,608791,608791,https://finance.yahoo.com/quote/AUROPHARMA.NS/
2026-09-02,Aurobindo Pharma,AUROPHARMA.NS,1648.199951171875,816419,816419,https://finance.yahoo.com/quote/AUROPHARMA.NS/
2026-09-03,Aurobindo Pharma,AUROPHARMA.NS,1637.300048828125,920206,920206,https://finance.yahoo.com/quote/AUROPHARMA.NS/
2026-09-04,Aurobindo Pharma,AUROPHARMA.NS,1653.0999755859375,573938,573938,https://finance.yahoo.com/quote/AUROPHARMA.NS/
2026-09-07,Aurobindo Pharma,AUROPHARMA.NS,1660.0,536717,536717,https://finance.yahoo.com/quote/AUROPHARMA.NS/
2026-09-08,Aurobindo Pharma,AUROPHARMA.NS,1692.0,1055813,1055813,https://finance.yahoo.com/quote/AUROPHARMA.NS/
2026-09-09,Aurobindo Pharma,AUROPHARMA.NS,1698.9000244140625,600583,600583,https://finance.yahoo.com/quote/AUROPHARMA.NS/
2026-09-10,Aurobindo Pharma,AUROPHARMA.NS,1668.4000244140625,798368,798368,https://finance.yahoo.com/quote/AUROPHARMA.NS/
2026-09-11,Aurobindo Pharma,AUROPHARMA.NS,1679.800048828125,494251,494251,https://finance.yahoo.com/quote/AUROPHARMA.NS/
2026-09-14,Aurobindo Pharma,AUROPHARMA.NS,1679.800048828125,0,0,https://finance.yahoo.com/quote/AUROPHARMA.NS/
2026-09-15,Aurobindo Pharma,AUROPHARMA.NS,1660.0,438757,438757,https://finance.yahoo.com/quote/AUROPHARMA.NS/
2026-09-16,Aurobindo Pharma,AUROPHARMA.NS,1643.0,522849,522849,https://finance.yahoo.com/quote/AUROPHARMA.NS/
2026-09-17,Aurobindo Pharma,AUROPHARMA.NS,1690.0,758827,758827,https://finance.yahoo.com/quote/AUROPHARMA.NS/
2026-09-18,Aurobindo Pharma,AUROPHARMA.NS,1734.0,1209478,1209478,https://finance.yahoo.com/quote/AUROPHARMA.NS/
2026-09-21,Aurobindo Pharma,AUROPHARMA.NS,1713.4000244140625,902487,902487,https://finance.yahoo.com/quote/AUROPHARMA.NS/
2026-09-22,Aurobindo Pharma,AUROPHARMA.NS,1700.0,869831,869831,https://finance.yahoo.com/quote/AUROPHARMA.NS/
2026-09-23,Aurobindo Pharma,AUROPHARMA.NS,1721.5,951081,951081,https://finance.yahoo.com/quote/AUROPHARMA.NS/
2026-09-24,Aurobindo Pharma,AUROPHARMA.NS,1716.0,819753,819753,https://finance.yahoo.com/quote/AUROPHARMA.NS/
2026-09-25,Aurobindo Pharma,AUROPHARMA.NS,1712.0,624705,624705,https://finance.yahoo.com/quote/AUROPHARMA.NS/
2026-09-28,Aurobindo Pharma,AUROPHARMA.NS,1697.5,657590,657590,https://finance.yahoo.com/quote/AUROPHARMA.NS/
2026-09-29,Aurobindo Pharma,AUROPHARMA.NS,1697.699951171875,1159038,1159038,https://finance.yahoo.com/quote/AUROPHARMA.NS/
2026-09-30,Aurobindo Pharma,AUROPHARMA.NS,1672.0,1138610,1138610,https://finance.yahoo.com/quote/AUROPHARMA.NS/
2026-10-01,Aurobindo Pharma,AUROPHARMA.NS,1676.800048828125,1074057,1074057,https://finance.yahoo.com/quote/AUROPHARMA.NS/
2025-04-02,Biocon,BIOCON.NS,341.18524169921875,937244,937244,https://finance.yahoo.com/quote/BIOCON.NS/
2025-04-03,Biocon,BIOCON.NS,344.8758850097656,3567999,3567999,https://finance.yahoo.com/quote/BIOCON.NS/
2025-04-04,Biocon,BIOCON.NS,326.97125244140625,3716291,3716291,https://finance.yahoo.com/quote/BIOCON.NS/
2025-04-07,Biocon,BIOCON.NS,306.72259521484375,2647332,2647332,https://finance.yahoo.com/quote/BIOCON.NS/
2025-04-08,Biocon,BIOCON.NS,321.48516845703125,4084647,4084647,https://finance.yahoo.com/quote/BIOCON.NS/
2025-04-09,Biocon,BIOCON.NS,305.5256042480469,3481679,3481679,https://finance.yahoo.com/quote/BIOCON.NS/
2025-04-11,Biocon,BIOCON.NS,315.7497253417969,3064653,3064653,https://finance.yahoo.com/quote/BIOCON.NS/
2025-04-15,Biocon,BIOCON.NS,328.0186462402344,3208011,3208011,https://finance.yahoo.com/quote/BIOCON.NS/
2025-04-16,Biocon,BIOCON.NS,328.3178405761719,1251281,1251281,https://finance.yahoo.com/quote/BIOCON.NS/
2025-04-17,Biocon,BIOCON.NS,330.46240234375,958981,958981,https://finance.yahoo.com/quote/BIOCON.NS/
2025-04-21,Biocon,BIOCON.NS,331.0609130859375,1861695,1861695,https://finance.yahoo.com/quote/BIOCON.NS/
2025-04-22,Biocon,BIOCON.NS,332.9560852050781,2356750,2356750,https://finance.yahoo.com/quote/BIOCON.NS/
2025-04-23,Biocon,BIOCON.NS,334.851318359375,2687947,2687947,https://finance.yahoo.com/quote/BIOCON.NS/
2025-04-24,Biocon,BIOCON.NS,325.9239196777344,4713095,4713095,https://finance.yahoo.com/quote/BIOCON.NS/
2025-04-25,Biocon,BIOCON.NS,311.06158447265625,4326450,4326450,https://finance.yahoo.com/quote/BIOCON.NS/
2025-04-28,Biocon,BIOCON.NS,320.0388488769531,2427466,2427466,https://finance.yahoo.com/quote/BIOCON.NS/
2025-04-29,Biocon,BIOCON.NS,318.0439147949219,1214417,1214417,https://finance.yahoo.com/quote/BIOCON.NS/
2025-04-30,Biocon,BIOCON.NS,320.9864196777344,2632538,2632538,https://finance.yahoo.com/quote/BIOCON.NS/
2025-05-02,Biocon,BIOCON.NS,317.3456726074219,1172553,1172553,https://finance.yahoo.com/quote/BIOCON.NS/
2025-05-05,Biocon,BIOCON.NS,335.05078125,4679123,4679123,https://finance.yahoo.com/quote/BIOCON.NS/
2025-05-06,Biocon,BIOCON.NS,340.5867614746094,7013338,7013338,https://finance.yahoo.com/quote/BIOCON.NS/
2025-05-07,Biocon,BIOCON.NS,345.6239929199219,5299681,5299681,https://finance.yahoo.com/quote/BIOCON.NS/
2025-05-08,Biocon,BIOCON.NS,333.75408935546875,2552004,2552004,https://finance.yahoo.com/quote/BIOCON.NS/
2025-05-09,Biocon,BIOCON.NS,329.06597900390625,6131597,6131597,https://finance.yahoo.com/quote/BIOCON.NS/
2025-05-12,Biocon,BIOCON.NS,327.32037353515625,7577972,7577972,https://finance.yahoo.com/quote/BIOCON.NS/
2025-05-13,Biocon,BIOCON.NS,329.01611328125,4488167,4488167,https://finance.yahoo.com/quote/BIOCON.NS/
2025-05-14,Biocon,BIOCON.NS,337.344970703125,3246085,3246085,https://finance.yahoo.com/quote/BIOCON.NS/
2025-05-15,Biocon,BIOCON.NS,337.7439880371094,3182074,3182074,https://finance.yahoo.com/quote/BIOCON.NS/
2025-05-16,Biocon,BIOCON.NS,338.54193115234375,1989564,1989564,https://finance.yahoo.com/quote/BIOCON.NS/
2025-05-19,Biocon,BIOCON.NS,340.73638916015625,1347546,1347546,https://finance.yahoo.com/quote/BIOCON.NS/
2025-05-20,Biocon,BIOCON.NS,331.6593933105469,2112277,2112277,https://finance.yahoo.com/quote/BIOCON.NS/
2025-05-21,Biocon,BIOCON.NS,339.7887878417969,2264172,2264172,https://finance.yahoo.com/quote/BIOCON.NS/
2025-05-22,Biocon,BIOCON.NS,332.2579040527344,2162491,2162491,https://finance.yahoo.com/quote/BIOCON.NS/
2025-05-23,Biocon,BIOCON.NS,329.913818359375,2051454,2051454,https://finance.yahoo.com/quote/BIOCON.NS/
2025-05-26,Biocon,BIOCON.NS,331.509765625,1361946,1361946,https://finance.yahoo.com/quote/BIOCON.NS/
2025-05-27,Biocon,BIOCON.NS,334.2029113769531,1717048,1717048,https://finance.yahoo.com/quote/BIOCON.NS/
2025-05-28,Biocon,BIOCON.NS,333.5047302246094,1143647,1143647,https://finance.yahoo.com/quote/BIOCON.NS/
2025-05-29,Biocon,BIOCON.NS,334.7515563964844,1103161,1103161,https://finance.yahoo.com/quote/BIOCON.NS/
2025-05-30,Biocon,BIOCON.NS,335.00091552734375,1880217,1880217,https://finance.yahoo.com/quote/BIOCON.NS/
2025-06-02,Biocon,BIOCON.NS,333.15557861328125,1175008,1175008,https://finance.yahoo.com/quote/BIOCON.NS/
2025-06-03,Biocon,BIOCON.NS,336.3475036621094,3111241,3111241,https://finance.yahoo.com/quote/BIOCON.NS/
2025-06-04,Biocon,BIOCON.NS,335.5495300292969,902848,902848,https://finance.yahoo.com/quote/BIOCON.NS/
2025-06-05,Biocon,BIOCON.NS,329.7641906738281,3888417,3888417,https://finance.yahoo.com/quote/BIOCON.NS/
2025-06-06,Biocon,BIOCON.NS,329.215576171875,1250474,1250474,https://finance.yahoo.com/quote/BIOCON.NS/
2025-06-09,Biocon,BIOCON.NS,337.29510498046875,3325964,3325964,https://finance.yahoo.com/quote/BIOCON.NS/
2025-06-10,Biocon,BIOCON.NS,340.33740234375,6067297,6067297,https://finance.yahoo.com/quote/BIOCON.NS/
2025-06-11,Biocon,BIOCON.NS,353.55389404296875,8322371,8322371,https://finance.yahoo.com/quote/BIOCON.NS/
2025-06-12,Biocon,BIOCON.NS,351.3594665527344,4265927,4265927,https://finance.yahoo.com/quote/BIOCON.NS/
2025-06-13,Biocon,BIOCON.NS,354.5014953613281,8013966,8013966,https://finance.yahoo.com/quote/BIOCON.NS/
2025-06-16,Biocon,BIOCON.NS,356.3468322753906,3802901,3802901,https://finance.yahoo.com/quote/BIOCON.NS/
2025-06-17,Biocon,BIOCON.NS,351.7584228515625,11636919,11636919,https://finance.yahoo.com/quote/BIOCON.NS/
2025-06-18,Biocon,BIOCON.NS,341.1353759765625,8974019,8974019,https://finance.yahoo.com/quote/BIOCON.NS/
2025-06-19,Biocon,BIOCON.NS,347.71868896484375,8981677,8981677,https://finance.yahoo.com/quote/BIOCON.NS/
2025-06-20,Biocon,BIOCON.NS,350.46173095703125,3627362,3627362,https://finance.yahoo.com/quote/BIOCON.NS/
2025-06-23,Biocon,BIOCON.NS,351.3096008300781,4480305,4480305,https://finance.yahoo.com/quote/BIOCON.NS/
2025-06-24,Biocon,BIOCON.NS,348.3171691894531,12193270,12193270,https://finance.yahoo.com/quote/BIOCON.NS/
2025-06-25,Biocon,BIOCON.NS,350.5115966796875,14074406,14074406,https://finance.yahoo.com/quote/BIOCON.NS/
2025-06-26,Biocon,BIOCON.NS,349.6138916015625,12779994,12779994,https://finance.yahoo.com/quote/BIOCON.NS/
2025-06-27,Biocon,BIOCON.NS,353.5040283203125,4598232,4598232,https://finance.yahoo.com/quote/BIOCON.NS/
2025-06-30,Biocon,BIOCON.NS,354.8007507324219,2637925,2637925,https://finance.yahoo.com/quote/BIOCON.NS/
2025-07-01,Biocon,BIOCON.NS,361.5835266113281,5293503,5293503,https://finance.yahoo.com/quote/BIOCON.NS/
2025-07-02,Biocon,BIOCON.NS,367.61822509765625,7387741,7387741,https://finance.yahoo.com/quote/BIOCON.NS/
2025-07-03,Biocon,BIOCON.NS,373.5033264160156,5847231,5847231,https://finance.yahoo.com/quote/BIOCON.NS/
2025-07-04,Biocon,BIOCON.NS,379.5960388183594,6787795,6787795,https://finance.yahoo.com/quote/BIOCON.NS/
2025-07-07,Biocon,BIOCON.NS,371.6555480957031,3307833,3307833,https://finance.yahoo.com/quote/BIOCON.NS/
2025-07-08,Biocon,BIOCON.NS,368.9088134765625,2519720,2519720,https://finance.yahoo.com/quote/BIOCON.NS/
2025-07-09,Biocon,BIOCON.NS,373.1037902832031,4170233,4170233,https://finance.yahoo.com/quote/BIOCON.NS/
2025-07-10,Biocon,BIOCON.NS,371.9551696777344,1858411,1858411,https://finance.yahoo.com/quote/BIOCON.NS/
2025-07-11,Biocon,BIOCON.NS,373.7530517578125,3092326,3092326,https://finance.yahoo.com/quote/BIOCON.NS/
2025-07-14,Biocon,BIOCON.NS,378.6471862792969,5647593,5647593,https://finance.yahoo.com/quote/BIOCON.NS/
2025-07-15,Biocon,BIOCON.NS,389.983642578125,7845415,7845415,https://finance.yahoo.com/quote/BIOCON.NS/
2025-07-16,Biocon,BIOCON.NS,394.1785888671875,17490369,17490369,https://finance.yahoo.com/quote/BIOCON.NS/
2025-07-17,Biocon,BIOCON.NS,396.5257873535156,4252872,4252872,https://finance.yahoo.com/quote/BIOCON.NS/
2025-07-18,Biocon,BIOCON.NS,398.2737121582031,6228336,6228336,https://finance.yahoo.com/quote/BIOCON.NS/
2025-07-21,Biocon,BIOCON.NS,394.1785888671875,2504038,2504038,https://finance.yahoo.com/quote/BIOCON.NS/
2025-07-22,Biocon,BIOCON.NS,386.7375183105469,2387785,2387785,https://finance.yahoo.com/quote/BIOCON.NS/
2025-07-23,Biocon,BIOCON.NS,396.4758605957031,3735346,3735346,https://finance.yahoo.com/quote/BIOCON.NS/
2025-07-24,Biocon,BIOCON.NS,397.1250915527344,3142162,3142162,https://finance.yahoo.com/quote/BIOCON.NS/
2025-07-25,Biocon,BIOCON.NS,393.67919921875,2122908,2122908,https://finance.yahoo.com/quote/BIOCON.NS/
2025-07-28,Biocon,BIOCON.NS,386.9872131347656,3698071,3698071,https://finance.yahoo.com/quote/BIOCON.NS/
2025-07-29,Biocon,BIOCON.NS,397.6744079589844,5529147,5529147,https://finance.yahoo.com/quote/BIOCON.NS/
2025-07-30,Biocon,BIOCON.NS,396.8254089355469,6133305,6133305,https://finance.yahoo.com/quote/BIOCON.NS/
2025-07-31,Biocon,BIOCON.NS,390.9324645996094,2938178,2938178,https://finance.yahoo.com/quote/BIOCON.NS/
2025-08-01,Biocon,BIOCON.NS,382.64239501953125,3141290,3141290,https://finance.yahoo.com/quote/BIOCON.NS/
2025-08-04,Biocon,BIOCON.NS,381.9432373046875,8430624,8430624,https://finance.yahoo.com/quote/BIOCON.NS/
2025-08-05,Biocon,BIOCON.NS,371.9052429199219,3095425,3095425,https://finance.yahoo.com/quote/BIOCON.NS/
2025-08-06,Biocon,BIOCON.NS,359.9695129394531,4170067,4170067,https://finance.yahoo.com/quote/BIOCON.NS/
2025-08-07,Biocon,BIOCON.NS,363.7649841308594,2148156,2148156,https://finance.yahoo.com/quote/BIOCON.NS/
2025-08-08,Biocon,BIOCON.NS,342.93988037109375,5841196,5841196,https://finance.yahoo.com/quote/BIOCON.NS/
2025-08-11,Biocon,BIOCON.NS,341.6913757324219,5044883,5044883,https://finance.yahoo.com/quote/BIOCON.NS/
2025-08-12,Biocon,BIOCON.NS,354.47607421875,7056392,7056392,https://finance.yahoo.com/quote/BIOCON.NS/
2025-08-13,Biocon,BIOCON.NS,359.8197021484375,2379044,2379044,https://finance.yahoo.com/quote/BIOCON.NS/
2025-08-14,Biocon,BIOCON.NS,358.8208923339844,2525023,2525023,https://finance.yahoo.com/quote/BIOCON.NS/
2025-08-18,Biocon,BIOCON.NS,363.8648376464844,2143775,2143775,https://finance.yahoo.com/quote/BIOCON.NS/
2025-08-19,Biocon,BIOCON.NS,363.4154052734375,1024689,1024689,https://finance.yahoo.com/quote/BIOCON.NS/
2025-08-20,Biocon,BIOCON.NS,359.0206604003906,998355,998355,https://finance.yahoo.com/quote/BIOCON.NS/
2025-08-21,Biocon,BIOCON.NS,357.3226623535156,2257658,2257658,https://finance.yahoo.com/quote/BIOCON.NS/
2025-08-22,Biocon,BIOCON.NS,359.0705871582031,1023391,1023391,https://finance.yahoo.com/quote/BIOCON.NS/
2025-08-25,Biocon,BIOCON.NS,359.5200500488281,932540,932540,https://finance.yahoo.com/quote/BIOCON.NS/
2025-08-26,Biocon,BIOCON.NS,357.87200927734375,4216073,4216073,https://finance.yahoo.com/quote/BIOCON.NS/
2025-08-28,Biocon,BIOCON.NS,352.82806396484375,2513036,2513036,https://finance.yahoo.com/quote/BIOCON.NS/
2025-08-29,Biocon,BIOCON.NS,347.93389892578125,1810109,1810109,https://finance.yahoo.com/quote/BIOCON.NS/
2025-09-01,Biocon,BIOCON.NS,352.1288757324219,1594809,1594809,https://finance.yahoo.com/quote/BIOCON.NS/
2025-09-02,Biocon,BIOCON.NS,355.6746520996094,3049894,3049894,https://finance.yahoo.com/quote/BIOCON.NS/
2025-09-03,Biocon,BIOCON.NS,361.1181335449219,2632511,2632511,https://finance.yahoo.com/quote/BIOCON.NS/
2025-09-04,Biocon,BIOCON.NS,356.42376708984375,1203504,1203504,https://finance.yahoo.com/quote/BIOCON.NS/
2025-09-05,Biocon,BIOCON.NS,363.2655944824219,2400088,2400088,https://finance.yahoo.com/quote/BIOCON.NS/
2025-09-08,Biocon,BIOCON.NS,363.71502685546875,1348143,1348143,https://finance.yahoo.com/quote/BIOCON.NS/
2025-09-09,Biocon,BIOCON.NS,364.0646057128906,819081,819081,https://finance.yahoo.com/quote/BIOCON.NS/
2025-09-10,Biocon,BIOCON.NS,363.7649841308594,1707668,1707668,https://finance.yahoo.com/quote/BIOCON.NS/
2025-09-11,Biocon,BIOCON.NS,363.6151428222656,1755595,1755595,https://finance.yahoo.com/quote/BIOCON.NS/
2025-09-12,Biocon,BIOCON.NS,364.7637939453125,1189542,1189542,https://finance.yahoo.com/quote/BIOCON.NS/
2025-09-15,Biocon,BIOCON.NS,357.82208251953125,2232052,2232052,https://finance.yahoo.com/quote/BIOCON.NS/
2025-09-16,Biocon,BIOCON.NS,359.769775390625,968345,968345,https://finance.yahoo.com/quote/BIOCON.NS/
2025-09-17,Biocon,BIOCON.NS,353.9267578125,3387333,3387333,https://finance.yahoo.com/quote/BIOCON.NS/
2025-09-18,Biocon,BIOCON.NS,367.9599609375,9086347,9086347,https://finance.yahoo.com/quote/BIOCON.NS/
2025-09-19,Biocon,BIOCON.NS,368.7590026855469,14210253,14210253,https://finance.yahoo.com/quote/BIOCON.NS/
2025-09-22,Biocon,BIOCON.NS,361.7174072265625,3850328,3850328,https://finance.yahoo.com/quote/BIOCON.NS/
2025-09-23,Biocon,BIOCON.NS,359.0705871582031,836722,836722,https://finance.yahoo.com/quote/BIOCON.NS/
2025-09-24,Biocon,BIOCON.NS,358.521240234375,1684569,1684569,https://finance.yahoo.com/quote/BIOCON.NS/
2025-09-25,Biocon,BIOCON.NS,355.52484130859375,1822433,1822433,https://finance.yahoo.com/quote/BIOCON.NS/
2025-09-26,Biocon,BIOCON.NS,338.49517822265625,3635613,3635613,https://finance.yahoo.com/quote/BIOCON.NS/
2025-09-29,Biocon,BIOCON.NS,339.7436828613281,1703064,1703064,https://finance.yahoo.com/quote/BIOCON.NS/
2025-09-30,Biocon,BIOCON.NS,340.5926818847656,845656,845656,https://finance.yahoo.com/quote/BIOCON.NS/
2025-10-01,Biocon,BIOCON.NS,346.03619384765625,1955193,1955193,https://finance.yahoo.com/quote/BIOCON.NS/
2025-10-03,Biocon,BIOCON.NS,351.8292541503906,2628207,2628207,https://finance.yahoo.com/quote/BIOCON.NS/
2025-10-06,Biocon,BIOCON.NS,347.3346252441406,2505387,2505387,https://finance.yahoo.com/quote/BIOCON.NS/
2025-10-07,Biocon,BIOCON.NS,347.3845520019531,1920469,1920469,https://finance.yahoo.com/quote/BIOCON.NS/
2025-10-08,Biocon,BIOCON.NS,348.5831298828125,3503144,3503144,https://finance.yahoo.com/quote/BIOCON.NS/
2025-10-09,Biocon,BIOCON.NS,352.0789489746094,2666494,2666494,https://finance.yahoo.com/quote/BIOCON.NS/
2025-10-10,Biocon,BIOCON.NS,353.02783203125,2001620,2001620,https://finance.yahoo.com/quote/BIOCON.NS/
2025-10-13,Biocon,BIOCON.NS,348.9826354980469,833741,833741,https://finance.yahoo.com/quote/BIOCON.NS/
2025-10-14,Biocon,BIOCON.NS,351.4297180175781,4339891,4339891,https://finance.yahoo.com/quote/BIOCON.NS/
2025-10-15,Biocon,BIOCON.NS,355.9742736816406,2332613,2332613,https://finance.yahoo.com/quote/BIOCON.NS/
2025-10-16,Biocon,BIOCON.NS,357.77215576171875,1381944,1381944,https://finance.yahoo.com/quote/BIOCON.NS/
2025-10-17,Biocon,BIOCON.NS,355.7245788574219,1510809,1510809,https://finance.yahoo.com/quote/BIOCON.NS/
2025-10-20,Biocon,BIOCON.NS,363.8648376464844,2280530,2280530,https://finance.yahoo.com/quote/BIOCON.NS/
2025-10-21,Biocon,BIOCON.NS,365.6627197265625,433779,433779,https://finance.yahoo.com/quote/BIOCON.NS/
2025-10-23,Biocon,BIOCON.NS,361.8672180175781,1776193,1776193,https://finance.yahoo.com/quote/BIOCON.NS/
2025-10-24,Biocon,BIOCON.NS,359.0705871582031,1007188,1007188,https://finance.yahoo.com/quote/BIOCON.NS/
2025-10-27,Biocon,BIOCON.NS,360.01947021484375,1247932,1247932,https://finance.yahoo.com/quote/BIOCON.NS/
2025-10-28,Biocon,BIOCON.NS,365.3131103515625,1341101,1341101,https://finance.yahoo.com/quote/BIOCON.NS/
2025-10-29,Biocon,BIOCON.NS,373.2536315917969,2588388,2588388,https://finance.yahoo.com/quote/BIOCON.NS/
2025-10-30,Biocon,BIOCON.NS,376.1501770019531,7053197,7053197,https://finance.yahoo.com/quote/BIOCON.NS/
2025-10-31,Biocon,BIOCON.NS,371.6555480957031,2113126,2113126,https://finance.yahoo.com/quote/BIOCON.NS/
2025-11-03,Biocon,BIOCON.NS,376.6994934082031,5042950,5042950,https://finance.yahoo.com/quote/BIOCON.NS/
2025-11-04,Biocon,BIOCON.NS,380.0455017089844,4295964,4295964,https://finance.yahoo.com/quote/BIOCON.NS/
2025-11-06,Biocon,BIOCON.NS,384.7398986816406,4037698,4037698,https://finance.yahoo.com/quote/BIOCON.NS/
2025-11-07,Biocon,BIOCON.NS,379.94561767578125,2407710,2407710,https://finance.yahoo.com/quote/BIOCON.NS/
2025-11-10,Biocon,BIOCON.NS,381.6935119628906,1642994,1642994,https://finance.yahoo.com/quote/BIOCON.NS/
2025-11-11,Biocon,BIOCON.NS,384.6400146484375,2492054,2492054,https://finance.yahoo.com/quote/BIOCON.NS/
2025-11-12,Biocon,BIOCON.NS,405.4151611328125,16384325,16384325,https://finance.yahoo.com/quote/BIOCON.NS/
2025-11-13,Biocon,BIOCON.NS,416.50189208984375,12453552,12453552,https://finance.yahoo.com/quote/BIOCON.NS/
2025-11-14,Biocon,BIOCON.NS,410.65887451171875,3320956,3320956,https://finance.yahoo.com/quote/BIOCON.NS/
2025-11-17,Biocon,BIOCON.NS,420.44720458984375,3740504,3740504,https://finance.yahoo.com/quote/BIOCON.NS/
2025-11-18,Biocon,BIOCON.NS,421.0964050292969,7436143,7436143,https://finance.yahoo.com/quote/BIOCON.NS/
2025-11-19,Biocon,BIOCON.NS,409.6101379394531,3249725,3249725,https://finance.yahoo.com/quote/BIOCON.NS/
2025-11-20,Biocon,BIOCON.NS,394.6780090332031,8463319,8463319,https://finance.yahoo.com/quote/BIOCON.NS/
2025-11-21,Biocon,BIOCON.NS,396.3759765625,3348385,3348385,https://finance.yahoo.com/quote/BIOCON.NS/
2025-11-24,Biocon,BIOCON.NS,394.77789306640625,1994127,1994127,https://finance.yahoo.com/quote/BIOCON.NS/
2025-11-25,Biocon,BIOCON.NS,392.7802734375,1628532,1628532,https://finance.yahoo.com/quote/BIOCON.NS/
2025-11-26,Biocon,BIOCON.NS,397.97406005859375,1595568,1595568,https://finance.yahoo.com/quote/BIOCON.NS/
2025-11-27,Biocon,BIOCON.NS,399.172607421875,1913627,1913627,https://finance.yahoo.com/quote/BIOCON.NS/
2025-11-28,Biocon,BIOCON.NS,397.8741760253906,2397734,2397734,https://finance.yahoo.com/quote/BIOCON.NS/
2025-12-01,Biocon,BIOCON.NS,394.0287780761719,1957799,1957799,https://finance.yahoo.com/quote/BIOCON.NS/
2025-12-02,Biocon,BIOCON.NS,398.5234069824219,2851443,2851443,https://finance.yahoo.com/quote/BIOCON.NS/
2025-12-03,Biocon,BIOCON.NS,409.51025390625,10962895,10962895,https://finance.yahoo.com/quote/BIOCON.NS/
2025-12-04,Biocon,BIOCON.NS,387.8861389160156,12104103,12104103,https://finance.yahoo.com/quote/BIOCON.NS/
2025-12-05,Biocon,BIOCON.NS,392.18096923828125,4217316,4217316,https://finance.yahoo.com/quote/BIOCON.NS/
2025-12-08,Biocon,BIOCON.NS,383.341552734375,6232858,6232858,https://finance.yahoo.com/quote/BIOCON.NS/
2025-12-09,Biocon,BIOCON.NS,383.1917419433594,4551712,4551712,https://finance.yahoo.com/quote/BIOCON.NS/
2025-12-10,Biocon,BIOCON.NS,378.6971130371094,2562204,2562204,https://finance.yahoo.com/quote/BIOCON.NS/
2025-12-11,Biocon,BIOCON.NS,381.29400634765625,1102516,1102516,https://finance.yahoo.com/quote/BIOCON.NS/
2025-12-12,Biocon,BIOCON.NS,385.8885192871094,1966174,1966174,https://finance.yahoo.com/quote/BIOCON.NS/
2025-12-15,Biocon,BIOCON.NS,390.1833801269531,1455127,1455127,https://finance.yahoo.com/quote/BIOCON.NS/
2025-12-16,Biocon,BIOCON.NS,384.44024658203125,1015368,1015368,https://finance.yahoo.com/quote/BIOCON.NS/
2025-12-17,Biocon,BIOCON.NS,385.6388244628906,1318360,1318360,https://finance.yahoo.com/quote/BIOCON.NS/
2025-12-18,Biocon,BIOCON.NS,391.7814636230469,3763050,3763050,https://finance.yahoo.com/quote/BIOCON.NS/
2025-12-19,Biocon,BIOCON.NS,398.0739440917969,4142159,4142159,https://finance.yahoo.com/quote/BIOCON.NS/
2025-12-22,Biocon,BIOCON.NS,398.8230285644531,2260788,2260788,https://finance.yahoo.com/quote/BIOCON.NS/
2025-12-23,Biocon,BIOCON.NS,401.0703430175781,1907267,1907267,https://finance.yahoo.com/quote/BIOCON.NS/
2025-12-24,Biocon,BIOCON.NS,397.8741760253906,2707789,2707789,https://finance.yahoo.com/quote/BIOCON.NS/
2025-12-26,Biocon,BIOCON.NS,394.9776611328125,1962359,1962359,https://finance.yahoo.com/quote/BIOCON.NS/
2025-12-29,Biocon,BIOCON.NS,389.9336853027344,4725731,4725731,https://finance.yahoo.com/quote/BIOCON.NS/
2025-12-30,Biocon,BIOCON.NS,389.9336853027344,3936901,3936901,https://finance.yahoo.com/quote/BIOCON.NS/
2025-12-31,Biocon,BIOCON.NS,393.42950439453125,1242838,1242838,https://finance.yahoo.com/quote/BIOCON.NS/
2026-01-01,Biocon,BIOCON.NS,387.2868347167969,1345267,1345267,https://finance.yahoo.com/quote/BIOCON.NS/
2026-01-02,Biocon,BIOCON.NS,392.48065185546875,1452427,1452427,https://finance.yahoo.com/quote/BIOCON.NS/
2026-01-05,Biocon,BIOCON.NS,390.8825378417969,1485564,1485564,https://finance.yahoo.com/quote/BIOCON.NS/
2026-01-06,Biocon,BIOCON.NS,384.68994140625,1770828,1770828,https://finance.yahoo.com/quote/BIOCON.NS/
2026-01-07,Biocon,BIOCON.NS,386.5876770019531,4830813,4830813,https://finance.yahoo.com/quote/BIOCON.NS/
2026-01-08,Biocon,BIOCON.NS,377.4985656738281,1288204,1288204,https://finance.yahoo.com/quote/BIOCON.NS/
2026-01-09,Biocon,BIOCON.NS,379.1465759277344,1597546,1597546,https://finance.yahoo.com/quote/BIOCON.NS/
2026-01-12,Biocon,BIOCON.NS,371.35589599609375,2148460,2148460,https://finance.yahoo.com/quote/BIOCON.NS/
2026-01-13,Biocon,BIOCON.NS,376.84930419921875,5162057,5162057,https://finance.yahoo.com/quote/BIOCON.NS/
2026-01-14,Biocon,BIOCON.NS,378.54730224609375,3555556,3555556,https://finance.yahoo.com/quote/BIOCON.NS/
2026-01-15,Biocon,BIOCON.NS,378.54730224609375,0,0,https://finance.yahoo.com/quote/BIOCON.NS/
2026-01-16,Biocon,BIOCON.NS,377.19891357421875,3434497,3434497,https://finance.yahoo.com/quote/BIOCON.NS/
2026-01-19,Biocon,BIOCON.NS,375.6007995605469,2516848,2516848,https://finance.yahoo.com/quote/BIOCON.NS/
2026-01-20,Biocon,BIOCON.NS,366.41180419921875,9421803,9421803,https://finance.yahoo.com/quote/BIOCON.NS/
2026-01-21,Biocon,BIOCON.NS,364.4142150878906,2608596,2608596,https://finance.yahoo.com/quote/BIOCON.NS/
2026-01-22,Biocon,BIOCON.NS,372.5544738769531,1700808,1700808,https://finance.yahoo.com/quote/BIOCON.NS/
2026-01-23,Biocon,BIOCON.NS,365.7626037597656,1896911,1896911,https://finance.yahoo.com/quote/BIOCON.NS/
2026-01-27,Biocon,BIOCON.NS,364.813720703125,3333643,3333643,https://finance.yahoo.com/quote/BIOCON.NS/
2026-01-28,Biocon,BIOCON.NS,370.05743408203125,2519290,2519290,https://finance.yahoo.com/quote/BIOCON.NS/
2026-01-29,Biocon,BIOCON.NS,364.8636474609375,3013441,3013441,https://finance.yahoo.com/quote/BIOCON.NS/
2026-01-30,Biocon,BIOCON.NS,366.3618469238281,1851119,1851119,https://finance.yahoo.com/quote/BIOCON.NS/
2026-02-02,Biocon,BIOCON.NS,369.7078552246094,4695435,4695435,https://finance.yahoo.com/quote/BIOCON.NS/
2026-02-03,Biocon,BIOCON.NS,371.85528564453125,4840490,4840490,https://finance.yahoo.com/quote/BIOCON.NS/
2026-02-04,Biocon,BIOCON.NS,368.1097717285156,1872248,1872248,https://finance.yahoo.com/quote/BIOCON.NS/
2026-02-05,Biocon,BIOCON.NS,367.36065673828125,1513592,1513592,https://finance.yahoo.com/quote/BIOCON.NS/
2026-02-06,Biocon,BIOCON.NS,364.9635314941406,1797290,1797290,https://finance.yahoo.com/quote/BIOCON.NS/
2026-02-09,Biocon,BIOCON.NS,373.5033264160156,2278289,2278289,https://finance.yahoo.com/quote/BIOCON.NS/
2026-02-10,Biocon,BIOCON.NS,370.6067810058594,2703185,2703185,https://finance.yahoo.com/quote/BIOCON.NS/
2026-02-11,Biocon,BIOCON.NS,374.7518310546875,2634512,2634512,https://finance.yahoo.com/quote/BIOCON.NS/
2026-02-12,Biocon,BIOCON.NS,374.60198974609375,8323909,8323909,https://finance.yahoo.com/quote/BIOCON.NS/
2026-02-13,Biocon,BIOCON.NS,377.4985656738281,5387172,5387172,https://finance.yahoo.com/quote/BIOCON.NS/
2026-02-16,Biocon,BIOCON.NS,379.89569091796875,2108997,2108997,https://finance.yahoo.com/quote/BIOCON.NS/
2026-02-17,Biocon,BIOCON.NS,378.8968811035156,1118253,1118253,https://finance.yahoo.com/quote/BIOCON.NS/
2026-02-18,Biocon,BIOCON.NS,378.49737548828125,1489234,1489234,https://finance.yahoo.com/quote/BIOCON.NS/
2026-02-19,Biocon,BIOCON.NS,382.19293212890625,2784719,2784719,https://finance.yahoo.com/quote/BIOCON.NS/
2026-02-20,Biocon,BIOCON.NS,383.49139404296875,3482530,3482530,https://finance.yahoo.com/quote/BIOCON.NS/
2026-02-23,Biocon,BIOCON.NS,387.2369079589844,3572627,3572627,https://finance.yahoo.com/quote/BIOCON.NS/
2026-02-24,Biocon,BIOCON.NS,390.28326416015625,2179315,2179315,https://finance.yahoo.com/quote/BIOCON.NS/
2026-02-25,Biocon,BIOCON.NS,395.3771667480469,3958867,3958867,https://finance.yahoo.com/quote/BIOCON.NS/
2026-02-26,Biocon,BIOCON.NS,394.37835693359375,5256998,5256998,https://finance.yahoo.com/quote/BIOCON.NS/
2026-02-27,Biocon,BIOCON.NS,389.3343811035156,4394250,4394250,https://finance.yahoo.com/quote/BIOCON.NS/
2026-03-02,Biocon,BIOCON.NS,387.4866027832031,2439315,2439315,https://finance.yahoo.com/quote/BIOCON.NS/
2026-03-04,Biocon,BIOCON.NS,377.8980712890625,2886127,2886127,https://finance.yahoo.com/quote/BIOCON.NS/
2026-03-05,Biocon,BIOCON.NS,386.33795166015625,2832306,2832306,https://finance.yahoo.com/quote/BIOCON.NS/
2026-03-06,Biocon,BIOCON.NS,390.23333740234375,2552685,2552685,https://finance.yahoo.com/quote/BIOCON.NS/
2026-03-09,Biocon,BIOCON.NS,389.2345275878906,2914481,2914481,https://finance.yahoo.com/quote/BIOCON.NS/
2026-03-10,Biocon,BIOCON.NS,395.32720947265625,3554902,3554902,https://finance.yahoo.com/quote/BIOCON.NS/
2026-03-11,Biocon,BIOCON.NS,394.8777770996094,3931225,3931225,https://finance.yahoo.com/quote/BIOCON.NS/
2026-03-12,Biocon,BIOCON.NS,391.7315368652344,1921703,1921703,https://finance.yahoo.com/quote/BIOCON.NS/
2026-03-13,Biocon,BIOCON.NS,383.09185791015625,4757886,4757886,https://finance.yahoo.com/quote/BIOCON.NS/
2026-03-16,Biocon,BIOCON.NS,376.599609375,2652299,2652299,https://finance.yahoo.com/quote/BIOCON.NS/
2026-03-17,Biocon,BIOCON.NS,377.0989990234375,2698117,2698117,https://finance.yahoo.com/quote/BIOCON.NS/
2026-03-18,Biocon,BIOCON.NS,382.14300537109375,2240407,2240407,https://finance.yahoo.com/quote/BIOCON.NS/
2026-03-19,Biocon,BIOCON.NS,368.1097717285156,2008502,2008502,https://finance.yahoo.com/quote/BIOCON.NS/
2026-03-20,Biocon,BIOCON.NS,380.4949645996094,12193711,12193711,https://finance.yahoo.com/quote/BIOCON.NS/
2026-03-23,Biocon,BIOCON.NS,366.7114562988281,3017643,3017643,https://finance.yahoo.com/quote/BIOCON.NS/
2026-03-24,Biocon,BIOCON.NS,368.6091613769531,4115023,4115023,https://finance.yahoo.com/quote/BIOCON.NS/
2026-03-25,Biocon,BIOCON.NS,379.1965026855469,2037267,2037267,https://finance.yahoo.com/quote/BIOCON.NS/
2026-03-27,Biocon,BIOCON.NS,369.6579284667969,4192803,4192803,https://finance.yahoo.com/quote/BIOCON.NS/
2026-03-30,Biocon,BIOCON.NS,360.4689025878906,3227869,3227869,https://finance.yahoo.com/quote/BIOCON.NS/
2026-04-01,Biocon,BIOCON.NS,364.7637939453125,2832071,2832071,https://finance.yahoo.com/quote/BIOCON.NS/
2026-04-02,Biocon,BIOCON.NS,352.1288757324219,5941534,5941534,https://finance.yahoo.com/quote/BIOCON.NS/
2026-04-06,Biocon,BIOCON.NS,354.5759582519531,3066911,3066911,https://finance.yahoo.com/quote/BIOCON.NS/
2026-04-07,Biocon,BIOCON.NS,339.643798828125,15931957,15931957,https://finance.yahoo.com/quote/BIOCON.NS/
2026-04-08,Biocon,BIOCON.NS,349.3821716308594,6053110,6053110,https://finance.yahoo.com/quote/BIOCON.NS/
2026-04-09,Biocon,BIOCON.NS,345.2870788574219,2365693,2365693,https://finance.yahoo.com/quote/BIOCON.NS/
2026-04-10,Biocon,BIOCON.NS,348.1836242675781,2064193,2064193,https://finance.yahoo.com/quote/BIOCON.NS/
2026-04-13,Biocon,BIOCON.NS,344.587890625,3581778,3581778,https://finance.yahoo.com/quote/BIOCON.NS/
2026-04-15,Biocon,BIOCON.NS,349.9315185546875,3655984,3655984,https://finance.yahoo.com/quote/BIOCON.NS/
2026-04-16,Biocon,BIOCON.NS,350.3310241699219,2652908,2652908,https://finance.yahoo.com/quote/BIOCON.NS/
2026-04-17,Biocon,BIOCON.NS,357.6722717285156,2422877,2422877,https://finance.yahoo.com/quote/BIOCON.NS/
2026-04-20,Biocon,BIOCON.NS,358.6211242675781,1867816,1867816,https://finance.yahoo.com/quote/BIOCON.NS/
2026-04-21,Biocon,BIOCON.NS,361.0682067871094,2237236,2237236,https://finance.yahoo.com/quote/BIOCON.NS/
2026-04-22,Biocon,BIOCON.NS,357.3725891113281,2600977,2600977,https://finance.yahoo.com/quote/BIOCON.NS/
2026-04-23,Biocon,BIOCON.NS,357.5723876953125,2299349,2299349,https://finance.yahoo.com/quote/BIOCON.NS/
2026-04-24,Biocon,BIOCON.NS,349.43212890625,1586087,1586087,https://finance.yahoo.com/quote/BIOCON.NS/
2026-04-27,Biocon,BIOCON.NS,361.5675964355469,4058236,4058236,https://finance.yahoo.com/quote/BIOCON.NS/
2026-04-28,Biocon,BIOCON.NS,362.36663818359375,4198319,4198319,https://finance.yahoo.com/quote/BIOCON.NS/
2026-04-29,Biocon,BIOCON.NS,361.8172912597656,1477358,1477358,https://finance.yahoo.com/quote/BIOCON.NS/
2026-04-30,Biocon,BIOCON.NS,359.22039794921875,1996623,1996623,https://finance.yahoo.com/quote/BIOCON.NS/
2026-05-01,Biocon,BIOCON.NS,359.22039794921875,0,0,https://finance.yahoo.com/quote/BIOCON.NS/
2026-05-04,Biocon,BIOCON.NS,360.1692810058594,2608351,2608351,https://finance.yahoo.com/quote/BIOCON.NS/
2026-05-05,Biocon,BIOCON.NS,367.81011962890625,2660976,2660976,https://finance.yahoo.com/quote/BIOCON.NS/
2026-05-06,Biocon,BIOCON.NS,380.1453857421875,6230919,6230919,https://finance.yahoo.com/quote/BIOCON.NS/
2026-05-07,Biocon,BIOCON.NS,381.79339599609375,5229003,5229003,https://finance.yahoo.com/quote/BIOCON.NS/
2026-05-08,Biocon,BIOCON.NS,379.94561767578125,5679695,5679695,https://finance.yahoo.com/quote/BIOCON.NS/
2026-05-11,Biocon,BIOCON.NS,389.983642578125,12928412,12928412,https://finance.yahoo.com/quote/BIOCON.NS/
2026-05-12,Biocon,BIOCON.NS,401.96929931640625,11231905,11231905,https://finance.yahoo.com/quote/BIOCON.NS/
2026-05-13,Biocon,BIOCON.NS,417.1011962890625,11445147,11445147,https://finance.yahoo.com/quote/BIOCON.NS/
2026-05-14,Biocon,BIOCON.NS,418.49951171875,8089949,8089949,https://finance.yahoo.com/quote/BIOCON.NS/
2026-05-15,Biocon,BIOCON.NS,429.5862731933594,8177038,8177038,https://finance.yahoo.com/quote/BIOCON.NS/
2026-05-18,Biocon,BIOCON.NS,425.7408447265625,3394086,3394086,https://finance.yahoo.com/quote/BIOCON.NS/
2026-05-19,Biocon,BIOCON.NS,427.6385803222656,3984186,3984186,https://finance.yahoo.com/quote/BIOCON.NS/
2026-05-20,Biocon,BIOCON.NS,432.18316650390625,4845230,4845230,https://finance.yahoo.com/quote/BIOCON.NS/
2026-05-21,Biocon,BIOCON.NS,430.3353576660156,2683900,2683900,https://finance.yahoo.com/quote/BIOCON.NS/
2026-05-22,Biocon,BIOCON.NS,429.736083984375,3777650,3777650,https://finance.yahoo.com/quote/BIOCON.NS/
2026-05-25,Biocon,BIOCON.NS,429.53631591796875,1976858,1976858,https://finance.yahoo.com/quote/BIOCON.NS/
2026-05-26,Biocon,BIOCON.NS,435.6290283203125,7107481,7107481,https://finance.yahoo.com/quote/BIOCON.NS/
2026-05-27,Biocon,BIOCON.NS,431.6837463378906,2573291,2573291,https://finance.yahoo.com/quote/BIOCON.NS/
2026-05-28,Biocon,BIOCON.NS,431.6837463378906,0,0,https://finance.yahoo.com/quote/BIOCON.NS/
2026-05-29,Biocon,BIOCON.NS,428.1379699707031,6229370,6229370,https://finance.yahoo.com/quote/BIOCON.NS/
2026-06-01,Biocon,BIOCON.NS,425.1415710449219,4681079,4681079,https://finance.yahoo.com/quote/BIOCON.NS/
2026-06-02,Biocon,BIOCON.NS,416.3021240234375,3030795,3030795,https://finance.yahoo.com/quote/BIOCON.NS/
2026-06-03,Biocon,BIOCON.NS,411.95733642578125,2368146,2368146,https://finance.yahoo.com/quote/BIOCON.NS/
2026-06-04,Biocon,BIOCON.NS,415.55303955078125,2493074,2493074,https://finance.yahoo.com/quote/BIOCON.NS/
2026-06-05,Biocon,BIOCON.NS,411.8074951171875,2479909,2479909,https://finance.yahoo.com/quote/BIOCON.NS/
2026-06-08,Biocon,BIOCON.NS,408.76116943359375,2875099,2875099,https://finance.yahoo.com/quote/BIOCON.NS/
2026-06-09,Biocon,BIOCON.NS,415.8526916503906,3205041,3205041,https://finance.yahoo.com/quote/BIOCON.NS/
2026-06-10,Biocon,BIOCON.NS,414.1047668457031,3001231,3001231,https://finance.yahoo.com/quote/BIOCON.NS/
2026-06-11,Biocon,BIOCON.NS,415.4531555175781,1772908,1772908,https://finance.yahoo.com/quote/BIOCON.NS/
2026-06-12,Biocon,BIOCON.NS,418.49951171875,1674659,1674659,https://finance.yahoo.com/quote/BIOCON.NS/
2026-06-15,Biocon,BIOCON.NS,415.55303955078125,3231332,3231332,https://finance.yahoo.com/quote/BIOCON.NS/
2026-06-16,Biocon,BIOCON.NS,415.95257568359375,2806167,2806167,https://finance.yahoo.com/quote/BIOCON.NS/
2026-06-17,Biocon,BIOCON.NS,411.3580627441406,1646656,1646656,https://finance.yahoo.com/quote/BIOCON.NS/
2026-06-18,Biocon,BIOCON.NS,413.3556823730469,1664666,1664666,https://finance.yahoo.com/quote/BIOCON.NS/
2026-06-19,Biocon,BIOCON.NS,415.0036926269531,1865496,1865496,https://finance.yahoo.com/quote/BIOCON.NS/
2026-06-22,Biocon,BIOCON.NS,420.5970153808594,3013395,3013395,https://finance.yahoo.com/quote/BIOCON.NS/
2026-06-23,Biocon,BIOCON.NS,422.69451904296875,6927189,6927189,https://finance.yahoo.com/quote/BIOCON.NS/
2026-06-24,Biocon,BIOCON.NS,420.14752197265625,7398931,7398931,https://finance.yahoo.com/quote/BIOCON.NS/
2026-06-25,Biocon,BIOCON.NS,415.6529235839844,2347786,2347786,https://finance.yahoo.com/quote/BIOCON.NS/
2026-06-26,Biocon,BIOCON.NS,415.6529235839844,0,0,https://finance.yahoo.com/quote/BIOCON.NS/
2026-06-29,Biocon,BIOCON.NS,414.7539978027344,3282287,3282287,https://finance.yahoo.com/quote/BIOCON.NS/
2026-06-30,Biocon,BIOCON.NS,417.8003234863281,6045593,6045593,https://finance.yahoo.com/quote/BIOCON.NS/
2026-07-01,Biocon,BIOCON.NS,417.7004699707031,6386499,6386499,https://finance.yahoo.com/quote/BIOCON.NS/
2026-07-02,Biocon,BIOCON.NS,418.1000061035156,2609668,2609668,https://finance.yahoo.com/quote/BIOCON.NS/
2026-07-03,Biocon,BIOCON.NS,426.79998779296875,6403875,6403875,https://finance.yahoo.com/quote/BIOCON.NS/
2026-07-06,Biocon,BIOCON.NS,424.29998779296875,3802294,3802294,https://finance.yahoo.com/quote/BIOCON.NS/
2026-07-07,Biocon,BIOCON.NS,406.8999938964844,3261586,3261586,https://finance.yahoo.com/quote/BIOCON.NS/
2026-07-08,Biocon,BIOCON.NS,397.04998779296875,2984173,2984173,https://finance.yahoo.com/quote/BIOCON.NS/
2026-07-09,Biocon,BIOCON.NS,403.54998779296875,5590149,5590149,https://finance.yahoo.com/quote/BIOCON.NS/
2026-07-10,Biocon,BIOCON.NS,418.5,4324350,4324350,https://finance.yahoo.com/quote/BIOCON.NS/
2026-07-13,Biocon,BIOCON.NS,410.95001220703125,7504643,7504643,https://finance.yahoo.com/quote/BIOCON.NS/
2026-07-14,Biocon,BIOCON.NS,437.29998779296875,43015136,43015136,https://finance.yahoo.com/quote/BIOCON.NS/
2026-07-15,Biocon,BIOCON.NS,434.6000061035156,10227698,10227698,https://finance.yahoo.com/quote/BIOCON.NS/
2026-07-16,Biocon,BIOCON.NS,440.70001220703125,7716191,7716191,https://finance.yahoo.com/quote/BIOCON.NS/
2026-07-17,Biocon,BIOCON.NS,437.20001220703125,8811391,8811391,https://finance.yahoo.com/quote/BIOCON.NS/
2026-07-20,Biocon,BIOCON.NS,436.5,3615759,3615759,https://finance.yahoo.com/quote/BIOCON.NS/
2026-07-21,Biocon,BIOCON.NS,440.29998779296875,3318862,3318862,https://finance.yahoo.com/quote/BIOCON.NS/
2026-07-22,Biocon,BIOCON.NS,437.95001220703125,6102889,6102889,https://finance.yahoo.com/quote/BIOCON.NS/
2026-07-23,Biocon,BIOCON.NS,435.20001220703125,4438335,4438335,https://finance.yahoo.com/quote/BIOCON.NS/
2026-07-24,Biocon,BIOCON.NS,433.6499938964844,2748079,2748079,https://finance.yahoo.com/quote/BIOCON.NS/
2026-07-27,Biocon,BIOCON.NS,436.25,2570388,2570388,https://finance.yahoo.com/quote/BIOCON.NS/
2026-07-28,Biocon,BIOCON.NS,432.45001220703125,3429523,3429523,https://finance.yahoo.com/quote/BIOCON.NS/
2026-07-29,Biocon,BIOCON.NS,431.1000061035156,3351508,3351508,https://finance.yahoo.com/quote/BIOCON.NS/
2026-07-30,Biocon,BIOCON.NS,425.3500061035156,4969746,4969746,https://finance.yahoo.com/quote/BIOCON.NS/
2026-07-31,Biocon,BIOCON.NS,425.70001220703125,2304756,2304756,https://finance.yahoo.com/quote/BIOCON.NS/
2026-08-03,Biocon,BIOCON.NS,427.0,3389704,3389704,https://finance.yahoo.com/quote/BIOCON.NS/
2026-08-04,Biocon,BIOCON.NS,422.0,2478487,2478487,https://finance.yahoo.com/quote/BIOCON.NS/
2026-08-05,Biocon,BIOCON.NS,425.20001220703125,3296172,3296172,https://finance.yahoo.com/quote/BIOCON.NS/
2026-08-06,Biocon,BIOCON.NS,436.6000061035156,10929015,10929015,https://finance.yahoo.com/quote/BIOCON.NS/
2026-08-07,Biocon,BIOCON.NS,426.3500061035156,5265823,5265823,https://finance.yahoo.com/quote/BIOCON.NS/
2026-08-10,Biocon,BIOCON.NS,426.1000061035156,2289723,2289723,https://finance.yahoo.com/quote/BIOCON.NS/
2026-08-11,Biocon,BIOCON.NS,426.0,1959909,1959909,https://finance.yahoo.com/quote/BIOCON.NS/
2026-08-12,Biocon,BIOCON.NS,427.3999938964844,3793310,3793310,https://finance.yahoo.com/quote/BIOCON.NS/
2026-08-13,Biocon,BIOCON.NS,420.0,4627924,4627924,https://finance.yahoo.com/quote/BIOCON.NS/
2026-08-14,Biocon,BIOCON.NS,417.0,3992844,3992844,https://finance.yahoo.com/quote/BIOCON.NS/
2026-08-17,Biocon,BIOCON.NS,412.0,3190219,3190219,https://finance.yahoo.com/quote/BIOCON.NS/
2026-08-18,Biocon,BIOCON.NS,417.5,2691030,2691030,https://finance.yahoo.com/quote/BIOCON.NS/
2026-08-19,Biocon,BIOCON.NS,412.75,1683297,1683297,https://finance.yahoo.com/quote/BIOCON.NS/
2026-08-20,Biocon,BIOCON.NS,412.5,1981150,1981150,https://finance.yahoo.com/quote/BIOCON.NS/
2026-08-21,Biocon,BIOCON.NS,415.54998779296875,2225359,2225359,https://finance.yahoo.com/quote/BIOCON.NS/
2026-08-24,Biocon,BIOCON.NS,409.3999938964844,1761155,1761155,https://finance.yahoo.com/quote/BIOCON.NS/
2026-08-25,Biocon,BIOCON.NS,417.20001220703125,3087232,3087232,https://finance.yahoo.com/quote/BIOCON.NS/
2026-08-26,Biocon,BIOCON.NS,417.5,2245587,2245587,https://finance.yahoo.com/quote/BIOCON.NS/
2026-08-27,Biocon,BIOCON.NS,418.3999938964844,1713404,1713404,https://finance.yahoo.com/quote/BIOCON.NS/
2026-08-28,Biocon,BIOCON.NS,411.1000061035156,2187557,2187557,https://finance.yahoo.com/quote/BIOCON.NS/
2026-08-31,Biocon,BIOCON.NS,412.0,3746419,3746419,https://finance.yahoo.com/quote/BIOCON.NS/
2026-09-01,Biocon,BIOCON.NS,401.04998779296875,2120745,2120745,https://finance.yahoo.com/quote/BIOCON.NS/
2026-09-02,Biocon,BIOCON.NS,401.0,1433504,1433504,https://finance.yahoo.com/quote/BIOCON.NS/
2026-09-03,Biocon,BIOCON.NS,402.0,1279896,1279896,https://finance.yahoo.com/quote/BIOCON.NS/
2026-09-04,Biocon,BIOCON.NS,397.3999938964844,3108555,3108555,https://finance.yahoo.com/quote/BIOCON.NS/
2026-09-07,Biocon,BIOCON.NS,391.3999938964844,2488189,2488189,https://finance.yahoo.com/quote/BIOCON.NS/
2026-09-08,Biocon,BIOCON.NS,392.29998779296875,2791301,2791301,https://finance.yahoo.com/quote/BIOCON.NS/
2026-09-09,Biocon,BIOCON.NS,395.0,10271402,10271402,https://finance.yahoo.com/quote/BIOCON.NS/
2026-09-10,Biocon,BIOCON.NS,391.6499938964844,4737510,4737510,https://finance.yahoo.com/quote/BIOCON.NS/
2026-09-11,Biocon,BIOCON.NS,390.6499938964844,3665623,3665623,https://finance.yahoo.com/quote/BIOCON.NS/
2026-09-14,Biocon,BIOCON.NS,390.6499938964844,0,0,https://finance.yahoo.com/quote/BIOCON.NS/
2026-09-15,Biocon,BIOCON.NS,382.0,2543144,2543144,https://finance.yahoo.com/quote/BIOCON.NS/
2026-09-16,Biocon,BIOCON.NS,374.3999938964844,1763053,1763053,https://finance.yahoo.com/quote/BIOCON.NS/
2026-09-17,Biocon,BIOCON.NS,380.0,3043285,3043285,https://finance.yahoo.com/quote/BIOCON.NS/
2026-09-18,Biocon,BIOCON.NS,385.0,7901211,7901211,https://finance.yahoo.com/quote/BIOCON.NS/
2026-09-21,Biocon,BIOCON.NS,395.0,3037626,3037626,https://finance.yahoo.com/quote/BIOCON.NS/
2026-09-22,Biocon,BIOCON.NS,390.0,2816261,2816261,https://finance.yahoo.com/quote/BIOCON.NS/
2026-09-23,Biocon,BIOCON.NS,395.0,2665586,2665586,https://finance.yahoo.com/quote/BIOCON.NS/
2026-09-24,Biocon,BIOCON.NS,387.0,1708424,1708424,https://finance.yahoo.com/quote/BIOCON.NS/
2026-09-25,Biocon,BIOCON.NS,382.1499938964844,2694397,2694397,https://finance.yahoo.com/quote/BIOCON.NS/
2026-09-28,Biocon,BIOCON.NS,374.8999938964844,2233035,2233035,https://finance.yahoo.com/quote/BIOCON.NS/
2026-09-29,Biocon,BIOCON.NS,377.0,2779766,2779766,https://finance.yahoo.com/quote/BIOCON.NS/
2026-09-30,Biocon,BIOCON.NS,370.29998779296875,1849491,1849491,https://finance.yahoo.com/quote/BIOCON.NS/
2026-10-01,Biocon,BIOCON.NS,370.70001220703125,2525268,2525268,https://finance.yahoo.com/quote/BIOCON.NS/
2025-04-02,Cipla,CIPLA.NS,1423.6434326171875,1054143,1054143,https://finance.yahoo.com/quote/CIPLA.NS/
2025-04-03,Cipla,CIPLA.NS,1466.13671875,3488899,3488899,https://finance.yahoo.com/quote/CIPLA.NS/
2025-04-04,Cipla,CIPLA.NS,1387.27685546875,2768438,2768438,https://finance.yahoo.com/quote/CIPLA.NS/
2025-04-07,Cipla,CIPLA.NS,1357.33056640625,1604721,1604721,https://finance.yahoo.com/quote/CIPLA.NS/
2025-04-08,Cipla,CIPLA.NS,1404.2349853515625,1324180,1324180,https://finance.yahoo.com/quote/CIPLA.NS/
2025-04-09,Cipla,CIPLA.NS,1387.619873046875,1701314,1701314,https://finance.yahoo.com/quote/CIPLA.NS/
2025-04-11,Cipla,CIPLA.NS,1434.132080078125,2311803,2311803,https://finance.yahoo.com/quote/CIPLA.NS/
2025-04-15,Cipla,CIPLA.NS,1452.511474609375,1720323,1720323,https://finance.yahoo.com/quote/CIPLA.NS/
2025-04-16,Cipla,CIPLA.NS,1466.82275390625,1023697,1023697,https://finance.yahoo.com/quote/CIPLA.NS/
2025-04-17,Cipla,CIPLA.NS,1485.251220703125,1211601,1211601,https://finance.yahoo.com/quote/CIPLA.NS/
2025-04-21,Cipla,CIPLA.NS,1481.2322998046875,570266,570266,https://finance.yahoo.com/quote/CIPLA.NS/
2025-04-22,Cipla,CIPLA.NS,1497.9942626953125,954974,954974,https://finance.yahoo.com/quote/CIPLA.NS/
2025-04-23,Cipla,CIPLA.NS,1503.385498046875,819016,819016,https://finance.yahoo.com/quote/CIPLA.NS/
2025-04-24,Cipla,CIPLA.NS,1521.02978515625,1590469,1590469,https://finance.yahoo.com/quote/CIPLA.NS/
2025-04-25,Cipla,CIPLA.NS,1495.73974609375,1353813,1353813,https://finance.yahoo.com/quote/CIPLA.NS/
2025-04-28,Cipla,CIPLA.NS,1524.362548828125,1207247,1207247,https://finance.yahoo.com/quote/CIPLA.NS/
2025-04-29,Cipla,CIPLA.NS,1511.0313720703125,1385331,1385331,https://finance.yahoo.com/quote/CIPLA.NS/
2025-04-30,Cipla,CIPLA.NS,1519.46142578125,2315010,2315010,https://finance.yahoo.com/quote/CIPLA.NS/
2025-05-02,Cipla,CIPLA.NS,1484.5650634765625,1578868,1578868,https://finance.yahoo.com/quote/CIPLA.NS/
2025-05-05,Cipla,CIPLA.NS,1512.40380859375,786898,786898,https://finance.yahoo.com/quote/CIPLA.NS/
2025-05-06,Cipla,CIPLA.NS,1481.5263671875,1788719,1788719,https://finance.yahoo.com/quote/CIPLA.NS/
2025-05-07,Cipla,CIPLA.NS,1478.977783203125,1424662,1424662,https://finance.yahoo.com/quote/CIPLA.NS/
2025-05-08,Cipla,CIPLA.NS,1457.41259765625,2773328,2773328,https://finance.yahoo.com/quote/CIPLA.NS/
2025-05-09,Cipla,CIPLA.NS,1450.7469482421875,1042380,1042380,https://finance.yahoo.com/quote/CIPLA.NS/
2025-05-12,Cipla,CIPLA.NS,1481.722412109375,1706217,1706217,https://finance.yahoo.com/quote/CIPLA.NS/
2025-05-13,Cipla,CIPLA.NS,1490.054443359375,4042184,4042184,https://finance.yahoo.com/quote/CIPLA.NS/
2025-05-14,Cipla,CIPLA.NS,1465.2545166015625,3417567,3417567,https://finance.yahoo.com/quote/CIPLA.NS/
2025-05-15,Cipla,CIPLA.NS,1472.5081787109375,3918531,3918531,https://finance.yahoo.com/quote/CIPLA.NS/
2025-05-16,Cipla,CIPLA.NS,1470.253662109375,1660861,1660861,https://finance.yahoo.com/quote/CIPLA.NS/
2025-05-19,Cipla,CIPLA.NS,1462.11767578125,1857648,1857648,https://finance.yahoo.com/quote/CIPLA.NS/
2025-05-20,Cipla,CIPLA.NS,1425.6529541015625,3573210,3573210,https://finance.yahoo.com/quote/CIPLA.NS/
2025-05-21,Cipla,CIPLA.NS,1453.0994873046875,2001251,2001251,https://finance.yahoo.com/quote/CIPLA.NS/
2025-05-22,Cipla,CIPLA.NS,1439.474365234375,1804507,1804507,https://finance.yahoo.com/quote/CIPLA.NS/
2025-05-23,Cipla,CIPLA.NS,1454.8638916015625,915286,915286,https://finance.yahoo.com/quote/CIPLA.NS/
2025-05-26,Cipla,CIPLA.NS,1454.8638916015625,885022,885022,https://finance.yahoo.com/quote/CIPLA.NS/
2025-05-27,Cipla,CIPLA.NS,1451.237060546875,881728,881728,https://finance.yahoo.com/quote/CIPLA.NS/
2025-05-28,Cipla,CIPLA.NS,1439.474365234375,1090511,1090511,https://finance.yahoo.com/quote/CIPLA.NS/
2025-05-29,Cipla,CIPLA.NS,1447.708251953125,1384536,1384536,https://finance.yahoo.com/quote/CIPLA.NS/
2025-05-30,Cipla,CIPLA.NS,1436.7296142578125,7040777,7040777,https://finance.yahoo.com/quote/CIPLA.NS/
2025-06-02,Cipla,CIPLA.NS,1441.140625,962897,962897,https://finance.yahoo.com/quote/CIPLA.NS/
2025-06-03,Cipla,CIPLA.NS,1444.0814208984375,870331,870331,https://finance.yahoo.com/quote/CIPLA.NS/
2025-06-04,Cipla,CIPLA.NS,1442.80712890625,1297075,1297075,https://finance.yahoo.com/quote/CIPLA.NS/
2025-06-05,Cipla,CIPLA.NS,1460.3533935546875,1570159,1570159,https://finance.yahoo.com/quote/CIPLA.NS/
2025-06-06,Cipla,CIPLA.NS,1474.468505859375,861882,861882,https://finance.yahoo.com/quote/CIPLA.NS/
2025-06-09,Cipla,CIPLA.NS,1476.8212890625,689631,689631,https://finance.yahoo.com/quote/CIPLA.NS/
2025-06-10,Cipla,CIPLA.NS,1480.938232421875,929786,929786,https://finance.yahoo.com/quote/CIPLA.NS/
2025-06-11,Cipla,CIPLA.NS,1491.6226806640625,1046396,1046396,https://finance.yahoo.com/quote/CIPLA.NS/
2025-06-12,Cipla,CIPLA.NS,1473.0963134765625,1199034,1199034,https://finance.yahoo.com/quote/CIPLA.NS/
2025-06-13,Cipla,CIPLA.NS,1475.4488525390625,874315,874315,https://finance.yahoo.com/quote/CIPLA.NS/
2025-06-16,Cipla,CIPLA.NS,1496.818115234375,2679763,2679763,https://finance.yahoo.com/quote/CIPLA.NS/
2025-06-17,Cipla,CIPLA.NS,1473.782470703125,1334810,1334810,https://finance.yahoo.com/quote/CIPLA.NS/
2025-06-18,Cipla,CIPLA.NS,1468.4892578125,1075494,1075494,https://finance.yahoo.com/quote/CIPLA.NS/
2025-06-19,Cipla,CIPLA.NS,1454.6678466796875,1124204,1124204,https://finance.yahoo.com/quote/CIPLA.NS/
2025-06-20,Cipla,CIPLA.NS,1470.0574951171875,1917041,1917041,https://finance.yahoo.com/quote/CIPLA.NS/
2025-06-23,Cipla,CIPLA.NS,1469.469482421875,657381,657381,https://finance.yahoo.com/quote/CIPLA.NS/
2025-06-24,Cipla,CIPLA.NS,1472.704345703125,1351552,1351552,https://finance.yahoo.com/quote/CIPLA.NS/
2025-06-25,Cipla,CIPLA.NS,1480.154052734375,1032762,1032762,https://finance.yahoo.com/quote/CIPLA.NS/
2025-06-26,Cipla,CIPLA.NS,1483.8790283203125,1440423,1440423,https://finance.yahoo.com/quote/CIPLA.NS/
2025-06-27,Cipla,CIPLA.NS,1488.436279296875,1851991,1851991,https://finance.yahoo.com/quote/CIPLA.NS/
2025-06-30,Cipla,CIPLA.NS,1491.9036865234375,1053681,1053681,https://finance.yahoo.com/quote/CIPLA.NS/
2025-07-01,Cipla,CIPLA.NS,1501.612548828125,1112637,1112637,https://finance.yahoo.com/quote/CIPLA.NS/
2025-07-02,Cipla,CIPLA.NS,1483.6807861328125,1273704,1273704,https://finance.yahoo.com/quote/CIPLA.NS/
2025-07-03,Cipla,CIPLA.NS,1494.6776123046875,869963,869963,https://finance.yahoo.com/quote/CIPLA.NS/
2025-07-04,Cipla,CIPLA.NS,1499.2349853515625,1118483,1118483,https://finance.yahoo.com/quote/CIPLA.NS/
2025-07-07,Cipla,CIPLA.NS,1496.4609375,1061434,1061434,https://finance.yahoo.com/quote/CIPLA.NS/
2025-07-08,Cipla,CIPLA.NS,1474.46728515625,2197699,2197699,https://finance.yahoo.com/quote/CIPLA.NS/
2025-07-09,Cipla,CIPLA.NS,1477.8355712890625,1364142,1364142,https://finance.yahoo.com/quote/CIPLA.NS/
2025-07-10,Cipla,CIPLA.NS,1464.06494140625,2178068,2178068,https://finance.yahoo.com/quote/CIPLA.NS/
2025-07-11,Cipla,CIPLA.NS,1471.1978759765625,920651,920651,https://finance.yahoo.com/quote/CIPLA.NS/
2025-07-14,Cipla,CIPLA.NS,1470.2071533203125,1554680,1554680,https://finance.yahoo.com/quote/CIPLA.NS/
2025-07-15,Cipla,CIPLA.NS,1477.0430908203125,1203850,1203850,https://finance.yahoo.com/quote/CIPLA.NS/
2025-07-16,Cipla,CIPLA.NS,1462.08349609375,1569604,1569604,https://finance.yahoo.com/quote/CIPLA.NS/
2025-07-17,Cipla,CIPLA.NS,1468.6220703125,1349535,1349535,https://finance.yahoo.com/quote/CIPLA.NS/
2025-07-18,Cipla,CIPLA.NS,1468.5230712890625,1001794,1001794,https://finance.yahoo.com/quote/CIPLA.NS/
2025-07-21,Cipla,CIPLA.NS,1460.2010498046875,1198993,1198993,https://finance.yahoo.com/quote/CIPLA.NS/
2025-07-22,Cipla,CIPLA.NS,1450.7894287109375,1908949,1908949,https://finance.yahoo.com/quote/CIPLA.NS/
2025-07-23,Cipla,CIPLA.NS,1459.8048095703125,1268156,1268156,https://finance.yahoo.com/quote/CIPLA.NS/
2025-07-24,Cipla,CIPLA.NS,1474.071044921875,1389152,1389152,https://finance.yahoo.com/quote/CIPLA.NS/
2025-07-25,Cipla,CIPLA.NS,1518.2564697265625,5226395,5226395,https://finance.yahoo.com/quote/CIPLA.NS/
2025-07-28,Cipla,CIPLA.NS,1557.3892822265625,3843168,3843168,https://finance.yahoo.com/quote/CIPLA.NS/
2025-07-29,Cipla,CIPLA.NS,1559.3707275390625,1303888,1303888,https://finance.yahoo.com/quote/CIPLA.NS/
2025-07-30,Cipla,CIPLA.NS,1544.906494140625,1390012,1390012,https://finance.yahoo.com/quote/CIPLA.NS/
2025-07-31,Cipla,CIPLA.NS,1540.1510009765625,2457841,2457841,https://finance.yahoo.com/quote/CIPLA.NS/
2025-08-01,Cipla,CIPLA.NS,1488.83251953125,2109707,2109707,https://finance.yahoo.com/quote/CIPLA.NS/
2025-08-04,Cipla,CIPLA.NS,1501.0181884765625,549494,549494,https://finance.yahoo.com/quote/CIPLA.NS/
2025-08-05,Cipla,CIPLA.NS,1485.8603515625,1156528,1156528,https://finance.yahoo.com/quote/CIPLA.NS/
2025-08-06,Cipla,CIPLA.NS,1472.882080078125,1157300,1157300,https://finance.yahoo.com/quote/CIPLA.NS/
2025-08-07,Cipla,CIPLA.NS,1477.1422119140625,1882304,1882304,https://finance.yahoo.com/quote/CIPLA.NS/
2025-08-08,Cipla,CIPLA.NS,1471.990478515625,920270,920270,https://finance.yahoo.com/quote/CIPLA.NS/
2025-08-11,Cipla,CIPLA.NS,1490.81396484375,898160,898160,https://finance.yahoo.com/quote/CIPLA.NS/
2025-08-12,Cipla,CIPLA.NS,1507.457763671875,910349,910349,https://finance.yahoo.com/quote/CIPLA.NS/
2025-08-13,Cipla,CIPLA.NS,1546.4915771484375,1859765,1859765,https://finance.yahoo.com/quote/CIPLA.NS/
2025-08-14,Cipla,CIPLA.NS,1549.463623046875,2535958,2535958,https://finance.yahoo.com/quote/CIPLA.NS/
2025-08-18,Cipla,CIPLA.NS,1550.6524658203125,1783835,1783835,https://finance.yahoo.com/quote/CIPLA.NS/
2025-08-19,Cipla,CIPLA.NS,1534.5040283203125,898746,898746,https://finance.yahoo.com/quote/CIPLA.NS/
2025-08-20,Cipla,CIPLA.NS,1531.72998046875,936556,936556,https://finance.yahoo.com/quote/CIPLA.NS/
2025-08-21,Cipla,CIPLA.NS,1577.99609375,1698280,1698280,https://finance.yahoo.com/quote/CIPLA.NS/
2025-08-22,Cipla,CIPLA.NS,1577.99609375,1574526,1574526,https://finance.yahoo.com/quote/CIPLA.NS/
2025-08-25,Cipla,CIPLA.NS,1586.31787109375,1298471,1298471,https://finance.yahoo.com/quote/CIPLA.NS/
2025-08-26,Cipla,CIPLA.NS,1565.1168212890625,2332380,2332380,https://finance.yahoo.com/quote/CIPLA.NS/
2025-08-28,Cipla,CIPLA.NS,1565.6121826171875,1903230,1903230,https://finance.yahoo.com/quote/CIPLA.NS/
2025-08-29,Cipla,CIPLA.NS,1574.6275634765625,1342344,1342344,https://finance.yahoo.com/quote/CIPLA.NS/
2025-09-01,Cipla,CIPLA.NS,1572.447998046875,783524,783524,https://finance.yahoo.com/quote/CIPLA.NS/
2025-09-02,Cipla,CIPLA.NS,1554.615234375,1161872,1161872,https://finance.yahoo.com/quote/CIPLA.NS/
2025-09-03,Cipla,CIPLA.NS,1563.7298583984375,1160380,1160380,https://finance.yahoo.com/quote/CIPLA.NS/
2025-09-04,Cipla,CIPLA.NS,1563.135498046875,614470,614470,https://finance.yahoo.com/quote/CIPLA.NS/
2025-09-05,Cipla,CIPLA.NS,1538.962158203125,701865,701865,https://finance.yahoo.com/quote/CIPLA.NS/
2025-09-08,Cipla,CIPLA.NS,1526.87548828125,588546,588546,https://finance.yahoo.com/quote/CIPLA.NS/
2025-09-09,Cipla,CIPLA.NS,1537.1788330078125,788242,788242,https://finance.yahoo.com/quote/CIPLA.NS/
2025-09-10,Cipla,CIPLA.NS,1549.265625,718311,718311,https://finance.yahoo.com/quote/CIPLA.NS/
2025-09-11,Cipla,CIPLA.NS,1546.29345703125,732911,732911,https://finance.yahoo.com/quote/CIPLA.NS/
2025-09-12,Cipla,CIPLA.NS,1559.965087890625,785508,785508,https://finance.yahoo.com/quote/CIPLA.NS/
2025-09-15,Cipla,CIPLA.NS,1533.90966796875,758979,758979,https://finance.yahoo.com/quote/CIPLA.NS/
2025-09-16,Cipla,CIPLA.NS,1544.5101318359375,471395,471395,https://finance.yahoo.com/quote/CIPLA.NS/
2025-09-17,Cipla,CIPLA.NS,1545.1044921875,785651,785651,https://finance.yahoo.com/quote/CIPLA.NS/
2025-09-18,Cipla,CIPLA.NS,1563.5316162109375,874860,874860,https://finance.yahoo.com/quote/CIPLA.NS/
2025-09-19,Cipla,CIPLA.NS,1561.154052734375,1464121,1464121,https://finance.yahoo.com/quote/CIPLA.NS/
2025-09-22,Cipla,CIPLA.NS,1527.8662109375,1257495,1257495,https://finance.yahoo.com/quote/CIPLA.NS/
2025-09-23,Cipla,CIPLA.NS,1512.9066162109375,1487350,1487350,https://finance.yahoo.com/quote/CIPLA.NS/
2025-09-24,Cipla,CIPLA.NS,1523.705322265625,943785,943785,https://finance.yahoo.com/quote/CIPLA.NS/
2025-09-25,Cipla,CIPLA.NS,1495.6683349609375,2502680,2502680,https://finance.yahoo.com/quote/CIPLA.NS/
2025-09-26,Cipla,CIPLA.NS,1485.464111328125,2653841,2653841,https://finance.yahoo.com/quote/CIPLA.NS/
2025-09-29,Cipla,CIPLA.NS,1474.1700439453125,1778220,1778220,https://finance.yahoo.com/quote/CIPLA.NS/
2025-09-30,Cipla,CIPLA.NS,1489.327880859375,1040806,1040806,https://finance.yahoo.com/quote/CIPLA.NS/
2025-10-01,Cipla,CIPLA.NS,1498.9376220703125,1000285,1000285,https://finance.yahoo.com/quote/CIPLA.NS/
2025-10-03,Cipla,CIPLA.NS,1503.593994140625,1070489,1070489,https://finance.yahoo.com/quote/CIPLA.NS/
2025-10-06,Cipla,CIPLA.NS,1499.0367431640625,772031,772031,https://finance.yahoo.com/quote/CIPLA.NS/
2025-10-07,Cipla,CIPLA.NS,1499.2349853515625,834623,834623,https://finance.yahoo.com/quote/CIPLA.NS/
2025-10-08,Cipla,CIPLA.NS,1480.7086181640625,1068066,1068066,https://finance.yahoo.com/quote/CIPLA.NS/
2025-10-09,Cipla,CIPLA.NS,1499.0367431640625,878167,878167,https://finance.yahoo.com/quote/CIPLA.NS/
2025-10-10,Cipla,CIPLA.NS,1547.2841796875,1495524,1495524,https://finance.yahoo.com/quote/CIPLA.NS/
2025-10-13,Cipla,CIPLA.NS,1549.0673828125,671620,671620,https://finance.yahoo.com/quote/CIPLA.NS/
2025-10-14,Cipla,CIPLA.NS,1537.8724365234375,1056222,1056222,https://finance.yahoo.com/quote/CIPLA.NS/
2025-10-15,Cipla,CIPLA.NS,1544.212890625,1638237,1638237,https://finance.yahoo.com/quote/CIPLA.NS/
2025-10-16,Cipla,CIPLA.NS,1554.8134765625,989785,989785,https://finance.yahoo.com/quote/CIPLA.NS/
2025-10-17,Cipla,CIPLA.NS,1562.937255859375,1222051,1222051,https://finance.yahoo.com/quote/CIPLA.NS/
2025-10-20,Cipla,CIPLA.NS,1623.8656005859375,3372906,3372906,https://finance.yahoo.com/quote/CIPLA.NS/
2025-10-21,Cipla,CIPLA.NS,1648.137939453125,709223,709223,https://finance.yahoo.com/quote/CIPLA.NS/
2025-10-23,Cipla,CIPLA.NS,1629.809814453125,2150725,2150725,https://finance.yahoo.com/quote/CIPLA.NS/
2025-10-24,Cipla,CIPLA.NS,1569.674072265625,2941997,2941997,https://finance.yahoo.com/quote/CIPLA.NS/
2025-10-27,Cipla,CIPLA.NS,1569.27783203125,1213749,1213749,https://finance.yahoo.com/quote/CIPLA.NS/
2025-10-28,Cipla,CIPLA.NS,1553.5255126953125,1489133,1489133,https://finance.yahoo.com/quote/CIPLA.NS/
2025-10-29,Cipla,CIPLA.NS,1566.4046630859375,898965,898965,https://finance.yahoo.com/quote/CIPLA.NS/
2025-10-30,Cipla,CIPLA.NS,1525.7857666015625,4053965,4053965,https://finance.yahoo.com/quote/CIPLA.NS/
2025-10-31,Cipla,CIPLA.NS,1487.346435546875,3365093,3365093,https://finance.yahoo.com/quote/CIPLA.NS/
2025-11-03,Cipla,CIPLA.NS,1497.45166015625,1505905,1505905,https://finance.yahoo.com/quote/CIPLA.NS/
2025-11-04,Cipla,CIPLA.NS,1489.327880859375,1590643,1590643,https://finance.yahoo.com/quote/CIPLA.NS/
2025-11-06,Cipla,CIPLA.NS,1487.5445556640625,1596245,1596245,https://finance.yahoo.com/quote/CIPLA.NS/
2025-11-07,Cipla,CIPLA.NS,1491.7054443359375,1037508,1037508,https://finance.yahoo.com/quote/CIPLA.NS/
2025-11-10,Cipla,CIPLA.NS,1497.45166015625,1143959,1143959,https://finance.yahoo.com/quote/CIPLA.NS/
2025-11-11,Cipla,CIPLA.NS,1500.820068359375,850772,850772,https://finance.yahoo.com/quote/CIPLA.NS/
2025-11-12,Cipla,CIPLA.NS,1505.17919921875,1179131,1179131,https://finance.yahoo.com/quote/CIPLA.NS/
2025-11-13,Cipla,CIPLA.NS,1511.6187744140625,1217362,1217362,https://finance.yahoo.com/quote/CIPLA.NS/
2025-11-14,Cipla,CIPLA.NS,1517.860107421875,810970,810970,https://finance.yahoo.com/quote/CIPLA.NS/
2025-11-17,Cipla,CIPLA.NS,1521.32763671875,912322,912322,https://finance.yahoo.com/quote/CIPLA.NS/
2025-11-18,Cipla,CIPLA.NS,1500.4237060546875,747913,747913,https://finance.yahoo.com/quote/CIPLA.NS/
2025-11-19,Cipla,CIPLA.NS,1512.6094970703125,1171078,1171078,https://finance.yahoo.com/quote/CIPLA.NS/
2025-11-20,Cipla,CIPLA.NS,1514.987060546875,896750,896750,https://finance.yahoo.com/quote/CIPLA.NS/
2025-11-21,Cipla,CIPLA.NS,1497.7489013671875,1126820,1126820,https://finance.yahoo.com/quote/CIPLA.NS/
2025-11-24,Cipla,CIPLA.NS,1490.0213623046875,2801854,2801854,https://finance.yahoo.com/quote/CIPLA.NS/
2025-11-25,Cipla,CIPLA.NS,1493.48876953125,908386,908386,https://finance.yahoo.com/quote/CIPLA.NS/
2025-11-26,Cipla,CIPLA.NS,1509.6373291015625,1087736,1087736,https://finance.yahoo.com/quote/CIPLA.NS/
2025-11-27,Cipla,CIPLA.NS,1511.0242919921875,810411,810411,https://finance.yahoo.com/quote/CIPLA.NS/
2025-11-28,Cipla,CIPLA.NS,1517.067626953125,991042,991042,https://finance.yahoo.com/quote/CIPLA.NS/
2025-12-01,Cipla,CIPLA.NS,1508.9437255859375,1010599,1010599,https://finance.yahoo.com/quote/CIPLA.NS/
2025-12-02,Cipla,CIPLA.NS,1502.504150390625,1760512,1760512,https://finance.yahoo.com/quote/CIPLA.NS/
2025-12-03,Cipla,CIPLA.NS,1493.984130859375,1034323,1034323,https://finance.yahoo.com/quote/CIPLA.NS/
2025-12-04,Cipla,CIPLA.NS,1506.86328125,726473,726473,https://finance.yahoo.com/quote/CIPLA.NS/
2025-12-05,Cipla,CIPLA.NS,1506.665283203125,813485,813485,https://finance.yahoo.com/quote/CIPLA.NS/
2025-12-08,Cipla,CIPLA.NS,1483.6807861328125,1263559,1263559,https://finance.yahoo.com/quote/CIPLA.NS/
2025-12-09,Cipla,CIPLA.NS,1476.745849609375,1646840,1646840,https://finance.yahoo.com/quote/CIPLA.NS/
2025-12-10,Cipla,CIPLA.NS,1477.0430908203125,1316274,1316274,https://finance.yahoo.com/quote/CIPLA.NS/
2025-12-11,Cipla,CIPLA.NS,1498.2442626953125,606130,606130,https://finance.yahoo.com/quote/CIPLA.NS/
2025-12-12,Cipla,CIPLA.NS,1503.2967529296875,1054050,1054050,https://finance.yahoo.com/quote/CIPLA.NS/
2025-12-15,Cipla,CIPLA.NS,1493.984130859375,855508,855508,https://finance.yahoo.com/quote/CIPLA.NS/
2025-12-16,Cipla,CIPLA.NS,1485.6622314453125,789492,789492,https://finance.yahoo.com/quote/CIPLA.NS/
2025-12-17,Cipla,CIPLA.NS,1482.9873046875,1000116,1000116,https://finance.yahoo.com/quote/CIPLA.NS/
2025-12-18,Cipla,CIPLA.NS,1484.96875,974170,974170,https://finance.yahoo.com/quote/CIPLA.NS/
2025-12-19,Cipla,CIPLA.NS,1502.99951171875,769045,769045,https://finance.yahoo.com/quote/CIPLA.NS/
2025-12-22,Cipla,CIPLA.NS,1498.838623046875,757496,757496,https://finance.yahoo.com/quote/CIPLA.NS/
2025-12-23,Cipla,CIPLA.NS,1486.751953125,826988,826988,https://finance.yahoo.com/quote/CIPLA.NS/
2025-12-24,Cipla,CIPLA.NS,1482.3929443359375,1022767,1022767,https://finance.yahoo.com/quote/CIPLA.NS/
2025-12-26,Cipla,CIPLA.NS,1492.002685546875,951555,951555,https://finance.yahoo.com/quote/CIPLA.NS/
2025-12-29,Cipla,CIPLA.NS,1480.1142578125,1077645,1077645,https://finance.yahoo.com/quote/CIPLA.NS/
2025-12-30,Cipla,CIPLA.NS,1478.628173828125,1993298,1993298,https://finance.yahoo.com/quote/CIPLA.NS/
2025-12-31,Cipla,CIPLA.NS,1497.2535400390625,883966,883966,https://finance.yahoo.com/quote/CIPLA.NS/
2026-01-01,Cipla,CIPLA.NS,1486.9501953125,228078,228078,https://finance.yahoo.com/quote/CIPLA.NS/
2026-01-02,Cipla,CIPLA.NS,1497.5506591796875,964611,964611,https://finance.yahoo.com/quote/CIPLA.NS/
2026-01-05,Cipla,CIPLA.NS,1505.674560546875,1532549,1532549,https://finance.yahoo.com/quote/CIPLA.NS/
2026-01-06,Cipla,CIPLA.NS,1516.572265625,1614326,1614326,https://finance.yahoo.com/quote/CIPLA.NS/
2026-01-07,Cipla,CIPLA.NS,1454.2568359375,5076416,5076416,https://finance.yahoo.com/quote/CIPLA.NS/
2026-01-08,Cipla,CIPLA.NS,1447.024658203125,2651011,2651011,https://finance.yahoo.com/quote/CIPLA.NS/
2026-01-09,Cipla,CIPLA.NS,1452.0772705078125,1804271,1804271,https://finance.yahoo.com/quote/CIPLA.NS/
2026-01-12,Cipla,CIPLA.NS,1451.5819091796875,2380033,2380033,https://finance.yahoo.com/quote/CIPLA.NS/
2026-01-13,Cipla,CIPLA.NS,1434.839111328125,1909873,1909873,https://finance.yahoo.com/quote/CIPLA.NS/
2026-01-14,Cipla,CIPLA.NS,1421.167236328125,1775529,1775529,https://finance.yahoo.com/quote/CIPLA.NS/
2026-01-15,Cipla,CIPLA.NS,1421.167236328125,0,0,https://finance.yahoo.com/quote/CIPLA.NS/
2026-01-16,Cipla,CIPLA.NS,1384.51123046875,4333315,4333315,https://finance.yahoo.com/quote/CIPLA.NS/
2026-01-19,Cipla,CIPLA.NS,1379.3594970703125,1653550,1653550,https://finance.yahoo.com/quote/CIPLA.NS/
2026-01-20,Cipla,CIPLA.NS,1365.5887451171875,2040403,2040403,https://finance.yahoo.com/quote/CIPLA.NS/
2026-01-21,Cipla,CIPLA.NS,1356.8704833984375,2306655,2306655,https://finance.yahoo.com/quote/CIPLA.NS/
2026-01-22,Cipla,CIPLA.NS,1357.6630859375,1536604,1536604,https://finance.yahoo.com/quote/CIPLA.NS/
2026-01-23,Cipla,CIPLA.NS,1302.7779541015625,6590032,6590032,https://finance.yahoo.com/quote/CIPLA.NS/
2026-01-27,Cipla,CIPLA.NS,1300.7965087890625,4109525,4109525,https://finance.yahoo.com/quote/CIPLA.NS/
2026-01-28,Cipla,CIPLA.NS,1316.053466796875,1535898,1535898,https://finance.yahoo.com/quote/CIPLA.NS/
2026-01-29,Cipla,CIPLA.NS,1308.6231689453125,2099306,2099306,https://finance.yahoo.com/quote/CIPLA.NS/
2026-01-30,Cipla,CIPLA.NS,1311.6943359375,2157826,2157826,https://finance.yahoo.com/quote/CIPLA.NS/
2026-02-02,Cipla,CIPLA.NS,1299.4095458984375,1832963,1832963,https://finance.yahoo.com/quote/CIPLA.NS/
2026-02-03,Cipla,CIPLA.NS,1310.5054931640625,2711571,2711571,https://finance.yahoo.com/quote/CIPLA.NS/
2026-02-04,Cipla,CIPLA.NS,1314.369140625,1590247,1590247,https://finance.yahoo.com/quote/CIPLA.NS/
2026-02-05,Cipla,CIPLA.NS,1320.907958984375,999810,999810,https://finance.yahoo.com/quote/CIPLA.NS/
2026-02-06,Cipla,CIPLA.NS,1317.6385498046875,1457970,1457970,https://finance.yahoo.com/quote/CIPLA.NS/
2026-02-09,Cipla,CIPLA.NS,1330.0223388671875,1936551,1936551,https://finance.yahoo.com/quote/CIPLA.NS/
2026-02-10,Cipla,CIPLA.NS,1329.6260986328125,1053439,1053439,https://finance.yahoo.com/quote/CIPLA.NS/
2026-02-11,Cipla,CIPLA.NS,1337.3536376953125,830695,830695,https://finance.yahoo.com/quote/CIPLA.NS/
2026-02-12,Cipla,CIPLA.NS,1317.6385498046875,1613374,1613374,https://finance.yahoo.com/quote/CIPLA.NS/
2026-02-13,Cipla,CIPLA.NS,1319.1246337890625,1236946,1236946,https://finance.yahoo.com/quote/CIPLA.NS/
2026-02-16,Cipla,CIPLA.NS,1343.793212890625,1616868,1616868,https://finance.yahoo.com/quote/CIPLA.NS/
2026-02-17,Cipla,CIPLA.NS,1331.409423828125,1413727,1413727,https://finance.yahoo.com/quote/CIPLA.NS/
2026-02-18,Cipla,CIPLA.NS,1337.2545166015625,1119159,1119159,https://finance.yahoo.com/quote/CIPLA.NS/
2026-02-19,Cipla,CIPLA.NS,1316.548828125,587384,587384,https://finance.yahoo.com/quote/CIPLA.NS/
2026-02-20,Cipla,CIPLA.NS,1328.6353759765625,1551722,1551722,https://finance.yahoo.com/quote/CIPLA.NS/
2026-02-23,Cipla,CIPLA.NS,1314.1710205078125,2435610,2435610,https://finance.yahoo.com/quote/CIPLA.NS/
2026-02-24,Cipla,CIPLA.NS,1314.369140625,2109672,2109672,https://finance.yahoo.com/quote/CIPLA.NS/
2026-02-25,Cipla,CIPLA.NS,1333.5888671875,1018377,1018377,https://finance.yahoo.com/quote/CIPLA.NS/
2026-02-26,Cipla,CIPLA.NS,1345.477294921875,2013877,2013877,https://finance.yahoo.com/quote/CIPLA.NS/
2026-02-27,Cipla,CIPLA.NS,1335.6693115234375,2609711,2609711,https://finance.yahoo.com/quote/CIPLA.NS/
2026-03-02,Cipla,CIPLA.NS,1339.0377197265625,1899674,1899674,https://finance.yahoo.com/quote/CIPLA.NS/
2026-03-04,Cipla,CIPLA.NS,1300.99462890625,1938762,1938762,https://finance.yahoo.com/quote/CIPLA.NS/
2026-03-05,Cipla,CIPLA.NS,1314.072021484375,1184085,1184085,https://finance.yahoo.com/quote/CIPLA.NS/
2026-03-06,Cipla,CIPLA.NS,1308.9202880859375,695774,695774,https://finance.yahoo.com/quote/CIPLA.NS/
2026-03-09,Cipla,CIPLA.NS,1312.68505859375,1674811,1674811,https://finance.yahoo.com/quote/CIPLA.NS/
2026-03-10,Cipla,CIPLA.NS,1321.10595703125,1050270,1050270,https://finance.yahoo.com/quote/CIPLA.NS/
2026-03-11,Cipla,CIPLA.NS,1317.1431884765625,1268130,1268130,https://finance.yahoo.com/quote/CIPLA.NS/
2026-03-12,Cipla,CIPLA.NS,1311.9915771484375,1405268,1405268,https://finance.yahoo.com/quote/CIPLA.NS/
2026-03-13,Cipla,CIPLA.NS,1302.480712890625,1346347,1346347,https://finance.yahoo.com/quote/CIPLA.NS/
2026-03-16,Cipla,CIPLA.NS,1287.9173583984375,1496780,1496780,https://finance.yahoo.com/quote/CIPLA.NS/
2026-03-17,Cipla,CIPLA.NS,1269.985595703125,2034284,2034284,https://finance.yahoo.com/quote/CIPLA.NS/
2026-03-18,Cipla,CIPLA.NS,1256.7100830078125,2226496,2226496,https://finance.yahoo.com/quote/CIPLA.NS/
2026-03-19,Cipla,CIPLA.NS,1227.682373046875,1080395,1080395,https://finance.yahoo.com/quote/CIPLA.NS/
2026-03-20,Cipla,CIPLA.NS,1244.72265625,1151621,1151621,https://finance.yahoo.com/quote/CIPLA.NS/
2026-03-23,Cipla,CIPLA.NS,1210.4442138671875,1295463,1295463,https://finance.yahoo.com/quote/CIPLA.NS/
2026-03-24,Cipla,CIPLA.NS,1208.0665283203125,853054,853054,https://finance.yahoo.com/quote/CIPLA.NS/
2026-03-25,Cipla,CIPLA.NS,1232.8341064453125,1466775,1466775,https://finance.yahoo.com/quote/CIPLA.NS/
2026-03-27,Cipla,CIPLA.NS,1230.753662109375,2220695,2220695,https://finance.yahoo.com/quote/CIPLA.NS/
2026-03-30,Cipla,CIPLA.NS,1212.82177734375,2089130,2089130,https://finance.yahoo.com/quote/CIPLA.NS/
2026-04-01,Cipla,CIPLA.NS,1184.784912109375,2180444,2180444,https://finance.yahoo.com/quote/CIPLA.NS/
2026-04-02,Cipla,CIPLA.NS,1181.3175048828125,3128666,3128666,https://finance.yahoo.com/quote/CIPLA.NS/
2026-04-06,Cipla,CIPLA.NS,1189.7384033203125,2188849,2188849,https://finance.yahoo.com/quote/CIPLA.NS/
2026-04-07,Cipla,CIPLA.NS,1191.2244873046875,2046737,2046737,https://finance.yahoo.com/quote/CIPLA.NS/
2026-04-08,Cipla,CIPLA.NS,1204.5989990234375,2476674,2476674,https://finance.yahoo.com/quote/CIPLA.NS/
2026-04-09,Cipla,CIPLA.NS,1213.02001953125,2545266,2545266,https://finance.yahoo.com/quote/CIPLA.NS/
2026-04-10,Cipla,CIPLA.NS,1218.0726318359375,2086385,2086385,https://finance.yahoo.com/quote/CIPLA.NS/
2026-04-13,Cipla,CIPLA.NS,1199.8436279296875,1611654,1611654,https://finance.yahoo.com/quote/CIPLA.NS/
2026-04-15,Cipla,CIPLA.NS,1215.5958251953125,1297882,1297882,https://finance.yahoo.com/quote/CIPLA.NS/
2026-04-16,Cipla,CIPLA.NS,1219.0633544921875,1778133,1778133,https://finance.yahoo.com/quote/CIPLA.NS/
2026-04-17,Cipla,CIPLA.NS,1229.2677001953125,2291092,2291092,https://finance.yahoo.com/quote/CIPLA.NS/
2026-04-20,Cipla,CIPLA.NS,1218.0726318359375,1158618,1158618,https://finance.yahoo.com/quote/CIPLA.NS/
2026-04-21,Cipla,CIPLA.NS,1221.044677734375,1428292,1428292,https://finance.yahoo.com/quote/CIPLA.NS/
2026-04-22,Cipla,CIPLA.NS,1224.8094482421875,1172238,1172238,https://finance.yahoo.com/quote/CIPLA.NS/
2026-04-23,Cipla,CIPLA.NS,1293.7625732421875,5274028,5274028,https://finance.yahoo.com/quote/CIPLA.NS/
2026-04-24,Cipla,CIPLA.NS,1282.9638671875,4427307,4427307,https://finance.yahoo.com/quote/CIPLA.NS/
2026-04-27,Cipla,CIPLA.NS,1304.95751953125,1721187,1721187,https://finance.yahoo.com/quote/CIPLA.NS/
2026-04-28,Cipla,CIPLA.NS,1294.35693359375,1501522,1501522,https://finance.yahoo.com/quote/CIPLA.NS/
2026-04-29,Cipla,CIPLA.NS,1305.353759765625,986556,986556,https://finance.yahoo.com/quote/CIPLA.NS/
2026-04-30,Cipla,CIPLA.NS,1297.4281005859375,1370336,1370336,https://finance.yahoo.com/quote/CIPLA.NS/
2026-05-01,Cipla,CIPLA.NS,1297.4281005859375,0,0,https://finance.yahoo.com/quote/CIPLA.NS/
2026-05-04,Cipla,CIPLA.NS,1322.592041015625,1088765,1088765,https://finance.yahoo.com/quote/CIPLA.NS/
2026-05-05,Cipla,CIPLA.NS,1321.3040771484375,1051020,1051020,https://finance.yahoo.com/quote/CIPLA.NS/
2026-05-06,Cipla,CIPLA.NS,1351.7188720703125,1854812,1854812,https://finance.yahoo.com/quote/CIPLA.NS/
2026-05-07,Cipla,CIPLA.NS,1349.638427734375,1248019,1248019,https://finance.yahoo.com/quote/CIPLA.NS/
2026-05-08,Cipla,CIPLA.NS,1334.4805908203125,1044824,1044824,https://finance.yahoo.com/quote/CIPLA.NS/
2026-05-11,Cipla,CIPLA.NS,1292.7718505859375,1428197,1428197,https://finance.yahoo.com/quote/CIPLA.NS/
2026-05-12,Cipla,CIPLA.NS,1280.2889404296875,1398439,1398439,https://finance.yahoo.com/quote/CIPLA.NS/
2026-05-13,Cipla,CIPLA.NS,1315.2608642578125,6015153,6015153,https://finance.yahoo.com/quote/CIPLA.NS/
2026-05-14,Cipla,CIPLA.NS,1423.3468017578125,9166941,9166941,https://finance.yahoo.com/quote/CIPLA.NS/
2026-05-15,Cipla,CIPLA.NS,1418.78955078125,1138894,1138894,https://finance.yahoo.com/quote/CIPLA.NS/
2026-05-18,Cipla,CIPLA.NS,1412.9443359375,2013605,2013605,https://finance.yahoo.com/quote/CIPLA.NS/
2026-05-19,Cipla,CIPLA.NS,1396.6968994140625,1379218,1379218,https://finance.yahoo.com/quote/CIPLA.NS/
2026-05-20,Cipla,CIPLA.NS,1386.4925537109375,1316586,1316586,https://finance.yahoo.com/quote/CIPLA.NS/
2026-05-21,Cipla,CIPLA.NS,1388.870361328125,1145360,1145360,https://finance.yahoo.com/quote/CIPLA.NS/
2026-05-22,Cipla,CIPLA.NS,1386.1953125,917323,917323,https://finance.yahoo.com/quote/CIPLA.NS/
2026-05-25,Cipla,CIPLA.NS,1400.7587890625,668915,668915,https://finance.yahoo.com/quote/CIPLA.NS/
2026-05-26,Cipla,CIPLA.NS,1404.3253173828125,1132793,1132793,https://finance.yahoo.com/quote/CIPLA.NS/
2026-05-27,Cipla,CIPLA.NS,1405.0186767578125,937447,937447,https://finance.yahoo.com/quote/CIPLA.NS/
2026-05-28,Cipla,CIPLA.NS,1405.0186767578125,0,0,https://finance.yahoo.com/quote/CIPLA.NS/
2026-05-29,Cipla,CIPLA.NS,1387.9786376953125,9540984,9540984,https://finance.yahoo.com/quote/CIPLA.NS/
2026-06-01,Cipla,CIPLA.NS,1377.378173828125,714608,714608,https://finance.yahoo.com/quote/CIPLA.NS/
2026-06-02,Cipla,CIPLA.NS,1366.4803466796875,2290839,2290839,https://finance.yahoo.com/quote/CIPLA.NS/
2026-06-03,Cipla,CIPLA.NS,1362.4183349609375,1520395,1520395,https://finance.yahoo.com/quote/CIPLA.NS/
2026-06-04,Cipla,CIPLA.NS,1385.699951171875,1548692,1548692,https://finance.yahoo.com/quote/CIPLA.NS/
2026-06-05,Cipla,CIPLA.NS,1401.300048828125,1050391,1050391,https://finance.yahoo.com/quote/CIPLA.NS/
2026-06-08,Cipla,CIPLA.NS,1387.9000244140625,669481,669481,https://finance.yahoo.com/quote/CIPLA.NS/
2026-06-09,Cipla,CIPLA.NS,1376.5,1419845,1419845,https://finance.yahoo.com/quote/CIPLA.NS/
2026-06-10,Cipla,CIPLA.NS,1377.0,962642,962642,https://finance.yahoo.com/quote/CIPLA.NS/
2026-06-11,Cipla,CIPLA.NS,1383.300048828125,654474,654474,https://finance.yahoo.com/quote/CIPLA.NS/
2026-06-12,Cipla,CIPLA.NS,1389.4000244140625,805612,805612,https://finance.yahoo.com/quote/CIPLA.NS/
2026-06-15,Cipla,CIPLA.NS,1381.300048828125,1687655,1687655,https://finance.yahoo.com/quote/CIPLA.NS/
2026-06-16,Cipla,CIPLA.NS,1373.199951171875,613961,613961,https://finance.yahoo.com/quote/CIPLA.NS/
2026-06-17,Cipla,CIPLA.NS,1350.800048828125,2014168,2014168,https://finance.yahoo.com/quote/CIPLA.NS/
2026-06-18,Cipla,CIPLA.NS,1355.5,908719,908719,https://finance.yahoo.com/quote/CIPLA.NS/
2026-06-19,Cipla,CIPLA.NS,1351.800048828125,1476650,1476650,https://finance.yahoo.com/quote/CIPLA.NS/
2026-06-22,Cipla,CIPLA.NS,1415.699951171875,3368853,3368853,https://finance.yahoo.com/quote/CIPLA.NS/
2026-06-23,Cipla,CIPLA.NS,1433.0999755859375,4958067,4958067,https://finance.yahoo.com/quote/CIPLA.NS/
2026-06-24,Cipla,CIPLA.NS,1437.9000244140625,2145293,2145293,https://finance.yahoo.com/quote/CIPLA.NS/
2026-06-25,Cipla,CIPLA.NS,1440.0999755859375,1217683,1217683,https://finance.yahoo.com/quote/CIPLA.NS/
2026-06-26,Cipla,CIPLA.NS,1440.0999755859375,0,0,https://finance.yahoo.com/quote/CIPLA.NS/
2026-06-29,Cipla,CIPLA.NS,1454.0999755859375,4162869,4162869,https://finance.yahoo.com/quote/CIPLA.NS/
2026-06-30,Cipla,CIPLA.NS,1465.4000244140625,2818077,2818077,https://finance.yahoo.com/quote/CIPLA.NS/
2026-07-01,Cipla,CIPLA.NS,1456.699951171875,753439,753439,https://finance.yahoo.com/quote/CIPLA.NS/
2026-07-02,Cipla,CIPLA.NS,1456.0,731416,731416,https://finance.yahoo.com/quote/CIPLA.NS/
2026-07-03,Cipla,CIPLA.NS,1458.199951171875,1261674,1261674,https://finance.yahoo.com/quote/CIPLA.NS/
2026-07-06,Cipla,CIPLA.NS,1472.300048828125,769917,769917,https://finance.yahoo.com/quote/CIPLA.NS/
2026-07-07,Cipla,CIPLA.NS,1451.800048828125,1164880,1164880,https://finance.yahoo.com/quote/CIPLA.NS/
2026-07-08,Cipla,CIPLA.NS,1431.800048828125,1163676,1163676,https://finance.yahoo.com/quote/CIPLA.NS/
2026-07-09,Cipla,CIPLA.NS,1441.300048828125,947375,947375,https://finance.yahoo.com/quote/CIPLA.NS/
2026-07-10,Cipla,CIPLA.NS,1439.4000244140625,745842,745842,https://finance.yahoo.com/quote/CIPLA.NS/
2026-07-13,Cipla,CIPLA.NS,1426.699951171875,844670,844670,https://finance.yahoo.com/quote/CIPLA.NS/
2026-07-14,Cipla,CIPLA.NS,1438.0999755859375,1221695,1221695,https://finance.yahoo.com/quote/CIPLA.NS/
2026-07-15,Cipla,CIPLA.NS,1438.0,924453,924453,https://finance.yahoo.com/quote/CIPLA.NS/
2026-07-16,Cipla,CIPLA.NS,1429.5,568731,568731,https://finance.yahoo.com/quote/CIPLA.NS/
2026-07-17,Cipla,CIPLA.NS,1418.699951171875,607055,607055,https://finance.yahoo.com/quote/CIPLA.NS/
2026-07-20,Cipla,CIPLA.NS,1441.5999755859375,1494196,1494196,https://finance.yahoo.com/quote/CIPLA.NS/
2026-07-21,Cipla,CIPLA.NS,1432.5,1341452,1341452,https://finance.yahoo.com/quote/CIPLA.NS/
2026-07-22,Cipla,CIPLA.NS,1415.0999755859375,1722239,1722239,https://finance.yahoo.com/quote/CIPLA.NS/
2026-07-23,Cipla,CIPLA.NS,1393.0,4248433,4248433,https://finance.yahoo.com/quote/CIPLA.NS/
2026-07-24,Cipla,CIPLA.NS,1410.5999755859375,2917791,2917791,https://finance.yahoo.com/quote/CIPLA.NS/
2026-07-27,Cipla,CIPLA.NS,1409.4000244140625,1162030,1162030,https://finance.yahoo.com/quote/CIPLA.NS/
2026-07-28,Cipla,CIPLA.NS,1444.5999755859375,1621735,1621735,https://finance.yahoo.com/quote/CIPLA.NS/
2026-07-29,Cipla,CIPLA.NS,1474.300048828125,2192262,2192262,https://finance.yahoo.com/quote/CIPLA.NS/
2026-07-30,Cipla,CIPLA.NS,1466.4000244140625,833068,833068,https://finance.yahoo.com/quote/CIPLA.NS/
2026-07-31,Cipla,CIPLA.NS,1473.199951171875,1223370,1223370,https://finance.yahoo.com/quote/CIPLA.NS/
2026-08-03,Cipla,CIPLA.NS,1474.4000244140625,811745,811745,https://finance.yahoo.com/quote/CIPLA.NS/
2026-08-04,Cipla,CIPLA.NS,1460.0,947279,947279,https://finance.yahoo.com/quote/CIPLA.NS/
2026-08-05,Cipla,CIPLA.NS,1458.800048828125,973585,973585,https://finance.yahoo.com/quote/CIPLA.NS/
2026-08-06,Cipla,CIPLA.NS,1477.0,1462279,1462279,https://finance.yahoo.com/quote/CIPLA.NS/
2026-08-07,Cipla,CIPLA.NS,1463.800048828125,765193,765193,https://finance.yahoo.com/quote/CIPLA.NS/
2026-08-10,Cipla,CIPLA.NS,1467.699951171875,662981,662981,https://finance.yahoo.com/quote/CIPLA.NS/
2026-08-11,Cipla,CIPLA.NS,1463.0,958909,958909,https://finance.yahoo.com/quote/CIPLA.NS/
2026-08-12,Cipla,CIPLA.NS,1463.0,621021,621021,https://finance.yahoo.com/quote/CIPLA.NS/
2026-08-13,Cipla,CIPLA.NS,1458.800048828125,440742,440742,https://finance.yahoo.com/quote/CIPLA.NS/
2026-08-14,Cipla,CIPLA.NS,1450.0,784917,784917,https://finance.yahoo.com/quote/CIPLA.NS/
2026-08-17,Cipla,CIPLA.NS,1431.5,756514,756514,https://finance.yahoo.com/quote/CIPLA.NS/
2026-08-18,Cipla,CIPLA.NS,1431.0999755859375,589396,589396,https://finance.yahoo.com/quote/CIPLA.NS/
2026-08-19,Cipla,CIPLA.NS,1422.0,433654,433654,https://finance.yahoo.com/quote/CIPLA.NS/
2026-08-20,Cipla,CIPLA.NS,1438.0,327752,327752,https://finance.yahoo.com/quote/CIPLA.NS/
2026-08-21,Cipla,CIPLA.NS,1432.199951171875,728275,728275,https://finance.yahoo.com/quote/CIPLA.NS/
2026-08-24,Cipla,CIPLA.NS,1437.9000244140625,1220646,1220646,https://finance.yahoo.com/quote/CIPLA.NS/
2026-08-25,Cipla,CIPLA.NS,1422.0,799235,799235,https://finance.yahoo.com/quote/CIPLA.NS/
2026-08-26,Cipla,CIPLA.NS,1402.699951171875,915493,915493,https://finance.yahoo.com/quote/CIPLA.NS/
2026-08-27,Cipla,CIPLA.NS,1420.0,533212,533212,https://finance.yahoo.com/quote/CIPLA.NS/
2026-08-28,Cipla,CIPLA.NS,1423.5,377976,377976,https://finance.yahoo.com/quote/CIPLA.NS/
2026-08-31,Cipla,CIPLA.NS,1409.199951171875,977929,977929,https://finance.yahoo.com/quote/CIPLA.NS/
2026-09-01,Cipla,CIPLA.NS,1423.0,880100,880100,https://finance.yahoo.com/quote/CIPLA.NS/
2026-09-02,Cipla,CIPLA.NS,1412.800048828125,578260,578260,https://finance.yahoo.com/quote/CIPLA.NS/
2026-09-03,Cipla,CIPLA.NS,1394.699951171875,549749,549749,https://finance.yahoo.com/quote/CIPLA.NS/
2026-09-04,Cipla,CIPLA.NS,1385.0,1326180,1326180,https://finance.yahoo.com/quote/CIPLA.NS/
2026-09-07,Cipla,CIPLA.NS,1395.0,606497,606497,https://finance.yahoo.com/quote/CIPLA.NS/
2026-09-08,Cipla,CIPLA.NS,1384.0,728795,728795,https://finance.yahoo.com/quote/CIPLA.NS/
2026-09-09,Cipla,CIPLA.NS,1363.0999755859375,818773,818773,https://finance.yahoo.com/quote/CIPLA.NS/
2026-09-10,Cipla,CIPLA.NS,1373.300048828125,826221,826221,https://finance.yahoo.com/quote/CIPLA.NS/
2026-09-11,Cipla,CIPLA.NS,1366.0,1681155,1681155,https://finance.yahoo.com/quote/CIPLA.NS/
2026-09-14,Cipla,CIPLA.NS,1366.0,0,0,https://finance.yahoo.com/quote/CIPLA.NS/
2026-09-15,Cipla,CIPLA.NS,1351.0,1225305,1225305,https://finance.yahoo.com/quote/CIPLA.NS/
2026-09-16,Cipla,CIPLA.NS,1358.0,911572,911572,https://finance.yahoo.com/quote/CIPLA.NS/
2026-09-17,Cipla,CIPLA.NS,1376.300048828125,730653,730653,https://finance.yahoo.com/quote/CIPLA.NS/
2026-09-18,Cipla,CIPLA.NS,1394.5,1386584,1386584,https://finance.yahoo.com/quote/CIPLA.NS/
2026-09-21,Cipla,CIPLA.NS,1386.0999755859375,895131,895131,https://finance.yahoo.com/quote/CIPLA.NS/
2026-09-22,Cipla,CIPLA.NS,1384.0999755859375,767139,767139,https://finance.yahoo.com/quote/CIPLA.NS/
2026-09-23,Cipla,CIPLA.NS,1383.0,651221,651221,https://finance.yahoo.com/quote/CIPLA.NS/
2026-09-24,Cipla,CIPLA.NS,1399.0,1580784,1580784,https://finance.yahoo.com/quote/CIPLA.NS/
2026-09-25,Cipla,CIPLA.NS,1399.699951171875,1166527,1166527,https://finance.yahoo.com/quote/CIPLA.NS/
2026-09-28,Cipla,CIPLA.NS,1383.699951171875,711020,711020,https://finance.yahoo.com/quote/CIPLA.NS/
2026-09-29,Cipla,CIPLA.NS,1379.300048828125,1479526,1479526,https://finance.yahoo.com/quote/CIPLA.NS/
2026-09-30,Cipla,CIPLA.NS,1346.0,1063964,1063964,https://finance.yahoo.com/quote/CIPLA.NS/
2026-10-01,Cipla,CIPLA.NS,1344.0,921789,921789,https://finance.yahoo.com/quote/CIPLA.NS/
2025-04-02,Divi's Labs,DIVISLAB.NS,5617.15380859375,316866,316866,https://finance.yahoo.com/quote/DIVISLAB.NS/
2025-04-03,Divi's Labs,DIVISLAB.NS,5713.31787109375,537669,537669,https://finance.yahoo.com/quote/DIVISLAB.NS/
2025-04-04,Divi's Labs,DIVISLAB.NS,5435.5830078125,681423,681423,https://finance.yahoo.com/quote/DIVISLAB.NS/
2025-04-07,Divi's Labs,DIVISLAB.NS,5213.61328125,565168,565168,https://finance.yahoo.com/quote/DIVISLAB.NS/
2025-04-08,Divi's Labs,DIVISLAB.NS,5340.8564453125,369634,369634,https://finance.yahoo.com/quote/DIVISLAB.NS/
2025-04-09,Divi's Labs,DIVISLAB.NS,5339.71630859375,458062,458062,https://finance.yahoo.com/quote/DIVISLAB.NS/
2025-04-11,Divi's Labs,DIVISLAB.NS,5541.11474609375,794543,794543,https://finance.yahoo.com/quote/DIVISLAB.NS/
2025-04-15,Divi's Labs,DIVISLAB.NS,5685.0634765625,586197,586197,https://finance.yahoo.com/quote/DIVISLAB.NS/
2025-04-16,Divi's Labs,DIVISLAB.NS,5704.3955078125,280947,280947,https://finance.yahoo.com/quote/DIVISLAB.NS/
2025-04-17,Divi's Labs,DIVISLAB.NS,5591.3779296875,531948,531948,https://finance.yahoo.com/quote/DIVISLAB.NS/
2025-04-21,Divi's Labs,DIVISLAB.NS,5840.7099609375,717346,717346,https://finance.yahoo.com/quote/DIVISLAB.NS/
2025-04-22,Divi's Labs,DIVISLAB.NS,5860.53759765625,666774,666774,https://finance.yahoo.com/quote/DIVISLAB.NS/
2025-04-23,Divi's Labs,DIVISLAB.NS,5873.42529296875,637067,637067,https://finance.yahoo.com/quote/DIVISLAB.NS/
2025-04-24,Divi's Labs,DIVISLAB.NS,6161.9169921875,2081063,2081063,https://finance.yahoo.com/quote/DIVISLAB.NS/
2025-04-25,Divi's Labs,DIVISLAB.NS,5960.66650390625,964571,964571,https://finance.yahoo.com/quote/DIVISLAB.NS/
2025-04-28,Divi's Labs,DIVISLAB.NS,5974.54638671875,317230,317230,https://finance.yahoo.com/quote/DIVISLAB.NS/
2025-04-29,Divi's Labs,DIVISLAB.NS,6055.34375,640125,640125,https://finance.yahoo.com/quote/DIVISLAB.NS/
2025-04-30,Divi's Labs,DIVISLAB.NS,6034.5244140625,489551,489551,https://finance.yahoo.com/quote/DIVISLAB.NS/
2025-05-02,Divi's Labs,DIVISLAB.NS,6027.08935546875,957962,957962,https://finance.yahoo.com/quote/DIVISLAB.NS/
2025-05-05,Divi's Labs,DIVISLAB.NS,6071.701171875,399200,399200,https://finance.yahoo.com/quote/DIVISLAB.NS/
2025-05-06,Divi's Labs,DIVISLAB.NS,6107.88671875,344379,344379,https://finance.yahoo.com/quote/DIVISLAB.NS/
2025-05-07,Divi's Labs,DIVISLAB.NS,6094.9990234375,346799,346799,https://finance.yahoo.com/quote/DIVISLAB.NS/
2025-05-08,Divi's Labs,DIVISLAB.NS,5909.115234375,364862,364862,https://finance.yahoo.com/quote/DIVISLAB.NS/
2025-05-09,Divi's Labs,DIVISLAB.NS,5973.5546875,449984,449984,https://finance.yahoo.com/quote/DIVISLAB.NS/
2025-05-12,Divi's Labs,DIVISLAB.NS,5890.7744140625,705516,705516,https://finance.yahoo.com/quote/DIVISLAB.NS/
2025-05-13,Divi's Labs,DIVISLAB.NS,6024.11474609375,759310,759310,https://finance.yahoo.com/quote/DIVISLAB.NS/
2025-05-14,Divi's Labs,DIVISLAB.NS,6161.9169921875,576348,576348,https://finance.yahoo.com/quote/DIVISLAB.NS/
2025-05-15,Divi's Labs,DIVISLAB.NS,6160.92529296875,462230,462230,https://finance.yahoo.com/quote/DIVISLAB.NS/
2025-05-16,Divi's Labs,DIVISLAB.NS,6225.365234375,556329,556329,https://finance.yahoo.com/quote/DIVISLAB.NS/
2025-05-19,Divi's Labs,DIVISLAB.NS,6523.2744140625,2712326,2712326,https://finance.yahoo.com/quote/DIVISLAB.NS/
2025-05-20,Divi's Labs,DIVISLAB.NS,6396.87353515625,448280,448280,https://finance.yahoo.com/quote/DIVISLAB.NS/
2025-05-21,Divi's Labs,DIVISLAB.NS,6495.515625,510445,510445,https://finance.yahoo.com/quote/DIVISLAB.NS/
2025-05-22,Divi's Labs,DIVISLAB.NS,6481.63623046875,326992,326992,https://finance.yahoo.com/quote/DIVISLAB.NS/
2025-05-23,Divi's Labs,DIVISLAB.NS,6427.11083984375,224119,224119,https://finance.yahoo.com/quote/DIVISLAB.NS/
2025-05-26,Divi's Labs,DIVISLAB.NS,6678.9208984375,1467231,1467231,https://finance.yahoo.com/quote/DIVISLAB.NS/
2025-05-27,Divi's Labs,DIVISLAB.NS,6640.25732421875,294304,294304,https://finance.yahoo.com/quote/DIVISLAB.NS/
2025-05-28,Divi's Labs,DIVISLAB.NS,6578.79150390625,312692,312692,https://finance.yahoo.com/quote/DIVISLAB.NS/
2025-05-29,Divi's Labs,DIVISLAB.NS,6574.33056640625,364770,364770,https://finance.yahoo.com/quote/DIVISLAB.NS/
2025-05-30,Divi's Labs,DIVISLAB.NS,6554.99853515625,786589,786589,https://finance.yahoo.com/quote/DIVISLAB.NS/
2025-06-02,Divi's Labs,DIVISLAB.NS,6482.6279296875,283232,283232,https://finance.yahoo.com/quote/DIVISLAB.NS/
2025-06-03,Divi's Labs,DIVISLAB.NS,6473.705078125,398776,398776,https://finance.yahoo.com/quote/DIVISLAB.NS/
2025-06-04,Divi's Labs,DIVISLAB.NS,6560.947265625,407206,407206,https://finance.yahoo.com/quote/DIVISLAB.NS/
2025-06-05,Divi's Labs,DIVISLAB.NS,6571.3564453125,200706,200706,https://finance.yahoo.com/quote/DIVISLAB.NS/
2025-06-06,Divi's Labs,DIVISLAB.NS,6488.08056640625,361092,361092,https://finance.yahoo.com/quote/DIVISLAB.NS/
2025-06-09,Divi's Labs,DIVISLAB.NS,6575.8173828125,254156,254156,https://finance.yahoo.com/quote/DIVISLAB.NS/
2025-06-10,Divi's Labs,DIVISLAB.NS,6616.46435546875,288574,288574,https://finance.yahoo.com/quote/DIVISLAB.NS/
2025-06-11,Divi's Labs,DIVISLAB.NS,6661.076171875,539922,539922,https://finance.yahoo.com/quote/DIVISLAB.NS/
2025-06-12,Divi's Labs,DIVISLAB.NS,6667.0244140625,647651,647651,https://finance.yahoo.com/quote/DIVISLAB.NS/
2025-06-13,Divi's Labs,DIVISLAB.NS,6609.5244140625,431430,431430,https://finance.yahoo.com/quote/DIVISLAB.NS/
2025-06-16,Divi's Labs,DIVISLAB.NS,6629.84765625,166374,166374,https://finance.yahoo.com/quote/DIVISLAB.NS/
2025-06-17,Divi's Labs,DIVISLAB.NS,6481.63623046875,341004,341004,https://finance.yahoo.com/quote/DIVISLAB.NS/
2025-06-18,Divi's Labs,DIVISLAB.NS,6492.54150390625,447218,447218,https://finance.yahoo.com/quote/DIVISLAB.NS/
2025-06-19,Divi's Labs,DIVISLAB.NS,6437.0244140625,240502,240502,https://finance.yahoo.com/quote/DIVISLAB.NS/
2025-06-20,Divi's Labs,DIVISLAB.NS,6535.1708984375,560932,560932,https://finance.yahoo.com/quote/DIVISLAB.NS/
2025-06-23,Divi's Labs,DIVISLAB.NS,6578.79150390625,478962,478962,https://finance.yahoo.com/quote/DIVISLAB.NS/
2025-06-24,Divi's Labs,DIVISLAB.NS,6508.8994140625,270144,270144,https://finance.yahoo.com/quote/DIVISLAB.NS/
2025-06-25,Divi's Labs,DIVISLAB.NS,6529.71826171875,234226,234226,https://finance.yahoo.com/quote/DIVISLAB.NS/
2025-06-26,Divi's Labs,DIVISLAB.NS,6558.9638671875,404238,404238,https://finance.yahoo.com/quote/DIVISLAB.NS/
2025-06-27,Divi's Labs,DIVISLAB.NS,6600.60205078125,545217,545217,https://finance.yahoo.com/quote/DIVISLAB.NS/
2025-06-30,Divi's Labs,DIVISLAB.NS,6750.7958984375,599664,599664,https://finance.yahoo.com/quote/DIVISLAB.NS/
2025-07-01,Divi's Labs,DIVISLAB.NS,6797.39111328125,385716,385716,https://finance.yahoo.com/quote/DIVISLAB.NS/
2025-07-02,Divi's Labs,DIVISLAB.NS,6800.365234375,437491,437491,https://finance.yahoo.com/quote/DIVISLAB.NS/
2025-07-03,Divi's Labs,DIVISLAB.NS,6816.72314453125,302964,302964,https://finance.yahoo.com/quote/DIVISLAB.NS/
2025-07-04,Divi's Labs,DIVISLAB.NS,6846.95947265625,243498,243498,https://finance.yahoo.com/quote/DIVISLAB.NS/
2025-07-07,Divi's Labs,DIVISLAB.NS,6829.11474609375,85574,85574,https://finance.yahoo.com/quote/DIVISLAB.NS/
2025-07-08,Divi's Labs,DIVISLAB.NS,6878.18798828125,531444,531444,https://finance.yahoo.com/quote/DIVISLAB.NS/
2025-07-09,Divi's Labs,DIVISLAB.NS,6923.2958984375,382020,382020,https://finance.yahoo.com/quote/DIVISLAB.NS/
2025-07-10,Divi's Labs,DIVISLAB.NS,6785.494140625,183664,183664,https://finance.yahoo.com/quote/DIVISLAB.NS/
2025-07-11,Divi's Labs,DIVISLAB.NS,6776.076171875,224031,224031,https://finance.yahoo.com/quote/DIVISLAB.NS/
2025-07-14,Divi's Labs,DIVISLAB.NS,6720.0634765625,968781,968781,https://finance.yahoo.com/quote/DIVISLAB.NS/
2025-07-15,Divi's Labs,DIVISLAB.NS,6731.46435546875,132235,132235,https://finance.yahoo.com/quote/DIVISLAB.NS/
2025-07-16,Divi's Labs,DIVISLAB.NS,6772.1103515625,327289,327289,https://finance.yahoo.com/quote/DIVISLAB.NS/
2025-07-17,Divi's Labs,DIVISLAB.NS,6731.95947265625,291956,291956,https://finance.yahoo.com/quote/DIVISLAB.NS/
2025-07-18,Divi's Labs,DIVISLAB.NS,6673.46826171875,196816,196816,https://finance.yahoo.com/quote/DIVISLAB.NS/
2025-07-21,Divi's Labs,DIVISLAB.NS,6630.34375,152442,152442,https://finance.yahoo.com/quote/DIVISLAB.NS/
2025-07-22,Divi's Labs,DIVISLAB.NS,6555.990234375,272172,272172,https://finance.yahoo.com/quote/DIVISLAB.NS/
2025-07-23,Divi's Labs,DIVISLAB.NS,6595.6455078125,206835,206835,https://finance.yahoo.com/quote/DIVISLAB.NS/
2025-07-24,Divi's Labs,DIVISLAB.NS,6561.4423828125,183852,183852,https://finance.yahoo.com/quote/DIVISLAB.NS/
2025-07-25,Divi's Labs,DIVISLAB.NS,6589.32763671875,179064,179064,https://finance.yahoo.com/quote/DIVISLAB.NS/
2025-07-28,Divi's Labs,DIVISLAB.NS,6556.9609375,155158,155158,https://finance.yahoo.com/quote/DIVISLAB.NS/
2025-07-29,Divi's Labs,DIVISLAB.NS,6649.0810546875,207710,207710,https://finance.yahoo.com/quote/DIVISLAB.NS/
2025-07-30,Divi's Labs,DIVISLAB.NS,6622.68994140625,226974,226974,https://finance.yahoo.com/quote/DIVISLAB.NS/
2025-07-31,Divi's Labs,DIVISLAB.NS,6568.4140625,208301,208301,https://finance.yahoo.com/quote/DIVISLAB.NS/
2025-08-01,Divi's Labs,DIVISLAB.NS,6335.375,467222,467222,https://finance.yahoo.com/quote/DIVISLAB.NS/
2025-08-04,Divi's Labs,DIVISLAB.NS,6462.84912109375,351237,351237,https://finance.yahoo.com/quote/DIVISLAB.NS/
2025-08-05,Divi's Labs,DIVISLAB.NS,6382.6796875,377699,377699,https://finance.yahoo.com/quote/DIVISLAB.NS/
2025-08-06,Divi's Labs,DIVISLAB.NS,6108.31103515625,984259,984259,https://finance.yahoo.com/quote/DIVISLAB.NS/
2025-08-07,Divi's Labs,DIVISLAB.NS,6106.3193359375,1004420,1004420,https://finance.yahoo.com/quote/DIVISLAB.NS/
2025-08-08,Divi's Labs,DIVISLAB.NS,5890.21044921875,541367,541367,https://finance.yahoo.com/quote/DIVISLAB.NS/
2025-08-11,Divi's Labs,DIVISLAB.NS,5967.39208984375,677693,677693,https://finance.yahoo.com/quote/DIVISLAB.NS/
2025-08-12,Divi's Labs,DIVISLAB.NS,5936.51953125,477759,477759,https://finance.yahoo.com/quote/DIVISLAB.NS/
2025-08-13,Divi's Labs,DIVISLAB.NS,6075.44677734375,394932,394932,https://finance.yahoo.com/quote/DIVISLAB.NS/
2025-08-14,Divi's Labs,DIVISLAB.NS,6107.3154296875,407062,407062,https://finance.yahoo.com/quote/DIVISLAB.NS/
2025-08-18,Divi's Labs,DIVISLAB.NS,6139.18408203125,362833,362833,https://finance.yahoo.com/quote/DIVISLAB.NS/
2025-08-19,Divi's Labs,DIVISLAB.NS,6054.53271484375,246497,246497,https://finance.yahoo.com/quote/DIVISLAB.NS/
2025-08-20,Divi's Labs,DIVISLAB.NS,5980.3388671875,544008,544008,https://finance.yahoo.com/quote/DIVISLAB.NS/
2025-08-21,Divi's Labs,DIVISLAB.NS,6003.24462890625,219909,219909,https://finance.yahoo.com/quote/DIVISLAB.NS/
2025-08-22,Divi's Labs,DIVISLAB.NS,6126.2373046875,681524,681524,https://finance.yahoo.com/quote/DIVISLAB.NS/
2025-08-25,Divi's Labs,DIVISLAB.NS,6222.8388671875,439686,439686,https://finance.yahoo.com/quote/DIVISLAB.NS/
2025-08-26,Divi's Labs,DIVISLAB.NS,6165.0771484375,546739,546739,https://finance.yahoo.com/quote/DIVISLAB.NS/
2025-08-28,Divi's Labs,DIVISLAB.NS,6106.8173828125,415482,415482,https://finance.yahoo.com/quote/DIVISLAB.NS/
2025-08-29,Divi's Labs,DIVISLAB.NS,6106.3193359375,283850,283850,https://finance.yahoo.com/quote/DIVISLAB.NS/
2025-09-01,Divi's Labs,DIVISLAB.NS,6067.9775390625,192062,192062,https://finance.yahoo.com/quote/DIVISLAB.NS/
2025-09-02,Divi's Labs,DIVISLAB.NS,6095.36474609375,307162,307162,https://finance.yahoo.com/quote/DIVISLAB.NS/
2025-09-03,Divi's Labs,DIVISLAB.NS,6138.68603515625,281110,281110,https://finance.yahoo.com/quote/DIVISLAB.NS/
2025-09-04,Divi's Labs,DIVISLAB.NS,6108.31103515625,294429,294429,https://finance.yahoo.com/quote/DIVISLAB.NS/
2025-09-05,Divi's Labs,DIVISLAB.NS,5984.322265625,213926,213926,https://finance.yahoo.com/quote/DIVISLAB.NS/
2025-09-08,Divi's Labs,DIVISLAB.NS,6002.74658203125,519368,519368,https://finance.yahoo.com/quote/DIVISLAB.NS/
2025-09-09,Divi's Labs,DIVISLAB.NS,5977.84912109375,254569,254569,https://finance.yahoo.com/quote/DIVISLAB.NS/
2025-09-10,Divi's Labs,DIVISLAB.NS,6006.72998046875,810989,810989,https://finance.yahoo.com/quote/DIVISLAB.NS/
2025-09-11,Divi's Labs,DIVISLAB.NS,5990.7958984375,258301,258301,https://finance.yahoo.com/quote/DIVISLAB.NS/
2025-09-12,Divi's Labs,DIVISLAB.NS,6001.75048828125,487571,487571,https://finance.yahoo.com/quote/DIVISLAB.NS/
2025-09-15,Divi's Labs,DIVISLAB.NS,6032.12548828125,152355,152355,https://finance.yahoo.com/quote/DIVISLAB.NS/
2025-09-16,Divi's Labs,DIVISLAB.NS,6074.45068359375,285215,285215,https://finance.yahoo.com/quote/DIVISLAB.NS/
2025-09-17,Divi's Labs,DIVISLAB.NS,6026.64794921875,413995,413995,https://finance.yahoo.com/quote/DIVISLAB.NS/
2025-09-18,Divi's Labs,DIVISLAB.NS,6086.8994140625,480382,480382,https://finance.yahoo.com/quote/DIVISLAB.NS/
2025-09-19,Divi's Labs,DIVISLAB.NS,6174.5380859375,734989,734989,https://finance.yahoo.com/quote/DIVISLAB.NS/
2025-09-22,Divi's Labs,DIVISLAB.NS,6067.4794921875,290634,290634,https://finance.yahoo.com/quote/DIVISLAB.NS/
2025-09-23,Divi's Labs,DIVISLAB.NS,6026.14990234375,264356,264356,https://finance.yahoo.com/quote/DIVISLAB.NS/
2025-09-24,Divi's Labs,DIVISLAB.NS,5959.42529296875,253046,253046,https://finance.yahoo.com/quote/DIVISLAB.NS/
2025-09-25,Divi's Labs,DIVISLAB.NS,5872.7822265625,210498,210498,https://finance.yahoo.com/quote/DIVISLAB.NS/
2025-09-26,Divi's Labs,DIVISLAB.NS,5666.134765625,672699,672699,https://finance.yahoo.com/quote/DIVISLAB.NS/
2025-09-29,Divi's Labs,DIVISLAB.NS,5674.1015625,467714,467714,https://finance.yahoo.com/quote/DIVISLAB.NS/
2025-09-30,Divi's Labs,DIVISLAB.NS,5666.134765625,281179,281179,https://finance.yahoo.com/quote/DIVISLAB.NS/
2025-10-01,Divi's Labs,DIVISLAB.NS,5686.55029296875,721666,721666,https://finance.yahoo.com/quote/DIVISLAB.NS/
2025-10-03,Divi's Labs,DIVISLAB.NS,5841.90966796875,655087,655087,https://finance.yahoo.com/quote/DIVISLAB.NS/
2025-10-06,Divi's Labs,DIVISLAB.NS,5802.57177734375,196219,196219,https://finance.yahoo.com/quote/DIVISLAB.NS/
2025-10-07,Divi's Labs,DIVISLAB.NS,6079.43017578125,1024126,1024126,https://finance.yahoo.com/quote/DIVISLAB.NS/
2025-10-08,Divi's Labs,DIVISLAB.NS,6095.36474609375,874932,874932,https://finance.yahoo.com/quote/DIVISLAB.NS/
2025-10-09,Divi's Labs,DIVISLAB.NS,6106.8173828125,336390,336390,https://finance.yahoo.com/quote/DIVISLAB.NS/
2025-10-10,Divi's Labs,DIVISLAB.NS,6447.91064453125,1651908,1651908,https://finance.yahoo.com/quote/DIVISLAB.NS/
2025-10-13,Divi's Labs,DIVISLAB.NS,6529.076171875,905107,905107,https://finance.yahoo.com/quote/DIVISLAB.NS/
2025-10-14,Divi's Labs,DIVISLAB.NS,6534.0556640625,321275,321275,https://finance.yahoo.com/quote/DIVISLAB.NS/
2025-10-15,Divi's Labs,DIVISLAB.NS,6546.00634765625,462127,462127,https://finance.yahoo.com/quote/DIVISLAB.NS/
2025-10-16,Divi's Labs,DIVISLAB.NS,6573.3935546875,335444,335444,https://finance.yahoo.com/quote/DIVISLAB.NS/
2025-10-17,Divi's Labs,DIVISLAB.NS,6594.30712890625,302575,302575,https://finance.yahoo.com/quote/DIVISLAB.NS/
2025-10-20,Divi's Labs,DIVISLAB.NS,6576.87890625,368513,368513,https://finance.yahoo.com/quote/DIVISLAB.NS/
2025-10-21,Divi's Labs,DIVISLAB.NS,6559.94873046875,32977,32977,https://finance.yahoo.com/quote/DIVISLAB.NS/
2025-10-23,Divi's Labs,DIVISLAB.NS,6538.537109375,286780,286780,https://finance.yahoo.com/quote/DIVISLAB.NS/
2025-10-24,Divi's Labs,DIVISLAB.NS,6565.92431640625,250640,250640,https://finance.yahoo.com/quote/DIVISLAB.NS/
2025-10-27,Divi's Labs,DIVISLAB.NS,6463.34716796875,342190,342190,https://finance.yahoo.com/quote/DIVISLAB.NS/
2025-10-28,Divi's Labs,DIVISLAB.NS,6412.05859375,305957,305957,https://finance.yahoo.com/quote/DIVISLAB.NS/
2025-10-29,Divi's Labs,DIVISLAB.NS,6485.2568359375,325673,325673,https://finance.yahoo.com/quote/DIVISLAB.NS/
2025-10-30,Divi's Labs,DIVISLAB.NS,6627.66943359375,537064,537064,https://finance.yahoo.com/quote/DIVISLAB.NS/
2025-10-31,Divi's Labs,DIVISLAB.NS,6710.32861328125,507645,507645,https://finance.yahoo.com/quote/DIVISLAB.NS/
2025-11-03,Divi's Labs,DIVISLAB.NS,6776.0576171875,499591,499591,https://finance.yahoo.com/quote/DIVISLAB.NS/
2025-11-04,Divi's Labs,DIVISLAB.NS,6776.5556640625,801413,801413,https://finance.yahoo.com/quote/DIVISLAB.NS/
2025-11-06,Divi's Labs,DIVISLAB.NS,6855.23095703125,721954,721954,https://finance.yahoo.com/quote/DIVISLAB.NS/
2025-11-07,Divi's Labs,DIVISLAB.NS,6629.16357421875,855609,855609,https://finance.yahoo.com/quote/DIVISLAB.NS/
2025-11-10,Divi's Labs,DIVISLAB.NS,6664.01953125,418569,418569,https://finance.yahoo.com/quote/DIVISLAB.NS/
2025-11-11,Divi's Labs,DIVISLAB.NS,6512.64404296875,388972,388972,https://finance.yahoo.com/quote/DIVISLAB.NS/
2025-11-12,Divi's Labs,DIVISLAB.NS,6493.22412109375,476290,476290,https://finance.yahoo.com/quote/DIVISLAB.NS/
2025-11-13,Divi's Labs,DIVISLAB.NS,6566.421875,397401,397401,https://finance.yahoo.com/quote/DIVISLAB.NS/
2025-11-14,Divi's Labs,DIVISLAB.NS,6484.7587890625,147365,147365,https://finance.yahoo.com/quote/DIVISLAB.NS/
2025-11-17,Divi's Labs,DIVISLAB.NS,6491.72998046875,242726,242726,https://finance.yahoo.com/quote/DIVISLAB.NS/
2025-11-18,Divi's Labs,DIVISLAB.NS,6446.9150390625,162830,162830,https://finance.yahoo.com/quote/DIVISLAB.NS/
2025-11-19,Divi's Labs,DIVISLAB.NS,6427.4951171875,128134,128134,https://finance.yahoo.com/quote/DIVISLAB.NS/
2025-11-20,Divi's Labs,DIVISLAB.NS,6435.9599609375,114162,114162,https://finance.yahoo.com/quote/DIVISLAB.NS/
2025-11-21,Divi's Labs,DIVISLAB.NS,6346.82763671875,130843,130843,https://finance.yahoo.com/quote/DIVISLAB.NS/
2025-11-24,Divi's Labs,DIVISLAB.NS,6332.88525390625,393803,393803,https://finance.yahoo.com/quote/DIVISLAB.NS/
2025-11-25,Divi's Labs,DIVISLAB.NS,6385.66748046875,179873,179873,https://finance.yahoo.com/quote/DIVISLAB.NS/
2025-11-26,Divi's Labs,DIVISLAB.NS,6483.26513671875,126970,126970,https://finance.yahoo.com/quote/DIVISLAB.NS/
2025-11-27,Divi's Labs,DIVISLAB.NS,6463.84521484375,95681,95681,https://finance.yahoo.com/quote/DIVISLAB.NS/
2025-11-28,Divi's Labs,DIVISLAB.NS,6450.400390625,250130,250130,https://finance.yahoo.com/quote/DIVISLAB.NS/
2025-12-01,Divi's Labs,DIVISLAB.NS,6396.12451171875,100192,100192,https://finance.yahoo.com/quote/DIVISLAB.NS/
2025-12-02,Divi's Labs,DIVISLAB.NS,6391.14501953125,151910,151910,https://finance.yahoo.com/quote/DIVISLAB.NS/
2025-12-03,Divi's Labs,DIVISLAB.NS,6428.49072265625,278865,278865,https://finance.yahoo.com/quote/DIVISLAB.NS/
2025-12-04,Divi's Labs,DIVISLAB.NS,6442.43359375,200558,200558,https://finance.yahoo.com/quote/DIVISLAB.NS/
2025-12-05,Divi's Labs,DIVISLAB.NS,6446.9150390625,148911,148911,https://finance.yahoo.com/quote/DIVISLAB.NS/
2025-12-08,Divi's Labs,DIVISLAB.NS,6302.51025390625,179082,179082,https://finance.yahoo.com/quote/DIVISLAB.NS/
2025-12-09,Divi's Labs,DIVISLAB.NS,6268.15185546875,236524,236524,https://finance.yahoo.com/quote/DIVISLAB.NS/
2025-12-10,Divi's Labs,DIVISLAB.NS,6268.64990234375,270852,270852,https://finance.yahoo.com/quote/DIVISLAB.NS/
2025-12-11,Divi's Labs,DIVISLAB.NS,6403.59375,264850,264850,https://finance.yahoo.com/quote/DIVISLAB.NS/
2025-12-12,Divi's Labs,DIVISLAB.NS,6400.10791015625,128635,128635,https://finance.yahoo.com/quote/DIVISLAB.NS/
2025-12-15,Divi's Labs,DIVISLAB.NS,6321.43212890625,131176,131176,https://finance.yahoo.com/quote/DIVISLAB.NS/
2025-12-16,Divi's Labs,DIVISLAB.NS,6309.4814453125,169831,169831,https://finance.yahoo.com/quote/DIVISLAB.NS/
2025-12-17,Divi's Labs,DIVISLAB.NS,6267.15625,194825,194825,https://finance.yahoo.com/quote/DIVISLAB.NS/
2025-12-18,Divi's Labs,DIVISLAB.NS,6353.798828125,396678,396678,https://finance.yahoo.com/quote/DIVISLAB.NS/
2025-12-19,Divi's Labs,DIVISLAB.NS,6451.89453125,785205,785205,https://finance.yahoo.com/quote/DIVISLAB.NS/
2025-12-22,Divi's Labs,DIVISLAB.NS,6484.7587890625,255434,255434,https://finance.yahoo.com/quote/DIVISLAB.NS/
2025-12-23,Divi's Labs,DIVISLAB.NS,6449.90234375,192477,192477,https://finance.yahoo.com/quote/DIVISLAB.NS/
2025-12-24,Divi's Labs,DIVISLAB.NS,6469.8203125,252785,252785,https://finance.yahoo.com/quote/DIVISLAB.NS/
2025-12-26,Divi's Labs,DIVISLAB.NS,6401.10400390625,252704,252704,https://finance.yahoo.com/quote/DIVISLAB.NS/
2025-12-29,Divi's Labs,DIVISLAB.NS,6364.255859375,244981,244981,https://finance.yahoo.com/quote/DIVISLAB.NS/
2025-12-30,Divi's Labs,DIVISLAB.NS,6334.37890625,1927570,1927570,https://finance.yahoo.com/quote/DIVISLAB.NS/
2025-12-31,Divi's Labs,DIVISLAB.NS,6366.24755859375,273233,273233,https://finance.yahoo.com/quote/DIVISLAB.NS/
2026-01-01,Divi's Labs,DIVISLAB.NS,6317.94677734375,146473,146473,https://finance.yahoo.com/quote/DIVISLAB.NS/
2026-01-02,Divi's Labs,DIVISLAB.NS,6366.24755859375,108528,108528,https://finance.yahoo.com/quote/DIVISLAB.NS/
2026-01-05,Divi's Labs,DIVISLAB.NS,6337.36669921875,145454,145454,https://finance.yahoo.com/quote/DIVISLAB.NS/
2026-01-06,Divi's Labs,DIVISLAB.NS,6615.220703125,732441,732441,https://finance.yahoo.com/quote/DIVISLAB.NS/
2026-01-07,Divi's Labs,DIVISLAB.NS,6615.220703125,423884,423884,https://finance.yahoo.com/quote/DIVISLAB.NS/
2026-01-08,Divi's Labs,DIVISLAB.NS,6573.3935546875,331547,331547,https://finance.yahoo.com/quote/DIVISLAB.NS/
2026-01-09,Divi's Labs,DIVISLAB.NS,6589.32763671875,351042,351042,https://finance.yahoo.com/quote/DIVISLAB.NS/
2026-01-12,Divi's Labs,DIVISLAB.NS,6458.86572265625,665870,665870,https://finance.yahoo.com/quote/DIVISLAB.NS/
2026-01-13,Divi's Labs,DIVISLAB.NS,6410.06689453125,253726,253726,https://finance.yahoo.com/quote/DIVISLAB.NS/
2026-01-14,Divi's Labs,DIVISLAB.NS,6329.3994140625,524643,524643,https://finance.yahoo.com/quote/DIVISLAB.NS/
2026-01-15,Divi's Labs,DIVISLAB.NS,6329.3994140625,0,0,https://finance.yahoo.com/quote/DIVISLAB.NS/
2026-01-16,Divi's Labs,DIVISLAB.NS,6210.39013671875,409423,409423,https://finance.yahoo.com/quote/DIVISLAB.NS/
2026-01-19,Divi's Labs,DIVISLAB.NS,6114.78466796875,351743,351743,https://finance.yahoo.com/quote/DIVISLAB.NS/
2026-01-20,Divi's Labs,DIVISLAB.NS,5988.30615234375,204440,204440,https://finance.yahoo.com/quote/DIVISLAB.NS/
2026-01-21,Divi's Labs,DIVISLAB.NS,5985.318359375,324388,324388,https://finance.yahoo.com/quote/DIVISLAB.NS/
2026-01-22,Divi's Labs,DIVISLAB.NS,6046.06787109375,372206,372206,https://finance.yahoo.com/quote/DIVISLAB.NS/
2026-01-23,Divi's Labs,DIVISLAB.NS,5986.81201171875,460503,460503,https://finance.yahoo.com/quote/DIVISLAB.NS/
2026-01-27,Divi's Labs,DIVISLAB.NS,6031.12939453125,367912,367912,https://finance.yahoo.com/quote/DIVISLAB.NS/
2026-01-28,Divi's Labs,DIVISLAB.NS,6162.58740234375,335259,335259,https://finance.yahoo.com/quote/DIVISLAB.NS/
2026-01-29,Divi's Labs,DIVISLAB.NS,6016.19091796875,405502,405502,https://finance.yahoo.com/quote/DIVISLAB.NS/
2026-01-30,Divi's Labs,DIVISLAB.NS,6026.14990234375,347165,347165,https://finance.yahoo.com/quote/DIVISLAB.NS/
2026-02-02,Divi's Labs,DIVISLAB.NS,5928.0546875,400656,400656,https://finance.yahoo.com/quote/DIVISLAB.NS/
2026-02-03,Divi's Labs,DIVISLAB.NS,6183.5009765625,454227,454227,https://finance.yahoo.com/quote/DIVISLAB.NS/
2026-02-04,Divi's Labs,DIVISLAB.NS,6029.6357421875,327213,327213,https://finance.yahoo.com/quote/DIVISLAB.NS/
2026-02-05,Divi's Labs,DIVISLAB.NS,6116.2783203125,370561,370561,https://finance.yahoo.com/quote/DIVISLAB.NS/
2026-02-06,Divi's Labs,DIVISLAB.NS,5999.7587890625,433945,433945,https://finance.yahoo.com/quote/DIVISLAB.NS/
2026-02-09,Divi's Labs,DIVISLAB.NS,6088.3935546875,219396,219396,https://finance.yahoo.com/quote/DIVISLAB.NS/
2026-02-10,Divi's Labs,DIVISLAB.NS,6150.138671875,237887,237887,https://finance.yahoo.com/quote/DIVISLAB.NS/
2026-02-11,Divi's Labs,DIVISLAB.NS,6360.27197265625,1263189,1263189,https://finance.yahoo.com/quote/DIVISLAB.NS/
2026-02-12,Divi's Labs,DIVISLAB.NS,6159.599609375,1200795,1200795,https://finance.yahoo.com/quote/DIVISLAB.NS/
2026-02-13,Divi's Labs,DIVISLAB.NS,6143.16748046875,299364,299364,https://finance.yahoo.com/quote/DIVISLAB.NS/
2026-02-16,Divi's Labs,DIVISLAB.NS,6124.24560546875,175634,175634,https://finance.yahoo.com/quote/DIVISLAB.NS/
2026-02-17,Divi's Labs,DIVISLAB.NS,6162.08935546875,151261,151261,https://finance.yahoo.com/quote/DIVISLAB.NS/
2026-02-18,Divi's Labs,DIVISLAB.NS,6257.6953125,438670,438670,https://finance.yahoo.com/quote/DIVISLAB.NS/
2026-02-19,Divi's Labs,DIVISLAB.NS,6271.6376953125,185828,185828,https://finance.yahoo.com/quote/DIVISLAB.NS/
2026-02-20,Divi's Labs,DIVISLAB.NS,6265.16455078125,338573,338573,https://finance.yahoo.com/quote/DIVISLAB.NS/
2026-02-23,Divi's Labs,DIVISLAB.NS,6267.654296875,97285,97285,https://finance.yahoo.com/quote/DIVISLAB.NS/
2026-02-24,Divi's Labs,DIVISLAB.NS,6229.81005859375,92139,92139,https://finance.yahoo.com/quote/DIVISLAB.NS/
2026-02-25,Divi's Labs,DIVISLAB.NS,6369.2353515625,348440,348440,https://finance.yahoo.com/quote/DIVISLAB.NS/
2026-02-26,Divi's Labs,DIVISLAB.NS,6447.41259765625,392374,392374,https://finance.yahoo.com/quote/DIVISLAB.NS/
2026-02-27,Divi's Labs,DIVISLAB.NS,6382.181640625,466870,466870,https://finance.yahoo.com/quote/DIVISLAB.NS/
2026-03-02,Divi's Labs,DIVISLAB.NS,6377.2021484375,300339,300339,https://finance.yahoo.com/quote/DIVISLAB.NS/
2026-03-04,Divi's Labs,DIVISLAB.NS,6290.0615234375,369392,369392,https://finance.yahoo.com/quote/DIVISLAB.NS/
2026-03-05,Divi's Labs,DIVISLAB.NS,6338.3623046875,291293,291293,https://finance.yahoo.com/quote/DIVISLAB.NS/
2026-03-06,Divi's Labs,DIVISLAB.NS,6303.00830078125,269349,269349,https://finance.yahoo.com/quote/DIVISLAB.NS/
2026-03-09,Divi's Labs,DIVISLAB.NS,6304.00439453125,260778,260778,https://finance.yahoo.com/quote/DIVISLAB.NS/
2026-03-10,Divi's Labs,DIVISLAB.NS,6345.83154296875,298252,298252,https://finance.yahoo.com/quote/DIVISLAB.NS/
2026-03-11,Divi's Labs,DIVISLAB.NS,6326.41162109375,254117,254117,https://finance.yahoo.com/quote/DIVISLAB.NS/
2026-03-12,Divi's Labs,DIVISLAB.NS,6256.201171875,153876,153876,https://finance.yahoo.com/quote/DIVISLAB.NS/
2026-03-13,Divi's Labs,DIVISLAB.NS,6046.06787109375,200936,200936,https://finance.yahoo.com/quote/DIVISLAB.NS/
2026-03-16,Divi's Labs,DIVISLAB.NS,6046.06787109375,282845,282845,https://finance.yahoo.com/quote/DIVISLAB.NS/
2026-03-17,Divi's Labs,DIVISLAB.NS,6061.50439453125,183604,183604,https://finance.yahoo.com/quote/DIVISLAB.NS/
2026-03-18,Divi's Labs,DIVISLAB.NS,6114.78466796875,180112,180112,https://finance.yahoo.com/quote/DIVISLAB.NS/
2026-03-19,Divi's Labs,DIVISLAB.NS,5947.97216796875,122495,122495,https://finance.yahoo.com/quote/DIVISLAB.NS/
2026-03-20,Divi's Labs,DIVISLAB.NS,6074.94873046875,283471,283471,https://finance.yahoo.com/quote/DIVISLAB.NS/
2026-03-23,Divi's Labs,DIVISLAB.NS,5988.80419921875,227221,227221,https://finance.yahoo.com/quote/DIVISLAB.NS/
2026-03-24,Divi's Labs,DIVISLAB.NS,6001.25244140625,228968,228968,https://finance.yahoo.com/quote/DIVISLAB.NS/
2026-03-25,Divi's Labs,DIVISLAB.NS,5989.7998046875,250204,250204,https://finance.yahoo.com/quote/DIVISLAB.NS/
2026-03-27,Divi's Labs,DIVISLAB.NS,5972.86962890625,540647,540647,https://finance.yahoo.com/quote/DIVISLAB.NS/
2026-03-30,Divi's Labs,DIVISLAB.NS,5922.5771484375,492229,492229,https://finance.yahoo.com/quote/DIVISLAB.NS/
2026-04-01,Divi's Labs,DIVISLAB.NS,5882.24365234375,546653,546653,https://finance.yahoo.com/quote/DIVISLAB.NS/
2026-04-02,Divi's Labs,DIVISLAB.NS,5832.44873046875,513534,513534,https://finance.yahoo.com/quote/DIVISLAB.NS/
2026-04-06,Divi's Labs,DIVISLAB.NS,5797.0947265625,346192,346192,https://finance.yahoo.com/quote/DIVISLAB.NS/
2026-04-07,Divi's Labs,DIVISLAB.NS,5825.9755859375,347412,347412,https://finance.yahoo.com/quote/DIVISLAB.NS/
2026-04-08,Divi's Labs,DIVISLAB.NS,5857.84423828125,302280,302280,https://finance.yahoo.com/quote/DIVISLAB.NS/
2026-04-09,Divi's Labs,DIVISLAB.NS,5928.0546875,237284,237284,https://finance.yahoo.com/quote/DIVISLAB.NS/
2026-04-10,Divi's Labs,DIVISLAB.NS,6091.380859375,334871,334871,https://finance.yahoo.com/quote/DIVISLAB.NS/
2026-04-13,Divi's Labs,DIVISLAB.NS,6045.07177734375,211392,211392,https://finance.yahoo.com/quote/DIVISLAB.NS/
2026-04-15,Divi's Labs,DIVISLAB.NS,6152.13037109375,251355,251355,https://finance.yahoo.com/quote/DIVISLAB.NS/
2026-04-16,Divi's Labs,DIVISLAB.NS,6267.654296875,350424,350424,https://finance.yahoo.com/quote/DIVISLAB.NS/
2026-04-17,Divi's Labs,DIVISLAB.NS,6203.4189453125,169295,169295,https://finance.yahoo.com/quote/DIVISLAB.NS/
2026-04-20,Divi's Labs,DIVISLAB.NS,6254.20947265625,208547,208547,https://finance.yahoo.com/quote/DIVISLAB.NS/
2026-04-21,Divi's Labs,DIVISLAB.NS,6260.18505859375,242433,242433,https://finance.yahoo.com/quote/DIVISLAB.NS/
2026-04-22,Divi's Labs,DIVISLAB.NS,6259.68701171875,226547,226547,https://finance.yahoo.com/quote/DIVISLAB.NS/
2026-04-23,Divi's Labs,DIVISLAB.NS,6352.30517578125,405157,405157,https://finance.yahoo.com/quote/DIVISLAB.NS/
2026-04-24,Divi's Labs,DIVISLAB.NS,6335.375,316970,316970,https://finance.yahoo.com/quote/DIVISLAB.NS/
2026-04-27,Divi's Labs,DIVISLAB.NS,6450.400390625,289657,289657,https://finance.yahoo.com/quote/DIVISLAB.NS/
2026-04-28,Divi's Labs,DIVISLAB.NS,6406.08349609375,271770,271770,https://finance.yahoo.com/quote/DIVISLAB.NS/
2026-04-29,Divi's Labs,DIVISLAB.NS,6507.16650390625,324770,324770,https://finance.yahoo.com/quote/DIVISLAB.NS/
2026-04-30,Divi's Labs,DIVISLAB.NS,6475.7958984375,379741,379741,https://finance.yahoo.com/quote/DIVISLAB.NS/
2026-05-04,Divi's Labs,DIVISLAB.NS,6592.3154296875,371945,371945,https://finance.yahoo.com/quote/DIVISLAB.NS/
2026-05-05,Divi's Labs,DIVISLAB.NS,6623.68603515625,195449,195449,https://finance.yahoo.com/quote/DIVISLAB.NS/
2026-05-06,Divi's Labs,DIVISLAB.NS,6674.4765625,314250,314250,https://finance.yahoo.com/quote/DIVISLAB.NS/
2026-05-07,Divi's Labs,DIVISLAB.NS,6674.974609375,330052,330052,https://finance.yahoo.com/quote/DIVISLAB.NS/
2026-05-08,Divi's Labs,DIVISLAB.NS,6682.94140625,155071,155071,https://finance.yahoo.com/quote/DIVISLAB.NS/
2026-05-11,Divi's Labs,DIVISLAB.NS,6686.42724609375,196830,196830,https://finance.yahoo.com/quote/DIVISLAB.NS/
2026-05-12,Divi's Labs,DIVISLAB.NS,6616.71484375,156166,156166,https://finance.yahoo.com/quote/DIVISLAB.NS/
2026-05-13,Divi's Labs,DIVISLAB.NS,6768.09033203125,513807,513807,https://finance.yahoo.com/quote/DIVISLAB.NS/
2026-05-14,Divi's Labs,DIVISLAB.NS,6893.0751953125,424282,424282,https://finance.yahoo.com/quote/DIVISLAB.NS/
2026-05-15,Divi's Labs,DIVISLAB.NS,6732.736328125,321270,321270,https://finance.yahoo.com/quote/DIVISLAB.NS/
2026-05-18,Divi's Labs,DIVISLAB.NS,6806.93017578125,340352,340352,https://finance.yahoo.com/quote/DIVISLAB.NS/
2026-05-19,Divi's Labs,DIVISLAB.NS,6883.6142578125,322081,322081,https://finance.yahoo.com/quote/DIVISLAB.NS/
2026-05-20,Divi's Labs,DIVISLAB.NS,6864.69189453125,957736,957736,https://finance.yahoo.com/quote/DIVISLAB.NS/
2026-05-21,Divi's Labs,DIVISLAB.NS,6829.8359375,151586,151586,https://finance.yahoo.com/quote/DIVISLAB.NS/
2026-05-22,Divi's Labs,DIVISLAB.NS,6858.716796875,354149,354149,https://finance.yahoo.com/quote/DIVISLAB.NS/
2026-05-25,Divi's Labs,DIVISLAB.NS,6728.75244140625,874049,874049,https://finance.yahoo.com/quote/DIVISLAB.NS/
2026-05-26,Divi's Labs,DIVISLAB.NS,6725.26708984375,309440,309440,https://finance.yahoo.com/quote/DIVISLAB.NS/
2026-05-27,Divi's Labs,DIVISLAB.NS,6769.58447265625,155051,155051,https://finance.yahoo.com/quote/DIVISLAB.NS/
2026-05-28,Divi's Labs,DIVISLAB.NS,6769.58447265625,0,0,https://finance.yahoo.com/quote/DIVISLAB.NS/
2026-05-29,Divi's Labs,DIVISLAB.NS,6639.6201171875,612037,612037,https://finance.yahoo.com/quote/DIVISLAB.NS/
2026-06-01,Divi's Labs,DIVISLAB.NS,6526.58642578125,125379,125379,https://finance.yahoo.com/quote/DIVISLAB.NS/
2026-06-02,Divi's Labs,DIVISLAB.NS,6506.17041015625,362800,362800,https://finance.yahoo.com/quote/DIVISLAB.NS/
2026-06-03,Divi's Labs,DIVISLAB.NS,6549.49169921875,563313,563313,https://finance.yahoo.com/quote/DIVISLAB.NS/
2026-06-04,Divi's Labs,DIVISLAB.NS,6569.40966796875,347823,347823,https://finance.yahoo.com/quote/DIVISLAB.NS/
2026-06-05,Divi's Labs,DIVISLAB.NS,6595.80078125,200964,200964,https://finance.yahoo.com/quote/DIVISLAB.NS/
2026-06-08,Divi's Labs,DIVISLAB.NS,6494.2197265625,456406,456406,https://finance.yahoo.com/quote/DIVISLAB.NS/
2026-06-09,Divi's Labs,DIVISLAB.NS,6725.26708984375,912179,912179,https://finance.yahoo.com/quote/DIVISLAB.NS/
2026-06-10,Divi's Labs,DIVISLAB.NS,6611.2373046875,405743,405743,https://finance.yahoo.com/quote/DIVISLAB.NS/
2026-06-11,Divi's Labs,DIVISLAB.NS,6628.16748046875,228572,228572,https://finance.yahoo.com/quote/DIVISLAB.NS/
2026-06-12,Divi's Labs,DIVISLAB.NS,6610.7392578125,162810,162810,https://finance.yahoo.com/quote/DIVISLAB.NS/
2026-06-15,Divi's Labs,DIVISLAB.NS,6581.3603515625,196206,196206,https://finance.yahoo.com/quote/DIVISLAB.NS/
2026-06-16,Divi's Labs,DIVISLAB.NS,6684.93359375,329248,329248,https://finance.yahoo.com/quote/DIVISLAB.NS/
2026-06-17,Divi's Labs,DIVISLAB.NS,6636.134765625,256856,256856,https://finance.yahoo.com/quote/DIVISLAB.NS/
2026-06-18,Divi's Labs,DIVISLAB.NS,6739.20947265625,411896,411896,https://finance.yahoo.com/quote/DIVISLAB.NS/
2026-06-19,Divi's Labs,DIVISLAB.NS,6715.30810546875,372371,372371,https://finance.yahoo.com/quote/DIVISLAB.NS/
2026-06-22,Divi's Labs,DIVISLAB.NS,6759.62548828125,232409,232409,https://finance.yahoo.com/quote/DIVISLAB.NS/
2026-06-23,Divi's Labs,DIVISLAB.NS,6719.29150390625,295302,295302,https://finance.yahoo.com/quote/DIVISLAB.NS/
2026-06-24,Divi's Labs,DIVISLAB.NS,6725.76513671875,252591,252591,https://finance.yahoo.com/quote/DIVISLAB.NS/
2026-06-25,Divi's Labs,DIVISLAB.NS,6685.92919921875,222828,222828,https://finance.yahoo.com/quote/DIVISLAB.NS/
2026-06-26,Divi's Labs,DIVISLAB.NS,6685.92919921875,0,0,https://finance.yahoo.com/quote/DIVISLAB.NS/
2026-06-29,Divi's Labs,DIVISLAB.NS,6530.56982421875,474515,474515,https://finance.yahoo.com/quote/DIVISLAB.NS/
2026-06-30,Divi's Labs,DIVISLAB.NS,6551.9814453125,577958,577958,https://finance.yahoo.com/quote/DIVISLAB.NS/
2026-07-01,Divi's Labs,DIVISLAB.NS,6518.619140625,323984,323984,https://finance.yahoo.com/quote/DIVISLAB.NS/
2026-07-02,Divi's Labs,DIVISLAB.NS,6655.056640625,344354,344354,https://finance.yahoo.com/quote/DIVISLAB.NS/
2026-07-03,Divi's Labs,DIVISLAB.NS,6729.25048828125,382822,382822,https://finance.yahoo.com/quote/DIVISLAB.NS/
2026-07-06,Divi's Labs,DIVISLAB.NS,6829.337890625,402108,402108,https://finance.yahoo.com/quote/DIVISLAB.NS/
2026-07-07,Divi's Labs,DIVISLAB.NS,6743.69091796875,448472,448472,https://finance.yahoo.com/quote/DIVISLAB.NS/
2026-07-08,Divi's Labs,DIVISLAB.NS,6727.2587890625,358137,358137,https://finance.yahoo.com/quote/DIVISLAB.NS/
2026-07-09,Divi's Labs,DIVISLAB.NS,6785.0205078125,356468,356468,https://finance.yahoo.com/quote/DIVISLAB.NS/
2026-07-10,Divi's Labs,DIVISLAB.NS,6807.92626953125,222860,222860,https://finance.yahoo.com/quote/DIVISLAB.NS/
2026-07-13,Divi's Labs,DIVISLAB.NS,6910.00537109375,274183,274183,https://finance.yahoo.com/quote/DIVISLAB.NS/
2026-07-14,Divi's Labs,DIVISLAB.NS,7158.978515625,1093244,1093244,https://finance.yahoo.com/quote/DIVISLAB.NS/
2026-07-15,Divi's Labs,DIVISLAB.NS,7243.13134765625,726479,726479,https://finance.yahoo.com/quote/DIVISLAB.NS/
2026-07-16,Divi's Labs,DIVISLAB.NS,7285.955078125,668484,668484,https://finance.yahoo.com/quote/DIVISLAB.NS/
2026-07-17,Divi's Labs,DIVISLAB.NS,7217.736328125,455060,455060,https://finance.yahoo.com/quote/DIVISLAB.NS/
2026-07-20,Divi's Labs,DIVISLAB.NS,7287.94677734375,434480,434480,https://finance.yahoo.com/quote/DIVISLAB.NS/
2026-07-21,Divi's Labs,DIVISLAB.NS,7299.8974609375,179558,179558,https://finance.yahoo.com/quote/DIVISLAB.NS/
2026-07-22,Divi's Labs,DIVISLAB.NS,7356.16552734375,371324,371324,https://finance.yahoo.com/quote/DIVISLAB.NS/
2026-07-23,Divi's Labs,DIVISLAB.NS,7275.0,246545,246545,https://finance.yahoo.com/quote/DIVISLAB.NS/
2026-07-24,Divi's Labs,DIVISLAB.NS,7248.5,328948,328948,https://finance.yahoo.com/quote/DIVISLAB.NS/
2026-07-27,Divi's Labs,DIVISLAB.NS,7414.0,544701,544701,https://finance.yahoo.com/quote/DIVISLAB.NS/
2026-07-28,Divi's Labs,DIVISLAB.NS,7425.0,410385,410385,https://finance.yahoo.com/quote/DIVISLAB.NS/
2026-07-29,Divi's Labs,DIVISLAB.NS,7784.5,1158131,1158131,https://finance.yahoo.com/quote/DIVISLAB.NS/
2026-07-30,Divi's Labs,DIVISLAB.NS,7835.0,651446,651446,https://finance.yahoo.com/quote/DIVISLAB.NS/
2026-07-31,Divi's Labs,DIVISLAB.NS,8056.0,793919,793919,https://finance.yahoo.com/quote/DIVISLAB.NS/
2026-08-03,Divi's Labs,DIVISLAB.NS,8585.0,1798150,1798150,https://finance.yahoo.com/quote/DIVISLAB.NS/
2026-08-04,Divi's Labs,DIVISLAB.NS,8378.0,970329,970329,https://finance.yahoo.com/quote/DIVISLAB.NS/
2026-08-05,Divi's Labs,DIVISLAB.NS,8388.0,316801,316801,https://finance.yahoo.com/quote/DIVISLAB.NS/
2026-08-06,Divi's Labs,DIVISLAB.NS,8349.0,327434,327434,https://finance.yahoo.com/quote/DIVISLAB.NS/
2026-08-07,Divi's Labs,DIVISLAB.NS,8275.0,256657,256657,https://finance.yahoo.com/quote/DIVISLAB.NS/
2026-08-10,Divi's Labs,DIVISLAB.NS,8300.0,379960,379960,https://finance.yahoo.com/quote/DIVISLAB.NS/
2026-08-11,Divi's Labs,DIVISLAB.NS,8578.5,603820,603820,https://finance.yahoo.com/quote/DIVISLAB.NS/
2026-08-12,Divi's Labs,DIVISLAB.NS,8600.0,559195,559195,https://finance.yahoo.com/quote/DIVISLAB.NS/
2026-08-13,Divi's Labs,DIVISLAB.NS,8500.0,344131,344131,https://finance.yahoo.com/quote/DIVISLAB.NS/
2026-08-14,Divi's Labs,DIVISLAB.NS,8477.0,340336,340336,https://finance.yahoo.com/quote/DIVISLAB.NS/
2026-08-17,Divi's Labs,DIVISLAB.NS,8481.5,252029,252029,https://finance.yahoo.com/quote/DIVISLAB.NS/
2026-08-18,Divi's Labs,DIVISLAB.NS,8588.0,404163,404163,https://finance.yahoo.com/quote/DIVISLAB.NS/
2026-08-19,Divi's Labs,DIVISLAB.NS,8560.0,179152,179152,https://finance.yahoo.com/quote/DIVISLAB.NS/
2026-08-20,Divi's Labs,DIVISLAB.NS,8570.0,198190,198190,https://finance.yahoo.com/quote/DIVISLAB.NS/
2026-08-21,Divi's Labs,DIVISLAB.NS,8597.0,180697,180697,https://finance.yahoo.com/quote/DIVISLAB.NS/
2026-08-24,Divi's Labs,DIVISLAB.NS,8496.0,251013,251013,https://finance.yahoo.com/quote/DIVISLAB.NS/
2026-08-25,Divi's Labs,DIVISLAB.NS,8744.5,563721,563721,https://finance.yahoo.com/quote/DIVISLAB.NS/
2026-08-26,Divi's Labs,DIVISLAB.NS,9025.0,708128,708128,https://finance.yahoo.com/quote/DIVISLAB.NS/
2026-08-27,Divi's Labs,DIVISLAB.NS,9060.0,527307,527307,https://finance.yahoo.com/quote/DIVISLAB.NS/
2026-08-28,Divi's Labs,DIVISLAB.NS,9239.0,773225,773225,https://finance.yahoo.com/quote/DIVISLAB.NS/
2026-08-31,Divi's Labs,DIVISLAB.NS,9467.0,680805,680805,https://finance.yahoo.com/quote/DIVISLAB.NS/
2026-09-01,Divi's Labs,DIVISLAB.NS,9165.0,485620,485620,https://finance.yahoo.com/quote/DIVISLAB.NS/
2026-09-02,Divi's Labs,DIVISLAB.NS,9220.0,403619,403619,https://finance.yahoo.com/quote/DIVISLAB.NS/
2026-09-03,Divi's Labs,DIVISLAB.NS,9250.0,497269,497269,https://finance.yahoo.com/quote/DIVISLAB.NS/
2026-09-04,Divi's Labs,DIVISLAB.NS,9100.0,250202,250202,https://finance.yahoo.com/quote/DIVISLAB.NS/
2026-09-07,Divi's Labs,DIVISLAB.NS,9315.0,502162,502162,https://finance.yahoo.com/quote/DIVISLAB.NS/
2026-09-08,Divi's Labs,DIVISLAB.NS,9575.0,838906,838906,https://finance.yahoo.com/quote/DIVISLAB.NS/
2026-09-09,Divi's Labs,DIVISLAB.NS,9488.0,385273,385273,https://finance.yahoo.com/quote/DIVISLAB.NS/
2026-09-10,Divi's Labs,DIVISLAB.NS,9438.5,338181,338181,https://finance.yahoo.com/quote/DIVISLAB.NS/
2026-09-11,Divi's Labs,DIVISLAB.NS,9322.0,516756,516756,https://finance.yahoo.com/quote/DIVISLAB.NS/
2026-09-14,Divi's Labs,DIVISLAB.NS,9322.0,0,0,https://finance.yahoo.com/quote/DIVISLAB.NS/
2026-09-15,Divi's Labs,DIVISLAB.NS,9198.0,380826,380826,https://finance.yahoo.com/quote/DIVISLAB.NS/
2026-09-16,Divi's Labs,DIVISLAB.NS,9158.0,878300,878300,https://finance.yahoo.com/quote/DIVISLAB.NS/
2026-09-17,Divi's Labs,DIVISLAB.NS,9323.0,494167,494167,https://finance.yahoo.com/quote/DIVISLAB.NS/
2026-09-18,Divi's Labs,DIVISLAB.NS,9375.0,691534,691534,https://finance.yahoo.com/quote/DIVISLAB.NS/
2026-09-21,Divi's Labs,DIVISLAB.NS,9410.5,380343,380343,https://finance.yahoo.com/quote/DIVISLAB.NS/
2026-09-22,Divi's Labs,DIVISLAB.NS,9352.0,293688,293688,https://finance.yahoo.com/quote/DIVISLAB.NS/
2026-09-23,Divi's Labs,DIVISLAB.NS,9624.0,489382,489382,https://finance.yahoo.com/quote/DIVISLAB.NS/
2026-09-24,Divi's Labs,DIVISLAB.NS,9602.0,666667,666667,https://finance.yahoo.com/quote/DIVISLAB.NS/
2026-09-25,Divi's Labs,DIVISLAB.NS,9619.5,388859,388859,https://finance.yahoo.com/quote/DIVISLAB.NS/
2026-09-28,Divi's Labs,DIVISLAB.NS,9550.0,380253,380253,https://finance.yahoo.com/quote/DIVISLAB.NS/
2026-09-29,Divi's Labs,DIVISLAB.NS,9431.0,652089,652089,https://finance.yahoo.com/quote/DIVISLAB.NS/
2026-09-30,Divi's Labs,DIVISLAB.NS,9291.5,541269,541269,https://finance.yahoo.com/quote/DIVISLAB.NS/
2026-10-01,Divi's Labs,DIVISLAB.NS,9249.0,567310,567310,https://finance.yahoo.com/quote/DIVISLAB.NS/
2025-04-02,Dr. Reddy's,DRREDDY.NS,1135.55126953125,2071245,2071245,https://finance.yahoo.com/quote/DRREDDY.NS/
2025-04-03,Dr. Reddy's,DRREDDY.NS,1136.98291015625,6324685,6324685,https://finance.yahoo.com/quote/DRREDDY.NS/
2025-04-04,Dr. Reddy's,DRREDDY.NS,1096.0042724609375,5423861,5423861,https://finance.yahoo.com/quote/DRREDDY.NS/
2025-04-07,Dr. Reddy's,DRREDDY.NS,1074.2314453125,3888037,3888037,https://finance.yahoo.com/quote/DRREDDY.NS/
2025-04-08,Dr. Reddy's,DRREDDY.NS,1094.029541015625,1577632,1577632,https://finance.yahoo.com/quote/DRREDDY.NS/
2025-04-09,Dr. Reddy's,DRREDDY.NS,1080.30419921875,5511474,5511474,https://finance.yahoo.com/quote/DRREDDY.NS/
2025-04-11,Dr. Reddy's,DRREDDY.NS,1095.56005859375,2740831,2740831,https://finance.yahoo.com/quote/DRREDDY.NS/
2025-04-15,Dr. Reddy's,DRREDDY.NS,1140.3896484375,2683350,2683350,https://finance.yahoo.com/quote/DRREDDY.NS/
2025-04-16,Dr. Reddy's,DRREDDY.NS,1143.845703125,1451875,1451875,https://finance.yahoo.com/quote/DRREDDY.NS/
2025-04-17,Dr. Reddy's,DRREDDY.NS,1148.9803466796875,2788024,2788024,https://finance.yahoo.com/quote/DRREDDY.NS/
2025-04-21,Dr. Reddy's,DRREDDY.NS,1162.60693359375,1938756,1938756,https://finance.yahoo.com/quote/DRREDDY.NS/
2025-04-22,Dr. Reddy's,DRREDDY.NS,1160.237060546875,1313400,1313400,https://finance.yahoo.com/quote/DRREDDY.NS/
2025-04-23,Dr. Reddy's,DRREDDY.NS,1171.098876953125,3192132,3192132,https://finance.yahoo.com/quote/DRREDDY.NS/
2025-04-24,Dr. Reddy's,DRREDDY.NS,1185.416748046875,4819678,4819678,https://finance.yahoo.com/quote/DRREDDY.NS/
2025-04-25,Dr. Reddy's,DRREDDY.NS,1160.0396728515625,1286573,1286573,https://finance.yahoo.com/quote/DRREDDY.NS/
2025-04-28,Dr. Reddy's,DRREDDY.NS,1183.6392822265625,1236678,1236678,https://finance.yahoo.com/quote/DRREDDY.NS/
2025-04-29,Dr. Reddy's,DRREDDY.NS,1161.224609375,1663018,1663018,https://finance.yahoo.com/quote/DRREDDY.NS/
2025-04-30,Dr. Reddy's,DRREDDY.NS,1169.0252685546875,1604442,1604442,https://finance.yahoo.com/quote/DRREDDY.NS/
2025-05-02,Dr. Reddy's,DRREDDY.NS,1163.1007080078125,910973,910973,https://finance.yahoo.com/quote/DRREDDY.NS/
2025-05-05,Dr. Reddy's,DRREDDY.NS,1156.5836181640625,1893680,1893680,https://finance.yahoo.com/quote/DRREDDY.NS/
2025-05-06,Dr. Reddy's,DRREDDY.NS,1145.820556640625,1990745,1990745,https://finance.yahoo.com/quote/DRREDDY.NS/
2025-05-07,Dr. Reddy's,DRREDDY.NS,1146.1168212890625,1421366,1421366,https://finance.yahoo.com/quote/DRREDDY.NS/
2025-05-08,Dr. Reddy's,DRREDDY.NS,1133.5762939453125,2616533,2616533,https://finance.yahoo.com/quote/DRREDDY.NS/
2025-05-09,Dr. Reddy's,DRREDDY.NS,1141.3770751953125,1248574,1248574,https://finance.yahoo.com/quote/DRREDDY.NS/
2025-05-12,Dr. Reddy's,DRREDDY.NS,1180.5782470703125,5065176,5065176,https://finance.yahoo.com/quote/DRREDDY.NS/
2025-05-13,Dr. Reddy's,DRREDDY.NS,1191.9337158203125,3134295,3134295,https://finance.yahoo.com/quote/DRREDDY.NS/
2025-05-14,Dr. Reddy's,DRREDDY.NS,1204.671630859375,1197152,1197152,https://finance.yahoo.com/quote/DRREDDY.NS/
2025-05-15,Dr. Reddy's,DRREDDY.NS,1220.7669677734375,2053553,2053553,https://finance.yahoo.com/quote/DRREDDY.NS/
2025-05-16,Dr. Reddy's,DRREDDY.NS,1215.2373046875,882873,882873,https://finance.yahoo.com/quote/DRREDDY.NS/
2025-05-19,Dr. Reddy's,DRREDDY.NS,1203.684326171875,2235758,2235758,https://finance.yahoo.com/quote/DRREDDY.NS/
2025-05-20,Dr. Reddy's,DRREDDY.NS,1208.81884765625,1385750,1385750,https://finance.yahoo.com/quote/DRREDDY.NS/
2025-05-21,Dr. Reddy's,DRREDDY.NS,1209.3126220703125,2615092,2615092,https://finance.yahoo.com/quote/DRREDDY.NS/
2025-05-22,Dr. Reddy's,DRREDDY.NS,1206.8441162109375,2260610,2260610,https://finance.yahoo.com/quote/DRREDDY.NS/
2025-05-23,Dr. Reddy's,DRREDDY.NS,1214.644775390625,734297,734297,https://finance.yahoo.com/quote/DRREDDY.NS/
2025-05-26,Dr. Reddy's,DRREDDY.NS,1225.30908203125,985434,985434,https://finance.yahoo.com/quote/DRREDDY.NS/
2025-05-27,Dr. Reddy's,DRREDDY.NS,1227.5802001953125,1145000,1145000,https://finance.yahoo.com/quote/DRREDDY.NS/
2025-05-28,Dr. Reddy's,DRREDDY.NS,1226.98779296875,766968,766968,https://finance.yahoo.com/quote/DRREDDY.NS/
2025-05-29,Dr. Reddy's,DRREDDY.NS,1232.5174560546875,1791885,1791885,https://finance.yahoo.com/quote/DRREDDY.NS/
2025-05-30,Dr. Reddy's,DRREDDY.NS,1235.479736328125,3161983,3161983,https://finance.yahoo.com/quote/DRREDDY.NS/
2025-06-02,Dr. Reddy's,DRREDDY.NS,1232.0235595703125,1139977,1139977,https://finance.yahoo.com/quote/DRREDDY.NS/
2025-06-03,Dr. Reddy's,DRREDDY.NS,1232.6162109375,811620,811620,https://finance.yahoo.com/quote/DRREDDY.NS/
2025-06-04,Dr. Reddy's,DRREDDY.NS,1236.1708984375,1387633,1387633,https://finance.yahoo.com/quote/DRREDDY.NS/
2025-06-05,Dr. Reddy's,DRREDDY.NS,1274.384765625,3834672,3834672,https://finance.yahoo.com/quote/DRREDDY.NS/
2025-06-06,Dr. Reddy's,DRREDDY.NS,1304.303955078125,2158757,2158757,https://finance.yahoo.com/quote/DRREDDY.NS/
2025-06-09,Dr. Reddy's,DRREDDY.NS,1302.5264892578125,1227356,1227356,https://finance.yahoo.com/quote/DRREDDY.NS/
2025-06-10,Dr. Reddy's,DRREDDY.NS,1331.853515625,3022355,3022355,https://finance.yahoo.com/quote/DRREDDY.NS/
2025-06-11,Dr. Reddy's,DRREDDY.NS,1334.12451171875,1094247,1094247,https://finance.yahoo.com/quote/DRREDDY.NS/
2025-06-12,Dr. Reddy's,DRREDDY.NS,1345.578857421875,2625058,2625058,https://finance.yahoo.com/quote/DRREDDY.NS/
2025-06-13,Dr. Reddy's,DRREDDY.NS,1345.38134765625,1419556,1419556,https://finance.yahoo.com/quote/DRREDDY.NS/
2025-06-16,Dr. Reddy's,DRREDDY.NS,1329.8785400390625,1294663,1294663,https://finance.yahoo.com/quote/DRREDDY.NS/
2025-06-17,Dr. Reddy's,DRREDDY.NS,1302.23046875,1649457,1649457,https://finance.yahoo.com/quote/DRREDDY.NS/
2025-06-18,Dr. Reddy's,DRREDDY.NS,1296.799560546875,728945,728945,https://finance.yahoo.com/quote/DRREDDY.NS/
2025-06-19,Dr. Reddy's,DRREDDY.NS,1309.4385986328125,1654212,1654212,https://finance.yahoo.com/quote/DRREDDY.NS/
2025-06-20,Dr. Reddy's,DRREDDY.NS,1308.648681640625,1843895,1843895,https://finance.yahoo.com/quote/DRREDDY.NS/
2025-06-23,Dr. Reddy's,DRREDDY.NS,1301.3416748046875,843945,843945,https://finance.yahoo.com/quote/DRREDDY.NS/
2025-06-24,Dr. Reddy's,DRREDDY.NS,1320.498046875,1011128,1011128,https://finance.yahoo.com/quote/DRREDDY.NS/
2025-06-25,Dr. Reddy's,DRREDDY.NS,1324.743896484375,833145,833145,https://finance.yahoo.com/quote/DRREDDY.NS/
2025-06-26,Dr. Reddy's,DRREDDY.NS,1304.8963623046875,2373431,2373431,https://finance.yahoo.com/quote/DRREDDY.NS/
2025-06-27,Dr. Reddy's,DRREDDY.NS,1284.654052734375,1770595,1770595,https://finance.yahoo.com/quote/DRREDDY.NS/
2025-06-30,Dr. Reddy's,DRREDDY.NS,1267.176513671875,2224279,2224279,https://finance.yahoo.com/quote/DRREDDY.NS/
2025-07-01,Dr. Reddy's,DRREDDY.NS,1260.758056640625,1851442,1851442,https://finance.yahoo.com/quote/DRREDDY.NS/
2025-07-02,Dr. Reddy's,DRREDDY.NS,1254.83349609375,2027306,2027306,https://finance.yahoo.com/quote/DRREDDY.NS/
2025-07-03,Dr. Reddy's,DRREDDY.NS,1275.0760498046875,1918977,1918977,https://finance.yahoo.com/quote/DRREDDY.NS/
2025-07-04,Dr. Reddy's,DRREDDY.NS,1290.9736328125,1466009,1466009,https://finance.yahoo.com/quote/DRREDDY.NS/
2025-07-07,Dr. Reddy's,DRREDDY.NS,1294.03466796875,569025,569025,https://finance.yahoo.com/quote/DRREDDY.NS/
2025-07-08,Dr. Reddy's,DRREDDY.NS,1267.670166015625,1602620,1602620,https://finance.yahoo.com/quote/DRREDDY.NS/
2025-07-09,Dr. Reddy's,DRREDDY.NS,1253.4510498046875,1494337,1494337,https://finance.yahoo.com/quote/DRREDDY.NS/
2025-07-10,Dr. Reddy's,DRREDDY.NS,1254.6434326171875,1246082,1246082,https://finance.yahoo.com/quote/DRREDDY.NS/
2025-07-11,Dr. Reddy's,DRREDDY.NS,1246.793212890625,895466,895466,https://finance.yahoo.com/quote/DRREDDY.NS/
2025-07-14,Dr. Reddy's,DRREDDY.NS,1242.7191162109375,1035555,1035555,https://finance.yahoo.com/quote/DRREDDY.NS/
2025-07-15,Dr. Reddy's,DRREDDY.NS,1252.9542236328125,1183659,1183659,https://finance.yahoo.com/quote/DRREDDY.NS/
2025-07-16,Dr. Reddy's,DRREDDY.NS,1251.463623046875,1159859,1159859,https://finance.yahoo.com/quote/DRREDDY.NS/
2025-07-17,Dr. Reddy's,DRREDDY.NS,1255.1402587890625,709420,709420,https://finance.yahoo.com/quote/DRREDDY.NS/
2025-07-18,Dr. Reddy's,DRREDDY.NS,1249.5755615234375,690731,690731,https://finance.yahoo.com/quote/DRREDDY.NS/
2025-07-21,Dr. Reddy's,DRREDDY.NS,1251.3642578125,1065189,1065189,https://finance.yahoo.com/quote/DRREDDY.NS/
2025-07-22,Dr. Reddy's,DRREDDY.NS,1232.1859130859375,1304352,1304352,https://finance.yahoo.com/quote/DRREDDY.NS/
2025-07-23,Dr. Reddy's,DRREDDY.NS,1239.539306640625,1088262,1088262,https://finance.yahoo.com/quote/DRREDDY.NS/
2025-07-24,Dr. Reddy's,DRREDDY.NS,1257.525146484375,3809212,3809212,https://finance.yahoo.com/quote/DRREDDY.NS/
2025-07-25,Dr. Reddy's,DRREDDY.NS,1269.8470458984375,1621138,1621138,https://finance.yahoo.com/quote/DRREDDY.NS/
2025-07-28,Dr. Reddy's,DRREDDY.NS,1279.2872314453125,1553778,1553778,https://finance.yahoo.com/quote/DRREDDY.NS/
2025-07-29,Dr. Reddy's,DRREDDY.NS,1291.609130859375,1943466,1943466,https://finance.yahoo.com/quote/DRREDDY.NS/
2025-07-30,Dr. Reddy's,DRREDDY.NS,1283.95751953125,1387013,1387013,https://finance.yahoo.com/quote/DRREDDY.NS/
2025-07-31,Dr. Reddy's,DRREDDY.NS,1262.2950439453125,1968821,1968821,https://finance.yahoo.com/quote/DRREDDY.NS/
2025-08-01,Dr. Reddy's,DRREDDY.NS,1212.9080810546875,2525210,2525210,https://finance.yahoo.com/quote/DRREDDY.NS/
2025-08-04,Dr. Reddy's,DRREDDY.NS,1217.2803955078125,767310,767310,https://finance.yahoo.com/quote/DRREDDY.NS/
2025-08-05,Dr. Reddy's,DRREDDY.NS,1207.144775390625,956582,956582,https://finance.yahoo.com/quote/DRREDDY.NS/
2025-08-06,Dr. Reddy's,DRREDDY.NS,1189.15869140625,1701845,1701845,https://finance.yahoo.com/quote/DRREDDY.NS/
2025-08-07,Dr. Reddy's,DRREDDY.NS,1193.23291015625,1246560,1246560,https://finance.yahoo.com/quote/DRREDDY.NS/
2025-08-08,Dr. Reddy's,DRREDDY.NS,1203.76611328125,2389106,2389106,https://finance.yahoo.com/quote/DRREDDY.NS/
2025-08-11,Dr. Reddy's,DRREDDY.NS,1211.8150634765625,1246374,1246374,https://finance.yahoo.com/quote/DRREDDY.NS/
2025-08-12,Dr. Reddy's,DRREDDY.NS,1212.610107421875,922461,922461,https://finance.yahoo.com/quote/DRREDDY.NS/
2025-08-13,Dr. Reddy's,DRREDDY.NS,1245.50146484375,1192506,1192506,https://finance.yahoo.com/quote/DRREDDY.NS/
2025-08-14,Dr. Reddy's,DRREDDY.NS,1252.4573974609375,1603933,1603933,https://finance.yahoo.com/quote/DRREDDY.NS/
2025-08-18,Dr. Reddy's,DRREDDY.NS,1254.7427978515625,1648543,1648543,https://finance.yahoo.com/quote/DRREDDY.NS/
2025-08-19,Dr. Reddy's,DRREDDY.NS,1236.359375,1061816,1061816,https://finance.yahoo.com/quote/DRREDDY.NS/
2025-08-20,Dr. Reddy's,DRREDDY.NS,1237.5518798828125,685379,685379,https://finance.yahoo.com/quote/DRREDDY.NS/
2025-08-21,Dr. Reddy's,DRREDDY.NS,1268.55517578125,2008295,2008295,https://finance.yahoo.com/quote/DRREDDY.NS/
2025-08-22,Dr. Reddy's,DRREDDY.NS,1269.5489501953125,1229920,1229920,https://finance.yahoo.com/quote/DRREDDY.NS/
2025-08-25,Dr. Reddy's,DRREDDY.NS,1275.809326171875,967056,967056,https://finance.yahoo.com/quote/DRREDDY.NS/
2025-08-26,Dr. Reddy's,DRREDDY.NS,1255.2396240234375,2798216,2798216,https://finance.yahoo.com/quote/DRREDDY.NS/
2025-08-28,Dr. Reddy's,DRREDDY.NS,1251.8612060546875,1827890,1827890,https://finance.yahoo.com/quote/DRREDDY.NS/
2025-08-29,Dr. Reddy's,DRREDDY.NS,1252.1591796875,2422956,2422956,https://finance.yahoo.com/quote/DRREDDY.NS/
2025-09-01,Dr. Reddy's,DRREDDY.NS,1271.83447265625,1273903,1273903,https://finance.yahoo.com/quote/DRREDDY.NS/
2025-09-02,Dr. Reddy's,DRREDDY.NS,1245.799560546875,1632660,1632660,https://finance.yahoo.com/quote/DRREDDY.NS/
2025-09-03,Dr. Reddy's,DRREDDY.NS,1254.2459716796875,1294925,1294925,https://finance.yahoo.com/quote/DRREDDY.NS/
2025-09-04,Dr. Reddy's,DRREDDY.NS,1245.10400390625,1230934,1230934,https://finance.yahoo.com/quote/DRREDDY.NS/
2025-09-05,Dr. Reddy's,DRREDDY.NS,1260.1087646484375,769861,769861,https://finance.yahoo.com/quote/DRREDDY.NS/
2025-09-08,Dr. Reddy's,DRREDDY.NS,1242.7191162109375,969297,969297,https://finance.yahoo.com/quote/DRREDDY.NS/
2025-09-09,Dr. Reddy's,DRREDDY.NS,1283.1627197265625,1643726,1643726,https://finance.yahoo.com/quote/DRREDDY.NS/
2025-09-10,Dr. Reddy's,DRREDDY.NS,1295.9813232421875,1232984,1232984,https://finance.yahoo.com/quote/DRREDDY.NS/
2025-09-11,Dr. Reddy's,DRREDDY.NS,1294.88818359375,1349391,1349391,https://finance.yahoo.com/quote/DRREDDY.NS/
2025-09-12,Dr. Reddy's,DRREDDY.NS,1308.4024658203125,1042942,1042942,https://finance.yahoo.com/quote/DRREDDY.NS/
2025-09-15,Dr. Reddy's,DRREDDY.NS,1292.602783203125,1331182,1331182,https://finance.yahoo.com/quote/DRREDDY.NS/
2025-09-16,Dr. Reddy's,DRREDDY.NS,1302.142333984375,1034369,1034369,https://finance.yahoo.com/quote/DRREDDY.NS/
2025-09-17,Dr. Reddy's,DRREDDY.NS,1303.135986328125,716840,716840,https://finance.yahoo.com/quote/DRREDDY.NS/
2025-09-18,Dr. Reddy's,DRREDDY.NS,1314.36474609375,822010,822010,https://finance.yahoo.com/quote/DRREDDY.NS/
2025-09-19,Dr. Reddy's,DRREDDY.NS,1313.3709716796875,1409571,1409571,https://finance.yahoo.com/quote/DRREDDY.NS/
2025-09-22,Dr. Reddy's,DRREDDY.NS,1293.198974609375,1399531,1399531,https://finance.yahoo.com/quote/DRREDDY.NS/
2025-09-23,Dr. Reddy's,DRREDDY.NS,1300.1549072265625,1271238,1271238,https://finance.yahoo.com/quote/DRREDDY.NS/
2025-09-24,Dr. Reddy's,DRREDDY.NS,1289.919677734375,750456,750456,https://finance.yahoo.com/quote/DRREDDY.NS/
2025-09-25,Dr. Reddy's,DRREDDY.NS,1267.1640625,1241492,1241492,https://finance.yahoo.com/quote/DRREDDY.NS/
2025-09-26,Dr. Reddy's,DRREDDY.NS,1245.203369140625,2284377,2284377,https://finance.yahoo.com/quote/DRREDDY.NS/
2025-09-29,Dr. Reddy's,DRREDDY.NS,1226.8199462890625,3899164,3899164,https://finance.yahoo.com/quote/DRREDDY.NS/
2025-09-30,Dr. Reddy's,DRREDDY.NS,1215.988525390625,2635047,2635047,https://finance.yahoo.com/quote/DRREDDY.NS/
2025-10-01,Dr. Reddy's,DRREDDY.NS,1236.856201171875,4083180,4083180,https://finance.yahoo.com/quote/DRREDDY.NS/
2025-10-03,Dr. Reddy's,DRREDDY.NS,1240.23486328125,2742600,2742600,https://finance.yahoo.com/quote/DRREDDY.NS/
2025-10-06,Dr. Reddy's,DRREDDY.NS,1240.731689453125,1880910,1880910,https://finance.yahoo.com/quote/DRREDDY.NS/
2025-10-07,Dr. Reddy's,DRREDDY.NS,1240.63232421875,1380941,1380941,https://finance.yahoo.com/quote/DRREDDY.NS/
2025-10-08,Dr. Reddy's,DRREDDY.NS,1226.7205810546875,1496744,1496744,https://finance.yahoo.com/quote/DRREDDY.NS/
2025-10-09,Dr. Reddy's,DRREDDY.NS,1238.2474365234375,2699135,2699135,https://finance.yahoo.com/quote/DRREDDY.NS/
2025-10-10,Dr. Reddy's,DRREDDY.NS,1256.43212890625,1680920,1680920,https://finance.yahoo.com/quote/DRREDDY.NS/
2025-10-13,Dr. Reddy's,DRREDDY.NS,1254.4447021484375,1188201,1188201,https://finance.yahoo.com/quote/DRREDDY.NS/
2025-10-14,Dr. Reddy's,DRREDDY.NS,1229.5029296875,1944911,1944911,https://finance.yahoo.com/quote/DRREDDY.NS/
2025-10-15,Dr. Reddy's,DRREDDY.NS,1224.6337890625,2150067,2150067,https://finance.yahoo.com/quote/DRREDDY.NS/
2025-10-16,Dr. Reddy's,DRREDDY.NS,1232.384521484375,1308931,1308931,https://finance.yahoo.com/quote/DRREDDY.NS/
2025-10-17,Dr. Reddy's,DRREDDY.NS,1247.9857177734375,1473018,1473018,https://finance.yahoo.com/quote/DRREDDY.NS/
2025-10-20,Dr. Reddy's,DRREDDY.NS,1273.9212646484375,1368192,1368192,https://finance.yahoo.com/quote/DRREDDY.NS/
2025-10-21,Dr. Reddy's,DRREDDY.NS,1280.5789794921875,226788,226788,https://finance.yahoo.com/quote/DRREDDY.NS/
2025-10-23,Dr. Reddy's,DRREDDY.NS,1271.337646484375,1991213,1991213,https://finance.yahoo.com/quote/DRREDDY.NS/
2025-10-24,Dr. Reddy's,DRREDDY.NS,1275.5111083984375,1167634,1167634,https://finance.yahoo.com/quote/DRREDDY.NS/
2025-10-27,Dr. Reddy's,DRREDDY.NS,1276.206787109375,1927956,1927956,https://finance.yahoo.com/quote/DRREDDY.NS/
2025-10-28,Dr. Reddy's,DRREDDY.NS,1281.274658203125,1828290,1828290,https://finance.yahoo.com/quote/DRREDDY.NS/
2025-10-29,Dr. Reddy's,DRREDDY.NS,1243.0172119140625,2574921,2574921,https://finance.yahoo.com/quote/DRREDDY.NS/
2025-10-30,Dr. Reddy's,DRREDDY.NS,1194.6240234375,8883497,8883497,https://finance.yahoo.com/quote/DRREDDY.NS/
2025-10-31,Dr. Reddy's,DRREDDY.NS,1190.0531005859375,4250157,4250157,https://finance.yahoo.com/quote/DRREDDY.NS/
2025-11-03,Dr. Reddy's,DRREDDY.NS,1188.463134765625,1547000,1547000,https://finance.yahoo.com/quote/DRREDDY.NS/
2025-11-04,Dr. Reddy's,DRREDDY.NS,1192.43798828125,1015516,1015516,https://finance.yahoo.com/quote/DRREDDY.NS/
2025-11-06,Dr. Reddy's,DRREDDY.NS,1197.6051025390625,1560897,1560897,https://finance.yahoo.com/quote/DRREDDY.NS/
2025-11-07,Dr. Reddy's,DRREDDY.NS,1197.803955078125,1076140,1076140,https://finance.yahoo.com/quote/DRREDDY.NS/
2025-11-10,Dr. Reddy's,DRREDDY.NS,1191.1461181640625,3483082,3483082,https://finance.yahoo.com/quote/DRREDDY.NS/
2025-11-11,Dr. Reddy's,DRREDDY.NS,1203.865478515625,1048552,1048552,https://finance.yahoo.com/quote/DRREDDY.NS/
2025-11-12,Dr. Reddy's,DRREDDY.NS,1221.8514404296875,1222295,1222295,https://finance.yahoo.com/quote/DRREDDY.NS/
2025-11-13,Dr. Reddy's,DRREDDY.NS,1227.1180419921875,1426984,1426984,https://finance.yahoo.com/quote/DRREDDY.NS/
2025-11-14,Dr. Reddy's,DRREDDY.NS,1238.1480712890625,827643,827643,https://finance.yahoo.com/quote/DRREDDY.NS/
2025-11-17,Dr. Reddy's,DRREDDY.NS,1236.5582275390625,1423044,1423044,https://finance.yahoo.com/quote/DRREDDY.NS/
2025-11-18,Dr. Reddy's,DRREDDY.NS,1235.9620361328125,971685,971685,https://finance.yahoo.com/quote/DRREDDY.NS/
2025-11-19,Dr. Reddy's,DRREDDY.NS,1242.321533203125,830105,830105,https://finance.yahoo.com/quote/DRREDDY.NS/
2025-11-20,Dr. Reddy's,DRREDDY.NS,1240.731689453125,854999,854999,https://finance.yahoo.com/quote/DRREDDY.NS/
2025-11-21,Dr. Reddy's,DRREDDY.NS,1236.061279296875,941902,941902,https://finance.yahoo.com/quote/DRREDDY.NS/
2025-11-24,Dr. Reddy's,DRREDDY.NS,1218.4727783203125,7611988,7611988,https://finance.yahoo.com/quote/DRREDDY.NS/
2025-11-25,Dr. Reddy's,DRREDDY.NS,1228.3104248046875,1983817,1983817,https://finance.yahoo.com/quote/DRREDDY.NS/
2025-11-26,Dr. Reddy's,DRREDDY.NS,1240.135498046875,809816,809816,https://finance.yahoo.com/quote/DRREDDY.NS/
2025-11-27,Dr. Reddy's,DRREDDY.NS,1241.4273681640625,1060956,1060956,https://finance.yahoo.com/quote/DRREDDY.NS/
2025-11-28,Dr. Reddy's,DRREDDY.NS,1250.867431640625,809748,809748,https://finance.yahoo.com/quote/DRREDDY.NS/
2025-12-01,Dr. Reddy's,DRREDDY.NS,1252.1591796875,1457856,1457856,https://finance.yahoo.com/quote/DRREDDY.NS/
2025-12-02,Dr. Reddy's,DRREDDY.NS,1267.1640625,2361183,2361183,https://finance.yahoo.com/quote/DRREDDY.NS/
2025-12-03,Dr. Reddy's,DRREDDY.NS,1272.62939453125,4969448,4969448,https://finance.yahoo.com/quote/DRREDDY.NS/
2025-12-04,Dr. Reddy's,DRREDDY.NS,1269.5489501953125,1971130,1971130,https://finance.yahoo.com/quote/DRREDDY.NS/
2025-12-05,Dr. Reddy's,DRREDDY.NS,1267.1640625,1036082,1036082,https://finance.yahoo.com/quote/DRREDDY.NS/
2025-12-08,Dr. Reddy's,DRREDDY.NS,1258.5189208984375,1435892,1435892,https://finance.yahoo.com/quote/DRREDDY.NS/
2025-12-09,Dr. Reddy's,DRREDDY.NS,1238.3468017578125,2118272,2118272,https://finance.yahoo.com/quote/DRREDDY.NS/
2025-12-10,Dr. Reddy's,DRREDDY.NS,1242.9178466796875,1669910,1669910,https://finance.yahoo.com/quote/DRREDDY.NS/
2025-12-11,Dr. Reddy's,DRREDDY.NS,1265.4747314453125,1717539,1717539,https://finance.yahoo.com/quote/DRREDDY.NS/
2025-12-12,Dr. Reddy's,DRREDDY.NS,1271.23828125,981548,981548,https://finance.yahoo.com/quote/DRREDDY.NS/
2025-12-15,Dr. Reddy's,DRREDDY.NS,1272.530029296875,1078613,1078613,https://finance.yahoo.com/quote/DRREDDY.NS/
2025-12-16,Dr. Reddy's,DRREDDY.NS,1268.8533935546875,928506,928506,https://finance.yahoo.com/quote/DRREDDY.NS/
2025-12-17,Dr. Reddy's,DRREDDY.NS,1263.9842529296875,894068,894068,https://finance.yahoo.com/quote/DRREDDY.NS/
2025-12-18,Dr. Reddy's,DRREDDY.NS,1271.933837890625,889699,889699,https://finance.yahoo.com/quote/DRREDDY.NS/
2025-12-19,Dr. Reddy's,DRREDDY.NS,1270.1451416015625,1209487,1209487,https://finance.yahoo.com/quote/DRREDDY.NS/
2025-12-22,Dr. Reddy's,DRREDDY.NS,1275.3123779296875,614138,614138,https://finance.yahoo.com/quote/DRREDDY.NS/
2025-12-23,Dr. Reddy's,DRREDDY.NS,1275.4117431640625,408490,408490,https://finance.yahoo.com/quote/DRREDDY.NS/
2025-12-24,Dr. Reddy's,DRREDDY.NS,1257.8233642578125,1265233,1265233,https://finance.yahoo.com/quote/DRREDDY.NS/
2025-12-26,Dr. Reddy's,DRREDDY.NS,1261.30126953125,594744,594744,https://finance.yahoo.com/quote/DRREDDY.NS/
2025-12-29,Dr. Reddy's,DRREDDY.NS,1260.6055908203125,811488,811488,https://finance.yahoo.com/quote/DRREDDY.NS/
2025-12-30,Dr. Reddy's,DRREDDY.NS,1257.8233642578125,1123996,1123996,https://finance.yahoo.com/quote/DRREDDY.NS/
2025-12-31,Dr. Reddy's,DRREDDY.NS,1263.3880615234375,658106,658106,https://finance.yahoo.com/quote/DRREDDY.NS/
2026-01-01,Dr. Reddy's,DRREDDY.NS,1245.50146484375,553856,553856,https://finance.yahoo.com/quote/DRREDDY.NS/
2026-01-02,Dr. Reddy's,DRREDDY.NS,1248.1844482421875,1591218,1591218,https://finance.yahoo.com/quote/DRREDDY.NS/
2026-01-05,Dr. Reddy's,DRREDDY.NS,1242.1229248046875,1184386,1184386,https://finance.yahoo.com/quote/DRREDDY.NS/
2026-01-06,Dr. Reddy's,DRREDDY.NS,1248.2838134765625,540944,540944,https://finance.yahoo.com/quote/DRREDDY.NS/
2026-01-07,Dr. Reddy's,DRREDDY.NS,1234.96826171875,1215477,1215477,https://finance.yahoo.com/quote/DRREDDY.NS/
2026-01-08,Dr. Reddy's,DRREDDY.NS,1199.2945556640625,2000942,2000942,https://finance.yahoo.com/quote/DRREDDY.NS/
2026-01-09,Dr. Reddy's,DRREDDY.NS,1202.4742431640625,1390935,1390935,https://finance.yahoo.com/quote/DRREDDY.NS/
2026-01-12,Dr. Reddy's,DRREDDY.NS,1207.84033203125,707317,707317,https://finance.yahoo.com/quote/DRREDDY.NS/
2026-01-13,Dr. Reddy's,DRREDDY.NS,1183.7928466796875,2071117,2071117,https://finance.yahoo.com/quote/DRREDDY.NS/
2026-01-14,Dr. Reddy's,DRREDDY.NS,1179.0230712890625,2834908,2834908,https://finance.yahoo.com/quote/DRREDDY.NS/
2026-01-15,Dr. Reddy's,DRREDDY.NS,1179.0230712890625,0,0,https://finance.yahoo.com/quote/DRREDDY.NS/
2026-01-16,Dr. Reddy's,DRREDDY.NS,1168.0924072265625,2214792,2214792,https://finance.yahoo.com/quote/DRREDDY.NS/
2026-01-19,Dr. Reddy's,DRREDDY.NS,1159.8446044921875,1253443,1253443,https://finance.yahoo.com/quote/DRREDDY.NS/
2026-01-20,Dr. Reddy's,DRREDDY.NS,1159.3477783203125,2790934,2790934,https://finance.yahoo.com/quote/DRREDDY.NS/
2026-01-21,Dr. Reddy's,DRREDDY.NS,1149.9075927734375,2322066,2322066,https://finance.yahoo.com/quote/DRREDDY.NS/
2026-01-22,Dr. Reddy's,DRREDDY.NS,1209.82763671875,6464461,6464461,https://finance.yahoo.com/quote/DRREDDY.NS/
2026-01-23,Dr. Reddy's,DRREDDY.NS,1227.8135986328125,3888860,3888860,https://finance.yahoo.com/quote/DRREDDY.NS/
2026-01-27,Dr. Reddy's,DRREDDY.NS,1231.9871826171875,2159137,2159137,https://finance.yahoo.com/quote/DRREDDY.NS/
2026-01-28,Dr. Reddy's,DRREDDY.NS,1214.796142578125,1740662,1740662,https://finance.yahoo.com/quote/DRREDDY.NS/
2026-01-29,Dr. Reddy's,DRREDDY.NS,1201.2818603515625,1626394,1626394,https://finance.yahoo.com/quote/DRREDDY.NS/
2026-01-30,Dr. Reddy's,DRREDDY.NS,1210.423828125,1672460,1672460,https://finance.yahoo.com/quote/DRREDDY.NS/
2026-02-02,Dr. Reddy's,DRREDDY.NS,1175.0482177734375,1207638,1207638,https://finance.yahoo.com/quote/DRREDDY.NS/
2026-02-03,Dr. Reddy's,DRREDDY.NS,1227.6148681640625,1521425,1521425,https://finance.yahoo.com/quote/DRREDDY.NS/
2026-02-04,Dr. Reddy's,DRREDDY.NS,1232.384521484375,947684,947684,https://finance.yahoo.com/quote/DRREDDY.NS/
2026-02-05,Dr. Reddy's,DRREDDY.NS,1237.0550537109375,953241,953241,https://finance.yahoo.com/quote/DRREDDY.NS/
2026-02-06,Dr. Reddy's,DRREDDY.NS,1233.3782958984375,1324651,1324651,https://finance.yahoo.com/quote/DRREDDY.NS/
2026-02-09,Dr. Reddy's,DRREDDY.NS,1267.462158203125,2111316,2111316,https://finance.yahoo.com/quote/DRREDDY.NS/
2026-02-10,Dr. Reddy's,DRREDDY.NS,1248.0850830078125,1412804,1412804,https://finance.yahoo.com/quote/DRREDDY.NS/
2026-02-11,Dr. Reddy's,DRREDDY.NS,1262.2950439453125,855888,855888,https://finance.yahoo.com/quote/DRREDDY.NS/
2026-02-12,Dr. Reddy's,DRREDDY.NS,1266.865966796875,981247,981247,https://finance.yahoo.com/quote/DRREDDY.NS/
2026-02-13,Dr. Reddy's,DRREDDY.NS,1260.1087646484375,838946,838946,https://finance.yahoo.com/quote/DRREDDY.NS/
2026-02-16,Dr. Reddy's,DRREDDY.NS,1261.400634765625,469592,469592,https://finance.yahoo.com/quote/DRREDDY.NS/
2026-02-17,Dr. Reddy's,DRREDDY.NS,1276.70361328125,687326,687326,https://finance.yahoo.com/quote/DRREDDY.NS/
2026-02-18,Dr. Reddy's,DRREDDY.NS,1272.23193359375,689997,689997,https://finance.yahoo.com/quote/DRREDDY.NS/
2026-02-19,Dr. Reddy's,DRREDDY.NS,1274.2193603515625,1333838,1333838,https://finance.yahoo.com/quote/DRREDDY.NS/
2026-02-20,Dr. Reddy's,DRREDDY.NS,1272.331298828125,1753200,1753200,https://finance.yahoo.com/quote/DRREDDY.NS/
2026-02-23,Dr. Reddy's,DRREDDY.NS,1299.1611328125,1849756,1849756,https://finance.yahoo.com/quote/DRREDDY.NS/
2026-02-24,Dr. Reddy's,DRREDDY.NS,1292.0064697265625,1803242,1803242,https://finance.yahoo.com/quote/DRREDDY.NS/
2026-02-25,Dr. Reddy's,DRREDDY.NS,1298.266845703125,2296240,2296240,https://finance.yahoo.com/quote/DRREDDY.NS/
2026-02-26,Dr. Reddy's,DRREDDY.NS,1310.9862060546875,1511598,1511598,https://finance.yahoo.com/quote/DRREDDY.NS/
2026-02-27,Dr. Reddy's,DRREDDY.NS,1278.1942138671875,3510396,3510396,https://finance.yahoo.com/quote/DRREDDY.NS/
2026-03-02,Dr. Reddy's,DRREDDY.NS,1286.2430419921875,1052234,1052234,https://finance.yahoo.com/quote/DRREDDY.NS/
2026-03-04,Dr. Reddy's,DRREDDY.NS,1283.063232421875,1890939,1890939,https://finance.yahoo.com/quote/DRREDDY.NS/
2026-03-05,Dr. Reddy's,DRREDDY.NS,1305.22265625,1060509,1060509,https://finance.yahoo.com/quote/DRREDDY.NS/
2026-03-06,Dr. Reddy's,DRREDDY.NS,1295.5838623046875,963701,963701,https://finance.yahoo.com/quote/DRREDDY.NS/
2026-03-09,Dr. Reddy's,DRREDDY.NS,1278.8897705078125,1597730,1597730,https://finance.yahoo.com/quote/DRREDDY.NS/
2026-03-10,Dr. Reddy's,DRREDDY.NS,1306.3157958984375,2329349,2329349,https://finance.yahoo.com/quote/DRREDDY.NS/
2026-03-11,Dr. Reddy's,DRREDDY.NS,1317.1470947265625,2454389,2454389,https://finance.yahoo.com/quote/DRREDDY.NS/
2026-03-12,Dr. Reddy's,DRREDDY.NS,1310.6881103515625,1969692,1969692,https://finance.yahoo.com/quote/DRREDDY.NS/
2026-03-13,Dr. Reddy's,DRREDDY.NS,1284.1563720703125,1574522,1574522,https://finance.yahoo.com/quote/DRREDDY.NS/
2026-03-16,Dr. Reddy's,DRREDDY.NS,1268.8533935546875,1294975,1294975,https://finance.yahoo.com/quote/DRREDDY.NS/
2026-03-17,Dr. Reddy's,DRREDDY.NS,1275.7099609375,1003677,1003677,https://finance.yahoo.com/quote/DRREDDY.NS/
2026-03-18,Dr. Reddy's,DRREDDY.NS,1286.640625,849938,849938,https://finance.yahoo.com/quote/DRREDDY.NS/
2026-03-19,Dr. Reddy's,DRREDDY.NS,1266.468505859375,1035491,1035491,https://finance.yahoo.com/quote/DRREDDY.NS/
2026-03-20,Dr. Reddy's,DRREDDY.NS,1290.7147216796875,3359706,3359706,https://finance.yahoo.com/quote/DRREDDY.NS/
2026-03-23,Dr. Reddy's,DRREDDY.NS,1245.402099609375,2112613,2112613,https://finance.yahoo.com/quote/DRREDDY.NS/
2026-03-24,Dr. Reddy's,DRREDDY.NS,1251.662353515625,3166135,3166135,https://finance.yahoo.com/quote/DRREDDY.NS/
2026-03-25,Dr. Reddy's,DRREDDY.NS,1292.5032958984375,1577150,1577150,https://finance.yahoo.com/quote/DRREDDY.NS/
2026-03-27,Dr. Reddy's,DRREDDY.NS,1273.623046875,2165113,2165113,https://finance.yahoo.com/quote/DRREDDY.NS/
2026-03-30,Dr. Reddy's,DRREDDY.NS,1246.9920654296875,1991442,1991442,https://finance.yahoo.com/quote/DRREDDY.NS/
2026-04-01,Dr. Reddy's,DRREDDY.NS,1201.9774169921875,2240507,2240507,https://finance.yahoo.com/quote/DRREDDY.NS/
2026-04-02,Dr. Reddy's,DRREDDY.NS,1209.6290283203125,3560727,3560727,https://finance.yahoo.com/quote/DRREDDY.NS/
2026-04-06,Dr. Reddy's,DRREDDY.NS,1210.1258544921875,1099471,1099471,https://finance.yahoo.com/quote/DRREDDY.NS/
2026-04-07,Dr. Reddy's,DRREDDY.NS,1188.5625,2330512,2330512,https://finance.yahoo.com/quote/DRREDDY.NS/
2026-04-08,Dr. Reddy's,DRREDDY.NS,1183.8922119140625,2063229,2063229,https://finance.yahoo.com/quote/DRREDDY.NS/
2026-04-09,Dr. Reddy's,DRREDDY.NS,1204.262939453125,2746602,2746602,https://finance.yahoo.com/quote/DRREDDY.NS/
2026-04-10,Dr. Reddy's,DRREDDY.NS,1224.4349365234375,1931448,1931448,https://finance.yahoo.com/quote/DRREDDY.NS/
2026-04-13,Dr. Reddy's,DRREDDY.NS,1228.1116943359375,1463269,1463269,https://finance.yahoo.com/quote/DRREDDY.NS/
2026-04-15,Dr. Reddy's,DRREDDY.NS,1210.1258544921875,4693413,4693413,https://finance.yahoo.com/quote/DRREDDY.NS/
2026-04-16,Dr. Reddy's,DRREDDY.NS,1213.703125,2014236,2014236,https://finance.yahoo.com/quote/DRREDDY.NS/
2026-04-17,Dr. Reddy's,DRREDDY.NS,1227.9129638671875,2564061,2564061,https://finance.yahoo.com/quote/DRREDDY.NS/
2026-04-20,Dr. Reddy's,DRREDDY.NS,1224.83251953125,1605279,1605279,https://finance.yahoo.com/quote/DRREDDY.NS/
2026-04-21,Dr. Reddy's,DRREDDY.NS,1212.9080810546875,1230733,1230733,https://finance.yahoo.com/quote/DRREDDY.NS/
2026-04-22,Dr. Reddy's,DRREDDY.NS,1209.330810546875,1573272,1573272,https://finance.yahoo.com/quote/DRREDDY.NS/
2026-04-23,Dr. Reddy's,DRREDDY.NS,1322.6124267578125,16407707,16407707,https://finance.yahoo.com/quote/DRREDDY.NS/
2026-04-24,Dr. Reddy's,DRREDDY.NS,1308.800048828125,5638719,5638719,https://finance.yahoo.com/quote/DRREDDY.NS/
2026-04-27,Dr. Reddy's,DRREDDY.NS,1326.09033203125,1940454,1940454,https://finance.yahoo.com/quote/DRREDDY.NS/
2026-04-28,Dr. Reddy's,DRREDDY.NS,1346.063720703125,2336352,2336352,https://finance.yahoo.com/quote/DRREDDY.NS/
2026-04-29,Dr. Reddy's,DRREDDY.NS,1321.4200439453125,4545837,4545837,https://finance.yahoo.com/quote/DRREDDY.NS/
2026-04-30,Dr. Reddy's,DRREDDY.NS,1314.5634765625,1227007,1227007,https://finance.yahoo.com/quote/DRREDDY.NS/
2026-05-01,Dr. Reddy's,DRREDDY.NS,1314.5634765625,0,0,https://finance.yahoo.com/quote/DRREDDY.NS/
2026-05-04,Dr. Reddy's,DRREDDY.NS,1279.08837890625,2285506,2285506,https://finance.yahoo.com/quote/DRREDDY.NS/
2026-05-05,Dr. Reddy's,DRREDDY.NS,1263.189208984375,986348,986348,https://finance.yahoo.com/quote/DRREDDY.NS/
2026-05-06,Dr. Reddy's,DRREDDY.NS,1302.738525390625,3340410,3340410,https://finance.yahoo.com/quote/DRREDDY.NS/
2026-05-07,Dr. Reddy's,DRREDDY.NS,1299.35986328125,2530096,2530096,https://finance.yahoo.com/quote/DRREDDY.NS/
2026-05-08,Dr. Reddy's,DRREDDY.NS,1285.7462158203125,964903,964903,https://finance.yahoo.com/quote/DRREDDY.NS/
2026-05-11,Dr. Reddy's,DRREDDY.NS,1271.83447265625,1506740,1506740,https://finance.yahoo.com/quote/DRREDDY.NS/
2026-05-12,Dr. Reddy's,DRREDDY.NS,1261.996826171875,1946195,1946195,https://finance.yahoo.com/quote/DRREDDY.NS/
2026-05-13,Dr. Reddy's,DRREDDY.NS,1257.3265380859375,9276074,9276074,https://finance.yahoo.com/quote/DRREDDY.NS/
2026-05-14,Dr. Reddy's,DRREDDY.NS,1295.3851318359375,2362951,2362951,https://finance.yahoo.com/quote/DRREDDY.NS/
2026-05-15,Dr. Reddy's,DRREDDY.NS,1328.2764892578125,3982549,3982549,https://finance.yahoo.com/quote/DRREDDY.NS/
2026-05-18,Dr. Reddy's,DRREDDY.NS,1322.8111572265625,1926791,1926791,https://finance.yahoo.com/quote/DRREDDY.NS/
2026-05-19,Dr. Reddy's,DRREDDY.NS,1326.785888671875,2488019,2488019,https://finance.yahoo.com/quote/DRREDDY.NS/
2026-05-20,Dr. Reddy's,DRREDDY.NS,1313.56982421875,1277182,1277182,https://finance.yahoo.com/quote/DRREDDY.NS/
2026-05-21,Dr. Reddy's,DRREDDY.NS,1310.191162109375,2183121,2183121,https://finance.yahoo.com/quote/DRREDDY.NS/
2026-05-22,Dr. Reddy's,DRREDDY.NS,1298.96240234375,2002451,2002451,https://finance.yahoo.com/quote/DRREDDY.NS/
2026-05-25,Dr. Reddy's,DRREDDY.NS,1323.0098876953125,4659781,4659781,https://finance.yahoo.com/quote/DRREDDY.NS/
2026-05-26,Dr. Reddy's,DRREDDY.NS,1319.531982421875,1909354,1909354,https://finance.yahoo.com/quote/DRREDDY.NS/
2026-05-27,Dr. Reddy's,DRREDDY.NS,1310.6881103515625,959327,959327,https://finance.yahoo.com/quote/DRREDDY.NS/
2026-05-28,Dr. Reddy's,DRREDDY.NS,1310.6881103515625,0,0,https://finance.yahoo.com/quote/DRREDDY.NS/
2026-05-29,Dr. Reddy's,DRREDDY.NS,1295.2857666015625,5424483,5424483,https://finance.yahoo.com/quote/DRREDDY.NS/
2026-06-01,Dr. Reddy's,DRREDDY.NS,1282.268310546875,1379034,1379034,https://finance.yahoo.com/quote/DRREDDY.NS/
2026-06-02,Dr. Reddy's,DRREDDY.NS,1265.9716796875,2021793,2021793,https://finance.yahoo.com/quote/DRREDDY.NS/
2026-06-03,Dr. Reddy's,DRREDDY.NS,1255.339111328125,1226407,1226407,https://finance.yahoo.com/quote/DRREDDY.NS/
2026-06-04,Dr. Reddy's,DRREDDY.NS,1259.5125732421875,944045,944045,https://finance.yahoo.com/quote/DRREDDY.NS/
2026-06-05,Dr. Reddy's,DRREDDY.NS,1270.1451416015625,774687,774687,https://finance.yahoo.com/quote/DRREDDY.NS/
2026-06-08,Dr. Reddy's,DRREDDY.NS,1267.5615234375,862999,862999,https://finance.yahoo.com/quote/DRREDDY.NS/
2026-06-09,Dr. Reddy's,DRREDDY.NS,1260.50634765625,871896,871896,https://finance.yahoo.com/quote/DRREDDY.NS/
2026-06-10,Dr. Reddy's,DRREDDY.NS,1263.68603515625,1172155,1172155,https://finance.yahoo.com/quote/DRREDDY.NS/
2026-06-11,Dr. Reddy's,DRREDDY.NS,1267.958984375,1057772,1057772,https://finance.yahoo.com/quote/DRREDDY.NS/
2026-06-12,Dr. Reddy's,DRREDDY.NS,1267.36279296875,1645027,1645027,https://finance.yahoo.com/quote/DRREDDY.NS/
2026-06-15,Dr. Reddy's,DRREDDY.NS,1271.43701171875,1178640,1178640,https://finance.yahoo.com/quote/DRREDDY.NS/
2026-06-16,Dr. Reddy's,DRREDDY.NS,1268.8533935546875,430918,430918,https://finance.yahoo.com/quote/DRREDDY.NS/
2026-06-17,Dr. Reddy's,DRREDDY.NS,1261.003173828125,683616,683616,https://finance.yahoo.com/quote/DRREDDY.NS/
2026-06-18,Dr. Reddy's,DRREDDY.NS,1259.5125732421875,774093,774093,https://finance.yahoo.com/quote/DRREDDY.NS/
2026-06-19,Dr. Reddy's,DRREDDY.NS,1264.0836181640625,1312877,1312877,https://finance.yahoo.com/quote/DRREDDY.NS/
2026-06-22,Dr. Reddy's,DRREDDY.NS,1282.56640625,1618251,1618251,https://finance.yahoo.com/quote/DRREDDY.NS/
2026-06-23,Dr. Reddy's,DRREDDY.NS,1293.099609375,2878800,2878800,https://finance.yahoo.com/quote/DRREDDY.NS/
2026-06-24,Dr. Reddy's,DRREDDY.NS,1320.02880859375,3346371,3346371,https://finance.yahoo.com/quote/DRREDDY.NS/
2026-06-25,Dr. Reddy's,DRREDDY.NS,1341.989501953125,1699744,1699744,https://finance.yahoo.com/quote/DRREDDY.NS/
2026-06-26,Dr. Reddy's,DRREDDY.NS,1341.989501953125,0,0,https://finance.yahoo.com/quote/DRREDDY.NS/
2026-06-29,Dr. Reddy's,DRREDDY.NS,1367.03076171875,8857211,8857211,https://finance.yahoo.com/quote/DRREDDY.NS/
2026-06-30,Dr. Reddy's,DRREDDY.NS,1348.5479736328125,2446438,2446438,https://finance.yahoo.com/quote/DRREDDY.NS/
2026-07-01,Dr. Reddy's,DRREDDY.NS,1331.4564208984375,1423120,1423120,https://finance.yahoo.com/quote/DRREDDY.NS/
2026-07-02,Dr. Reddy's,DRREDDY.NS,1337.2197265625,808598,808598,https://finance.yahoo.com/quote/DRREDDY.NS/
2026-07-03,Dr. Reddy's,DRREDDY.NS,1365.4407958984375,1296170,1296170,https://finance.yahoo.com/quote/DRREDDY.NS/
2026-07-06,Dr. Reddy's,DRREDDY.NS,1359.2799072265625,810266,810266,https://finance.yahoo.com/quote/DRREDDY.NS/
2026-07-07,Dr. Reddy's,DRREDDY.NS,1346.063720703125,1043736,1043736,https://finance.yahoo.com/quote/DRREDDY.NS/
2026-07-08,Dr. Reddy's,DRREDDY.NS,1340.4990234375,1561612,1561612,https://finance.yahoo.com/quote/DRREDDY.NS/
2026-07-09,Dr. Reddy's,DRREDDY.NS,1261.5,8410883,8410883,https://finance.yahoo.com/quote/DRREDDY.NS/
2026-07-10,Dr. Reddy's,DRREDDY.NS,1244.300048828125,8106606,8106606,https://finance.yahoo.com/quote/DRREDDY.NS/
2026-07-13,Dr. Reddy's,DRREDDY.NS,1234.5,2437935,2437935,https://finance.yahoo.com/quote/DRREDDY.NS/
2026-07-14,Dr. Reddy's,DRREDDY.NS,1246.199951171875,1984818,1984818,https://finance.yahoo.com/quote/DRREDDY.NS/
2026-07-15,Dr. Reddy's,DRREDDY.NS,1229.5,1685660,1685660,https://finance.yahoo.com/quote/DRREDDY.NS/
2026-07-16,Dr. Reddy's,DRREDDY.NS,1224.4000244140625,1935887,1935887,https://finance.yahoo.com/quote/DRREDDY.NS/
2026-07-17,Dr. Reddy's,DRREDDY.NS,1211.199951171875,2075149,2075149,https://finance.yahoo.com/quote/DRREDDY.NS/
2026-07-20,Dr. Reddy's,DRREDDY.NS,1223.0999755859375,2212191,2212191,https://finance.yahoo.com/quote/DRREDDY.NS/
2026-07-21,Dr. Reddy's,DRREDDY.NS,1206.0,2182513,2182513,https://finance.yahoo.com/quote/DRREDDY.NS/
2026-07-22,Dr. Reddy's,DRREDDY.NS,1182.800048828125,2528082,2528082,https://finance.yahoo.com/quote/DRREDDY.NS/
2026-07-23,Dr. Reddy's,DRREDDY.NS,1166.300048828125,6693935,6693935,https://finance.yahoo.com/quote/DRREDDY.NS/
2026-07-24,Dr. Reddy's,DRREDDY.NS,1151.699951171875,4750512,4750512,https://finance.yahoo.com/quote/DRREDDY.NS/
2026-07-27,Dr. Reddy's,DRREDDY.NS,1150.800048828125,1053461,1053461,https://finance.yahoo.com/quote/DRREDDY.NS/
2026-07-28,Dr. Reddy's,DRREDDY.NS,1135.5999755859375,2157306,2157306,https://finance.yahoo.com/quote/DRREDDY.NS/
2026-07-29,Dr. Reddy's,DRREDDY.NS,1142.300048828125,1280586,1280586,https://finance.yahoo.com/quote/DRREDDY.NS/
2026-07-30,Dr. Reddy's,DRREDDY.NS,1144.800048828125,1350714,1350714,https://finance.yahoo.com/quote/DRREDDY.NS/
2026-07-31,Dr. Reddy's,DRREDDY.NS,1148.0999755859375,1085841,1085841,https://finance.yahoo.com/quote/DRREDDY.NS/
2026-08-03,Dr. Reddy's,DRREDDY.NS,1180.0,2150927,2150927,https://finance.yahoo.com/quote/DRREDDY.NS/
2026-08-04,Dr. Reddy's,DRREDDY.NS,1172.5999755859375,2165315,2165315,https://finance.yahoo.com/quote/DRREDDY.NS/
2026-08-05,Dr. Reddy's,DRREDDY.NS,1176.0,1883679,1883679,https://finance.yahoo.com/quote/DRREDDY.NS/
2026-08-06,Dr. Reddy's,DRREDDY.NS,1171.0,1329196,1329196,https://finance.yahoo.com/quote/DRREDDY.NS/
2026-08-07,Dr. Reddy's,DRREDDY.NS,1172.0,1072438,1072438,https://finance.yahoo.com/quote/DRREDDY.NS/
2026-08-10,Dr. Reddy's,DRREDDY.NS,1158.800048828125,1770609,1770609,https://finance.yahoo.com/quote/DRREDDY.NS/
2026-08-11,Dr. Reddy's,DRREDDY.NS,1205.0,3936813,3936813,https://finance.yahoo.com/quote/DRREDDY.NS/
2026-08-12,Dr. Reddy's,DRREDDY.NS,1200.0,2366909,2366909,https://finance.yahoo.com/quote/DRREDDY.NS/
2026-08-13,Dr. Reddy's,DRREDDY.NS,1206.0,1799813,1799813,https://finance.yahoo.com/quote/DRREDDY.NS/
2026-08-14,Dr. Reddy's,DRREDDY.NS,1200.0,2136998,2136998,https://finance.yahoo.com/quote/DRREDDY.NS/
2026-08-17,Dr. Reddy's,DRREDDY.NS,1192.0,2183094,2183094,https://finance.yahoo.com/quote/DRREDDY.NS/
2026-08-18,Dr. Reddy's,DRREDDY.NS,1178.800048828125,805633,805633,https://finance.yahoo.com/quote/DRREDDY.NS/
2026-08-19,Dr. Reddy's,DRREDDY.NS,1170.0,1150424,1150424,https://finance.yahoo.com/quote/DRREDDY.NS/
2026-08-20,Dr. Reddy's,DRREDDY.NS,1180.0,1031107,1031107,https://finance.yahoo.com/quote/DRREDDY.NS/
2026-08-21,Dr. Reddy's,DRREDDY.NS,1174.699951171875,1246756,1246756,https://finance.yahoo.com/quote/DRREDDY.NS/
2026-08-24,Dr. Reddy's,DRREDDY.NS,1190.0,2248634,2248634,https://finance.yahoo.com/quote/DRREDDY.NS/
2026-08-25,Dr. Reddy's,DRREDDY.NS,1193.5,1569853,1569853,https://finance.yahoo.com/quote/DRREDDY.NS/
2026-08-26,Dr. Reddy's,DRREDDY.NS,1182.0,1993156,1993156,https://finance.yahoo.com/quote/DRREDDY.NS/
2026-08-27,Dr. Reddy's,DRREDDY.NS,1177.0,1044405,1044405,https://finance.yahoo.com/quote/DRREDDY.NS/
2026-08-28,Dr. Reddy's,DRREDDY.NS,1178.0,682712,682712,https://finance.yahoo.com/quote/DRREDDY.NS/
2026-08-31,Dr. Reddy's,DRREDDY.NS,1154.4000244140625,2001757,2001757,https://finance.yahoo.com/quote/DRREDDY.NS/
2026-09-01,Dr. Reddy's,DRREDDY.NS,1171.0,556259,556259,https://finance.yahoo.com/quote/DRREDDY.NS/
2026-09-02,Dr. Reddy's,DRREDDY.NS,1156.5,486542,486542,https://finance.yahoo.com/quote/DRREDDY.NS/
2026-09-03,Dr. Reddy's,DRREDDY.NS,1155.0,338274,338274,https://finance.yahoo.com/quote/DRREDDY.NS/
2026-09-04,Dr. Reddy's,DRREDDY.NS,1151.0,568461,568461,https://finance.yahoo.com/quote/DRREDDY.NS/
2026-09-07,Dr. Reddy's,DRREDDY.NS,1144.199951171875,420952,420952,https://finance.yahoo.com/quote/DRREDDY.NS/
2026-09-08,Dr. Reddy's,DRREDDY.NS,1151.0,587270,587270,https://finance.yahoo.com/quote/DRREDDY.NS/
2026-09-09,Dr. Reddy's,DRREDDY.NS,1145.0,528499,528499,https://finance.yahoo.com/quote/DRREDDY.NS/
2026-09-10,Dr. Reddy's,DRREDDY.NS,1143.0,1684792,1684792,https://finance.yahoo.com/quote/DRREDDY.NS/
2026-09-11,Dr. Reddy's,DRREDDY.NS,1165.5,2403285,2403285,https://finance.yahoo.com/quote/DRREDDY.NS/
2026-09-14,Dr. Reddy's,DRREDDY.NS,1165.5,0,0,https://finance.yahoo.com/quote/DRREDDY.NS/
2026-09-15,Dr. Reddy's,DRREDDY.NS,1145.0,1810974,1810974,https://finance.yahoo.com/quote/DRREDDY.NS/
2026-09-16,Dr. Reddy's,DRREDDY.NS,1140.0,1120896,1120896,https://finance.yahoo.com/quote/DRREDDY.NS/
2026-09-17,Dr. Reddy's,DRREDDY.NS,1175.0,2311932,2311932,https://finance.yahoo.com/quote/DRREDDY.NS/
2026-09-18,Dr. Reddy's,DRREDDY.NS,1185.0,3002566,3002566,https://finance.yahoo.com/quote/DRREDDY.NS/
2026-09-21,Dr. Reddy's,DRREDDY.NS,1198.300048828125,1718834,1718834,https://finance.yahoo.com/quote/DRREDDY.NS/
2026-09-22,Dr. Reddy's,DRREDDY.NS,1211.0,3355097,3355097,https://finance.yahoo.com/quote/DRREDDY.NS/
2026-09-23,Dr. Reddy's,DRREDDY.NS,1211.199951171875,987420,987420,https://finance.yahoo.com/quote/DRREDDY.NS/
2026-09-24,Dr. Reddy's,DRREDDY.NS,1200.4000244140625,1667696,1667696,https://finance.yahoo.com/quote/DRREDDY.NS/
2026-09-25,Dr. Reddy's,DRREDDY.NS,1201.0,1001238,1001238,https://finance.yahoo.com/quote/DRREDDY.NS/
2026-09-28,Dr. Reddy's,DRREDDY.NS,1221.0,3401676,3401676,https://finance.yahoo.com/quote/DRREDDY.NS/
2026-09-29,Dr. Reddy's,DRREDDY.NS,1251.9000244140625,5347128,5347128,https://finance.yahoo.com/quote/DRREDDY.NS/
2026-09-30,Dr. Reddy's,DRREDDY.NS,1233.0,4026022,4026022,https://finance.yahoo.com/quote/DRREDDY.NS/
2026-10-01,Dr. Reddy's,DRREDDY.NS,1206.199951171875,2607818,2607818,https://finance.yahoo.com/quote/DRREDDY.NS/
2025-04-02,Gland Pharma,GLAND.NS,1509.5269775390625,86967,86967,https://finance.yahoo.com/quote/GLAND.NS/
2025-04-03,Gland Pharma,GLAND.NS,1533.5205078125,2510488,2510488,https://finance.yahoo.com/quote/GLAND.NS/
2025-04-04,Gland Pharma,GLAND.NS,1450.2806396484375,515601,515601,https://finance.yahoo.com/quote/GLAND.NS/
2025-04-07,Gland Pharma,GLAND.NS,1392.2144775390625,249392,249392,https://finance.yahoo.com/quote/GLAND.NS/
2025-04-08,Gland Pharma,GLAND.NS,1401.7528076171875,211217,211217,https://finance.yahoo.com/quote/GLAND.NS/
2025-04-09,Gland Pharma,GLAND.NS,1369.5975341796875,389590,389590,https://finance.yahoo.com/quote/GLAND.NS/
2025-04-11,Gland Pharma,GLAND.NS,1370.53173828125,807052,807052,https://finance.yahoo.com/quote/GLAND.NS/
2025-04-15,Gland Pharma,GLAND.NS,1402.53955078125,84419,84419,https://finance.yahoo.com/quote/GLAND.NS/
2025-04-16,Gland Pharma,GLAND.NS,1418.5679931640625,192899,192899,https://finance.yahoo.com/quote/GLAND.NS/
2025-04-17,Gland Pharma,GLAND.NS,1425.2547607421875,140459,140459,https://finance.yahoo.com/quote/GLAND.NS/
2025-04-21,Gland Pharma,GLAND.NS,1440.0047607421875,333309,333309,https://finance.yahoo.com/quote/GLAND.NS/
2025-04-22,Gland Pharma,GLAND.NS,1426.729736328125,289908,289908,https://finance.yahoo.com/quote/GLAND.NS/
2025-04-23,Gland Pharma,GLAND.NS,1454.0665283203125,146886,146886,https://finance.yahoo.com/quote/GLAND.NS/
2025-04-24,Gland Pharma,GLAND.NS,1441.08642578125,210901,210901,https://finance.yahoo.com/quote/GLAND.NS/
2025-04-25,Gland Pharma,GLAND.NS,1423.7796630859375,95841,95841,https://finance.yahoo.com/quote/GLAND.NS/
2025-04-28,Gland Pharma,GLAND.NS,1389.559326171875,190304,190304,https://finance.yahoo.com/quote/GLAND.NS/
2025-04-29,Gland Pharma,GLAND.NS,1389.3626708984375,146431,146431,https://finance.yahoo.com/quote/GLAND.NS/
2025-04-30,Gland Pharma,GLAND.NS,1376.6776123046875,159173,159173,https://finance.yahoo.com/quote/GLAND.NS/
2025-05-02,Gland Pharma,GLAND.NS,1380.6109619140625,88071,88071,https://finance.yahoo.com/quote/GLAND.NS/
2025-05-05,Gland Pharma,GLAND.NS,1395.65625,96032,96032,https://finance.yahoo.com/quote/GLAND.NS/
2025-05-06,Gland Pharma,GLAND.NS,1389.756103515625,75524,75524,https://finance.yahoo.com/quote/GLAND.NS/
2025-05-07,Gland Pharma,GLAND.NS,1380.5126953125,70873,70873,https://finance.yahoo.com/quote/GLAND.NS/
2025-05-08,Gland Pharma,GLAND.NS,1392.0177001953125,57296,57296,https://finance.yahoo.com/quote/GLAND.NS/
2025-05-09,Gland Pharma,GLAND.NS,1402.2445068359375,91114,91114,https://finance.yahoo.com/quote/GLAND.NS/
2025-05-12,Gland Pharma,GLAND.NS,1406.276123046875,107408,107408,https://finance.yahoo.com/quote/GLAND.NS/
2025-05-13,Gland Pharma,GLAND.NS,1409.3245849609375,107812,107812,https://finance.yahoo.com/quote/GLAND.NS/
2025-05-14,Gland Pharma,GLAND.NS,1436.8580322265625,58207,58207,https://finance.yahoo.com/quote/GLAND.NS/
2025-05-15,Gland Pharma,GLAND.NS,1435.97314453125,44956,44956,https://finance.yahoo.com/quote/GLAND.NS/
2025-05-16,Gland Pharma,GLAND.NS,1444.9215087890625,333563,333563,https://finance.yahoo.com/quote/GLAND.NS/
2025-05-19,Gland Pharma,GLAND.NS,1459.179931640625,104459,104459,https://finance.yahoo.com/quote/GLAND.NS/
2025-05-20,Gland Pharma,GLAND.NS,1473.340087890625,177116,177116,https://finance.yahoo.com/quote/GLAND.NS/
2025-05-21,Gland Pharma,GLAND.NS,1545.1240234375,1006495,1006495,https://finance.yahoo.com/quote/GLAND.NS/
2025-05-22,Gland Pharma,GLAND.NS,1520.8353271484375,148472,148472,https://finance.yahoo.com/quote/GLAND.NS/
2025-05-23,Gland Pharma,GLAND.NS,1503.233642578125,130899,130899,https://finance.yahoo.com/quote/GLAND.NS/
2025-05-26,Gland Pharma,GLAND.NS,1502.1519775390625,63292,63292,https://finance.yahoo.com/quote/GLAND.NS/
2025-05-27,Gland Pharma,GLAND.NS,1502.447021484375,117089,117089,https://finance.yahoo.com/quote/GLAND.NS/
2025-05-28,Gland Pharma,GLAND.NS,1500.2835693359375,43812,43812,https://finance.yahoo.com/quote/GLAND.NS/
2025-05-29,Gland Pharma,GLAND.NS,1551.908935546875,246728,246728,https://finance.yahoo.com/quote/GLAND.NS/
2025-05-30,Gland Pharma,GLAND.NS,1562.1357421875,99872,99872,https://finance.yahoo.com/quote/GLAND.NS/
2025-06-02,Gland Pharma,GLAND.NS,1584.9493408203125,136208,136208,https://finance.yahoo.com/quote/GLAND.NS/
2025-06-03,Gland Pharma,GLAND.NS,1562.4307861328125,119928,119928,https://finance.yahoo.com/quote/GLAND.NS/
2025-06-04,Gland Pharma,GLAND.NS,1598.32275390625,112434,112434,https://finance.yahoo.com/quote/GLAND.NS/
2025-06-05,Gland Pharma,GLAND.NS,1606.3861083984375,187613,187613,https://finance.yahoo.com/quote/GLAND.NS/
2025-06-06,Gland Pharma,GLAND.NS,1614.646240234375,95999,95999,https://finance.yahoo.com/quote/GLAND.NS/
2025-06-09,Gland Pharma,GLAND.NS,1620.9395751953125,95768,95768,https://finance.yahoo.com/quote/GLAND.NS/
2025-06-10,Gland Pharma,GLAND.NS,1636.968017578125,142370,142370,https://finance.yahoo.com/quote/GLAND.NS/
2025-06-11,Gland Pharma,GLAND.NS,1653.783203125,149217,149217,https://finance.yahoo.com/quote/GLAND.NS/
2025-06-12,Gland Pharma,GLAND.NS,1641.5897216796875,109120,109120,https://finance.yahoo.com/quote/GLAND.NS/
2025-06-13,Gland Pharma,GLAND.NS,1661.551513671875,88073,88073,https://finance.yahoo.com/quote/GLAND.NS/
2025-06-16,Gland Pharma,GLAND.NS,1741.300537109375,714875,714875,https://finance.yahoo.com/quote/GLAND.NS/
2025-06-17,Gland Pharma,GLAND.NS,1721.43701171875,472872,472872,https://finance.yahoo.com/quote/GLAND.NS/
2025-06-18,Gland Pharma,GLAND.NS,1705.8018798828125,84672,84672,https://finance.yahoo.com/quote/GLAND.NS/
2025-06-19,Gland Pharma,GLAND.NS,1678.760009765625,80946,80946,https://finance.yahoo.com/quote/GLAND.NS/
2025-06-20,Gland Pharma,GLAND.NS,1694.690185546875,258764,258764,https://finance.yahoo.com/quote/GLAND.NS/
2025-06-23,Gland Pharma,GLAND.NS,1715.34033203125,80498,80498,https://finance.yahoo.com/quote/GLAND.NS/
2025-06-24,Gland Pharma,GLAND.NS,1735.498779296875,215000,215000,https://finance.yahoo.com/quote/GLAND.NS/
2025-06-25,Gland Pharma,GLAND.NS,1750.642333984375,133488,133488,https://finance.yahoo.com/quote/GLAND.NS/
2025-06-26,Gland Pharma,GLAND.NS,1762.4425048828125,265663,265663,https://finance.yahoo.com/quote/GLAND.NS/
2025-06-27,Gland Pharma,GLAND.NS,1751.7239990234375,301361,301361,https://finance.yahoo.com/quote/GLAND.NS/
2025-06-30,Gland Pharma,GLAND.NS,1803.0543212890625,399506,399506,https://finance.yahoo.com/quote/GLAND.NS/
2025-07-01,Gland Pharma,GLAND.NS,1846.7147216796875,417127,417127,https://finance.yahoo.com/quote/GLAND.NS/
2025-07-02,Gland Pharma,GLAND.NS,1835.701416015625,315748,315748,https://finance.yahoo.com/quote/GLAND.NS/
2025-07-03,Gland Pharma,GLAND.NS,1843.1746826171875,440458,440458,https://finance.yahoo.com/quote/GLAND.NS/
2025-07-04,Gland Pharma,GLAND.NS,1841.5030517578125,129735,129735,https://finance.yahoo.com/quote/GLAND.NS/
2025-07-07,Gland Pharma,GLAND.NS,1843.568115234375,141908,141908,https://finance.yahoo.com/quote/GLAND.NS/
2025-07-08,Gland Pharma,GLAND.NS,1856.8431396484375,552271,552271,https://finance.yahoo.com/quote/GLAND.NS/
2025-07-09,Gland Pharma,GLAND.NS,1846.3212890625,226969,226969,https://finance.yahoo.com/quote/GLAND.NS/
2025-07-10,Gland Pharma,GLAND.NS,1813.37939453125,242490,242490,https://finance.yahoo.com/quote/GLAND.NS/
2025-07-11,Gland Pharma,GLAND.NS,1828.0311279296875,600435,600435,https://finance.yahoo.com/quote/GLAND.NS/
2025-07-14,Gland Pharma,GLAND.NS,1858.1214599609375,515348,515348,https://finance.yahoo.com/quote/GLAND.NS/
2025-07-15,Gland Pharma,GLAND.NS,1864.21826171875,755579,755579,https://finance.yahoo.com/quote/GLAND.NS/
2025-07-16,Gland Pharma,GLAND.NS,1938.067138671875,1474182,1474182,https://finance.yahoo.com/quote/GLAND.NS/
2025-07-17,Gland Pharma,GLAND.NS,1974.2540283203125,1064470,1064470,https://finance.yahoo.com/quote/GLAND.NS/
2025-07-18,Gland Pharma,GLAND.NS,1966.9774169921875,599204,599204,https://finance.yahoo.com/quote/GLAND.NS/
2025-07-21,Gland Pharma,GLAND.NS,1980.154052734375,854137,854137,https://finance.yahoo.com/quote/GLAND.NS/
2025-07-22,Gland Pharma,GLAND.NS,1929.1187744140625,187153,187153,https://finance.yahoo.com/quote/GLAND.NS/
2025-07-23,Gland Pharma,GLAND.NS,2004.04931640625,645632,645632,https://finance.yahoo.com/quote/GLAND.NS/
2025-07-24,Gland Pharma,GLAND.NS,1984.4808349609375,191641,191641,https://finance.yahoo.com/quote/GLAND.NS/
2025-07-25,Gland Pharma,GLAND.NS,1984.6776123046875,242134,242134,https://finance.yahoo.com/quote/GLAND.NS/
2025-07-28,Gland Pharma,GLAND.NS,2018.209228515625,252690,252690,https://finance.yahoo.com/quote/GLAND.NS/
2025-07-29,Gland Pharma,GLAND.NS,2067.08154296875,375226,375226,https://finance.yahoo.com/quote/GLAND.NS/
2025-07-30,Gland Pharma,GLAND.NS,2026.37109375,140627,140627,https://finance.yahoo.com/quote/GLAND.NS/
2025-07-31,Gland Pharma,GLAND.NS,2030.4029541015625,693215,693215,https://finance.yahoo.com/quote/GLAND.NS/
2025-08-01,Gland Pharma,GLAND.NS,1945.54052734375,167710,167710,https://finance.yahoo.com/quote/GLAND.NS/
2025-08-04,Gland Pharma,GLAND.NS,1949.7689208984375,111010,111010,https://finance.yahoo.com/quote/GLAND.NS/
2025-08-05,Gland Pharma,GLAND.NS,1931.9703369140625,148493,148493,https://finance.yahoo.com/quote/GLAND.NS/
2025-08-06,Gland Pharma,GLAND.NS,1924.890380859375,1948663,1948663,https://finance.yahoo.com/quote/GLAND.NS/
2025-08-07,Gland Pharma,GLAND.NS,1925.1854248046875,256619,256619,https://finance.yahoo.com/quote/GLAND.NS/
2025-08-08,Gland Pharma,GLAND.NS,1902.3717041015625,152477,152477,https://finance.yahoo.com/quote/GLAND.NS/
2025-08-11,Gland Pharma,GLAND.NS,1904.0435791015625,78843,78843,https://finance.yahoo.com/quote/GLAND.NS/
2025-08-12,Gland Pharma,GLAND.NS,1901.1917724609375,208466,208466,https://finance.yahoo.com/quote/GLAND.NS/
2025-08-13,Gland Pharma,GLAND.NS,1917.7119140625,202968,202968,https://finance.yahoo.com/quote/GLAND.NS/
2025-08-14,Gland Pharma,GLAND.NS,1960.985107421875,208200,208200,https://finance.yahoo.com/quote/GLAND.NS/
2025-08-18,Gland Pharma,GLAND.NS,1958.2060546875,162130,162130,https://finance.yahoo.com/quote/GLAND.NS/
2025-08-19,Gland Pharma,GLAND.NS,1929.9197998046875,193227,193227,https://finance.yahoo.com/quote/GLAND.NS/
2025-08-20,Gland Pharma,GLAND.NS,1929.0264892578125,237050,237050,https://finance.yahoo.com/quote/GLAND.NS/
2025-08-21,Gland Pharma,GLAND.NS,1930.217529296875,274600,274600,https://finance.yahoo.com/quote/GLAND.NS/
2025-08-22,Gland Pharma,GLAND.NS,1942.7230224609375,430408,430408,https://finance.yahoo.com/quote/GLAND.NS/
2025-08-25,Gland Pharma,GLAND.NS,1926.446044921875,42668,42668,https://finance.yahoo.com/quote/GLAND.NS/
2025-08-26,Gland Pharma,GLAND.NS,1913.0472412109375,96307,96307,https://finance.yahoo.com/quote/GLAND.NS/
2025-08-28,Gland Pharma,GLAND.NS,1872.6524658203125,251861,251861,https://finance.yahoo.com/quote/GLAND.NS/
2025-08-29,Gland Pharma,GLAND.NS,1857.4671630859375,140575,140575,https://finance.yahoo.com/quote/GLAND.NS/
2025-09-01,Gland Pharma,GLAND.NS,1857.070068359375,73834,73834,https://finance.yahoo.com/quote/GLAND.NS/
2025-09-02,Gland Pharma,GLAND.NS,1853.0008544921875,59681,59681,https://finance.yahoo.com/quote/GLAND.NS/
2025-09-03,Gland Pharma,GLAND.NS,1862.7274169921875,53433,53433,https://finance.yahoo.com/quote/GLAND.NS/
2025-09-04,Gland Pharma,GLAND.NS,1871.8583984375,68805,68805,https://finance.yahoo.com/quote/GLAND.NS/
2025-09-05,Gland Pharma,GLAND.NS,1878.0118408203125,160227,160227,https://finance.yahoo.com/quote/GLAND.NS/
2025-09-08,Gland Pharma,GLAND.NS,1864.017578125,79151,79151,https://finance.yahoo.com/quote/GLAND.NS/
2025-09-09,Gland Pharma,GLAND.NS,1906.595947265625,431248,431248,https://finance.yahoo.com/quote/GLAND.NS/
2025-09-10,Gland Pharma,GLAND.NS,1888.234619140625,133734,133734,https://finance.yahoo.com/quote/GLAND.NS/
2025-09-11,Gland Pharma,GLAND.NS,1951.06005859375,318325,318325,https://finance.yahoo.com/quote/GLAND.NS/
2025-09-12,Gland Pharma,GLAND.NS,2006.0445556640625,242504,242504,https://finance.yahoo.com/quote/GLAND.NS/
2025-09-15,Gland Pharma,GLAND.NS,2002.0745849609375,227141,227141,https://finance.yahoo.com/quote/GLAND.NS/
2025-09-16,Gland Pharma,GLAND.NS,2006.64013671875,191358,191358,https://finance.yahoo.com/quote/GLAND.NS/
2025-09-17,Gland Pharma,GLAND.NS,1972.0018310546875,217505,217505,https://finance.yahoo.com/quote/GLAND.NS/
2025-09-18,Gland Pharma,GLAND.NS,2001.3798828125,271330,271330,https://finance.yahoo.com/quote/GLAND.NS/
2025-09-19,Gland Pharma,GLAND.NS,2007.6326904296875,176265,176265,https://finance.yahoo.com/quote/GLAND.NS/
2025-09-22,Gland Pharma,GLAND.NS,1999.692626953125,173674,173674,https://finance.yahoo.com/quote/GLAND.NS/
2025-09-23,Gland Pharma,GLAND.NS,2002.0745849609375,132401,132401,https://finance.yahoo.com/quote/GLAND.NS/
2025-09-24,Gland Pharma,GLAND.NS,1962.9700927734375,85359,85359,https://finance.yahoo.com/quote/GLAND.NS/
2025-09-25,Gland Pharma,GLAND.NS,1958.007568359375,102301,102301,https://finance.yahoo.com/quote/GLAND.NS/
2025-09-26,Gland Pharma,GLAND.NS,1943.417724609375,594322,594322,https://finance.yahoo.com/quote/GLAND.NS/
2025-09-29,Gland Pharma,GLAND.NS,1983.0185546875,1031408,1031408,https://finance.yahoo.com/quote/GLAND.NS/
2025-09-30,Gland Pharma,GLAND.NS,1976.66650390625,195031,195031,https://finance.yahoo.com/quote/GLAND.NS/
2025-10-01,Gland Pharma,GLAND.NS,1966.7415771484375,97274,97274,https://finance.yahoo.com/quote/GLAND.NS/
2025-10-03,Gland Pharma,GLAND.NS,1936.76806640625,139407,139407,https://finance.yahoo.com/quote/GLAND.NS/
2025-10-06,Gland Pharma,GLAND.NS,1925.0565185546875,134166,134166,https://finance.yahoo.com/quote/GLAND.NS/
2025-10-07,Gland Pharma,GLAND.NS,1925.7513427734375,46464,46464,https://finance.yahoo.com/quote/GLAND.NS/
2025-10-08,Gland Pharma,GLAND.NS,1942.3260498046875,72177,72177,https://finance.yahoo.com/quote/GLAND.NS/
2025-10-09,Gland Pharma,GLAND.NS,1938.1575927734375,174390,174390,https://finance.yahoo.com/quote/GLAND.NS/
2025-10-10,Gland Pharma,GLAND.NS,1908.97802734375,122166,122166,https://finance.yahoo.com/quote/GLAND.NS/
2025-10-13,Gland Pharma,GLAND.NS,1914.138916015625,37208,37208,https://finance.yahoo.com/quote/GLAND.NS/
2025-10-14,Gland Pharma,GLAND.NS,1906.3974609375,131802,131802,https://finance.yahoo.com/quote/GLAND.NS/
2025-10-15,Gland Pharma,GLAND.NS,1921.979736328125,55891,55891,https://finance.yahoo.com/quote/GLAND.NS/
2025-10-16,Gland Pharma,GLAND.NS,1903.221435546875,102534,102534,https://finance.yahoo.com/quote/GLAND.NS/
2025-10-17,Gland Pharma,GLAND.NS,1923.27001953125,51691,51691,https://finance.yahoo.com/quote/GLAND.NS/
2025-10-20,Gland Pharma,GLAND.NS,1910.3675537109375,70362,70362,https://finance.yahoo.com/quote/GLAND.NS/
2025-10-21,Gland Pharma,GLAND.NS,1908.084716796875,7496,7496,https://finance.yahoo.com/quote/GLAND.NS/
2025-10-23,Gland Pharma,GLAND.NS,1917.6126708984375,81037,81037,https://finance.yahoo.com/quote/GLAND.NS/
2025-10-24,Gland Pharma,GLAND.NS,1926.843017578125,53471,53471,https://finance.yahoo.com/quote/GLAND.NS/
2025-10-27,Gland Pharma,GLAND.NS,1903.7176513671875,149880,149880,https://finance.yahoo.com/quote/GLAND.NS/
2025-10-28,Gland Pharma,GLAND.NS,1888.135498046875,115935,115935,https://finance.yahoo.com/quote/GLAND.NS/
2025-10-29,Gland Pharma,GLAND.NS,1890.2197265625,65125,65125,https://finance.yahoo.com/quote/GLAND.NS/
2025-10-30,Gland Pharma,GLAND.NS,1891.510009765625,424860,424860,https://finance.yahoo.com/quote/GLAND.NS/
2025-10-31,Gland Pharma,GLAND.NS,1914.436767578125,71429,71429,https://finance.yahoo.com/quote/GLAND.NS/
2025-11-03,Gland Pharma,GLAND.NS,1957.2135009765625,330511,330511,https://finance.yahoo.com/quote/GLAND.NS/
2025-11-04,Gland Pharma,GLAND.NS,1897.4649658203125,438747,438747,https://finance.yahoo.com/quote/GLAND.NS/
2025-11-06,Gland Pharma,GLAND.NS,1884.3638916015625,99824,99824,https://finance.yahoo.com/quote/GLAND.NS/
2025-11-07,Gland Pharma,GLAND.NS,1849.0308837890625,111371,111371,https://finance.yahoo.com/quote/GLAND.NS/
2025-11-10,Gland Pharma,GLAND.NS,1866.9951171875,46074,46074,https://finance.yahoo.com/quote/GLAND.NS/
2025-11-11,Gland Pharma,GLAND.NS,1837.3193359375,26989,26989,https://finance.yahoo.com/quote/GLAND.NS/
2025-11-12,Gland Pharma,GLAND.NS,1824.1190185546875,98290,98290,https://finance.yahoo.com/quote/GLAND.NS/
2025-11-13,Gland Pharma,GLAND.NS,1815.4842529296875,71801,71801,https://finance.yahoo.com/quote/GLAND.NS/
2025-11-14,Gland Pharma,GLAND.NS,1816.2783203125,67384,67384,https://finance.yahoo.com/quote/GLAND.NS/
2025-11-17,Gland Pharma,GLAND.NS,1801.6885986328125,90653,90653,https://finance.yahoo.com/quote/GLAND.NS/
2025-11-18,Gland Pharma,GLAND.NS,1776.677490234375,63404,63404,https://finance.yahoo.com/quote/GLAND.NS/
2025-11-19,Gland Pharma,GLAND.NS,1756.52978515625,1333535,1333535,https://finance.yahoo.com/quote/GLAND.NS/
2025-11-20,Gland Pharma,GLAND.NS,1803.673583984375,266354,266354,https://finance.yahoo.com/quote/GLAND.NS/
2025-11-21,Gland Pharma,GLAND.NS,1796.1304931640625,371417,371417,https://finance.yahoo.com/quote/GLAND.NS/
2025-11-24,Gland Pharma,GLAND.NS,1777.5706787109375,44630,44630,https://finance.yahoo.com/quote/GLAND.NS/
2025-11-25,Gland Pharma,GLAND.NS,1769.928466796875,41536,41536,https://finance.yahoo.com/quote/GLAND.NS/
2025-11-26,Gland Pharma,GLAND.NS,1782.334716796875,41660,41660,https://finance.yahoo.com/quote/GLAND.NS/
2025-11-27,Gland Pharma,GLAND.NS,1760.6982421875,25656,25656,https://finance.yahoo.com/quote/GLAND.NS/
2025-11-28,Gland Pharma,GLAND.NS,1746.4061279296875,150383,150383,https://finance.yahoo.com/quote/GLAND.NS/
2025-12-01,Gland Pharma,GLAND.NS,1714.4476318359375,62470,62470,https://finance.yahoo.com/quote/GLAND.NS/
2025-12-02,Gland Pharma,GLAND.NS,1752.857421875,424611,424611,https://finance.yahoo.com/quote/GLAND.NS/
2025-12-03,Gland Pharma,GLAND.NS,1757.720703125,131243,131243,https://finance.yahoo.com/quote/GLAND.NS/
2025-12-04,Gland Pharma,GLAND.NS,1721.891357421875,133475,133475,https://finance.yahoo.com/quote/GLAND.NS/
2025-12-05,Gland Pharma,GLAND.NS,1738.466064453125,106396,106396,https://finance.yahoo.com/quote/GLAND.NS/
2025-12-08,Gland Pharma,GLAND.NS,1686.8560791015625,160865,160865,https://finance.yahoo.com/quote/GLAND.NS/
2025-12-09,Gland Pharma,GLAND.NS,1701.5450439453125,77589,77589,https://finance.yahoo.com/quote/GLAND.NS/
2025-12-10,Gland Pharma,GLAND.NS,1696.2847900390625,59484,59484,https://finance.yahoo.com/quote/GLAND.NS/
2025-12-11,Gland Pharma,GLAND.NS,1679.2138671875,150910,150910,https://finance.yahoo.com/quote/GLAND.NS/
2025-12-12,Gland Pharma,GLAND.NS,1666.0135498046875,172618,172618,https://finance.yahoo.com/quote/GLAND.NS/
2025-12-15,Gland Pharma,GLAND.NS,1657.279541015625,25757,25757,https://finance.yahoo.com/quote/GLAND.NS/
2025-12-16,Gland Pharma,GLAND.NS,1652.019287109375,44392,44392,https://finance.yahoo.com/quote/GLAND.NS/
2025-12-17,Gland Pharma,GLAND.NS,1640.406982421875,17996,17996,https://finance.yahoo.com/quote/GLAND.NS/
2025-12-18,Gland Pharma,GLAND.NS,1653.8057861328125,67759,67759,https://finance.yahoo.com/quote/GLAND.NS/
2025-12-19,Gland Pharma,GLAND.NS,1659.1651611328125,104194,104194,https://finance.yahoo.com/quote/GLAND.NS/
2025-12-22,Gland Pharma,GLAND.NS,1674.74755859375,62491,62491,https://finance.yahoo.com/quote/GLAND.NS/
2025-12-23,Gland Pharma,GLAND.NS,1675.14453125,45343,45343,https://finance.yahoo.com/quote/GLAND.NS/
2025-12-24,Gland Pharma,GLAND.NS,1637.6279296875,57015,57015,https://finance.yahoo.com/quote/GLAND.NS/
2025-12-26,Gland Pharma,GLAND.NS,1641.1016845703125,289041,289041,https://finance.yahoo.com/quote/GLAND.NS/
2025-12-29,Gland Pharma,GLAND.NS,1637.7271728515625,58617,58617,https://finance.yahoo.com/quote/GLAND.NS/
2025-12-30,Gland Pharma,GLAND.NS,1655.1951904296875,160294,160294,https://finance.yahoo.com/quote/GLAND.NS/
2025-12-31,Gland Pharma,GLAND.NS,1709.088134765625,151190,151190,https://finance.yahoo.com/quote/GLAND.NS/
2026-01-01,Gland Pharma,GLAND.NS,1702.23974609375,21105,21105,https://finance.yahoo.com/quote/GLAND.NS/
2026-01-02,Gland Pharma,GLAND.NS,1702.9345703125,55898,55898,https://finance.yahoo.com/quote/GLAND.NS/
2026-01-05,Gland Pharma,GLAND.NS,1685.466552734375,281320,281320,https://finance.yahoo.com/quote/GLAND.NS/
2026-01-06,Gland Pharma,GLAND.NS,1680.6033935546875,40718,40718,https://finance.yahoo.com/quote/GLAND.NS/
2026-01-07,Gland Pharma,GLAND.NS,1695.590087890625,91601,91601,https://finance.yahoo.com/quote/GLAND.NS/
2026-01-08,Gland Pharma,GLAND.NS,1682.092041015625,908601,908601,https://finance.yahoo.com/quote/GLAND.NS/
2026-01-09,Gland Pharma,GLAND.NS,1667.99853515625,93457,93457,https://finance.yahoo.com/quote/GLAND.NS/
2026-01-12,Gland Pharma,GLAND.NS,1690.2305908203125,95484,95484,https://finance.yahoo.com/quote/GLAND.NS/
2026-01-13,Gland Pharma,GLAND.NS,1706.30908203125,40146,40146,https://finance.yahoo.com/quote/GLAND.NS/
2026-01-14,Gland Pharma,GLAND.NS,1740.451171875,70941,70941,https://finance.yahoo.com/quote/GLAND.NS/
2026-01-16,Gland Pharma,GLAND.NS,1691.4215087890625,74605,74605,https://finance.yahoo.com/quote/GLAND.NS/
2026-01-19,Gland Pharma,GLAND.NS,1668.2962646484375,68968,68968,https://finance.yahoo.com/quote/GLAND.NS/
2026-01-20,Gland Pharma,GLAND.NS,1656.38623046875,103335,103335,https://finance.yahoo.com/quote/GLAND.NS/
2026-01-21,Gland Pharma,GLAND.NS,1679.9085693359375,103460,103460,https://finance.yahoo.com/quote/GLAND.NS/
2026-01-22,Gland Pharma,GLAND.NS,1710.37841796875,54244,54244,https://finance.yahoo.com/quote/GLAND.NS/
2026-01-23,Gland Pharma,GLAND.NS,1669.88427734375,85262,85262,https://finance.yahoo.com/quote/GLAND.NS/
2026-01-27,Gland Pharma,GLAND.NS,1663.333740234375,42846,42846,https://finance.yahoo.com/quote/GLAND.NS/
2026-01-28,Gland Pharma,GLAND.NS,1677.0302734375,232840,232840,https://finance.yahoo.com/quote/GLAND.NS/
2026-01-29,Gland Pharma,GLAND.NS,1786.6024169921875,3083600,3083600,https://finance.yahoo.com/quote/GLAND.NS/
2026-01-30,Gland Pharma,GLAND.NS,1832.7537841796875,455894,455894,https://finance.yahoo.com/quote/GLAND.NS/
2026-02-02,Gland Pharma,GLAND.NS,1883.272216796875,259003,259003,https://finance.yahoo.com/quote/GLAND.NS/
2026-02-03,Gland Pharma,GLAND.NS,1881.485595703125,381304,381304,https://finance.yahoo.com/quote/GLAND.NS/
2026-02-04,Gland Pharma,GLAND.NS,1875.5306396484375,58911,58911,https://finance.yahoo.com/quote/GLAND.NS/
2026-02-05,Gland Pharma,GLAND.NS,1835.334228515625,46913,46913,https://finance.yahoo.com/quote/GLAND.NS/
2026-02-06,Gland Pharma,GLAND.NS,1837.120849609375,43243,43243,https://finance.yahoo.com/quote/GLAND.NS/
2026-02-09,Gland Pharma,GLAND.NS,1870.66748046875,70354,70354,https://finance.yahoo.com/quote/GLAND.NS/
2026-02-10,Gland Pharma,GLAND.NS,1871.3621826171875,250061,250061,https://finance.yahoo.com/quote/GLAND.NS/
2026-02-11,Gland Pharma,GLAND.NS,1854.390380859375,35941,35941,https://finance.yahoo.com/quote/GLAND.NS/
2026-02-12,Gland Pharma,GLAND.NS,1802.38330078125,84769,84769,https://finance.yahoo.com/quote/GLAND.NS/
2026-02-13,Gland Pharma,GLAND.NS,1767.447265625,108641,108641,https://finance.yahoo.com/quote/GLAND.NS/
2026-02-16,Gland Pharma,GLAND.NS,1794.6417236328125,98153,98153,https://finance.yahoo.com/quote/GLAND.NS/
2026-02-17,Gland Pharma,GLAND.NS,1822.5311279296875,43352,43352,https://finance.yahoo.com/quote/GLAND.NS/
2026-02-18,Gland Pharma,GLAND.NS,1835.632080078125,82573,82573,https://finance.yahoo.com/quote/GLAND.NS/
2026-02-19,Gland Pharma,GLAND.NS,1826.6995849609375,53810,53810,https://finance.yahoo.com/quote/GLAND.NS/
2026-02-20,Gland Pharma,GLAND.NS,1808.04052734375,16540,16540,https://finance.yahoo.com/quote/GLAND.NS/
2026-02-23,Gland Pharma,GLAND.NS,1789.2822265625,28204,28204,https://finance.yahoo.com/quote/GLAND.NS/
2026-02-24,Gland Pharma,GLAND.NS,1788.88525390625,39426,39426,https://finance.yahoo.com/quote/GLAND.NS/
2026-02-25,Gland Pharma,GLAND.NS,1834.6395263671875,92312,92312,https://finance.yahoo.com/quote/GLAND.NS/
2026-02-26,Gland Pharma,GLAND.NS,1847.2442626953125,143089,143089,https://finance.yahoo.com/quote/GLAND.NS/
2026-02-27,Gland Pharma,GLAND.NS,1808.5367431640625,118033,118033,https://finance.yahoo.com/quote/GLAND.NS/
2026-03-02,Gland Pharma,GLAND.NS,1781.34228515625,65276,65276,https://finance.yahoo.com/quote/GLAND.NS/
2026-03-04,Gland Pharma,GLAND.NS,1695.590087890625,112846,112846,https://finance.yahoo.com/quote/GLAND.NS/
2026-03-05,Gland Pharma,GLAND.NS,1693.6051025390625,79255,79255,https://finance.yahoo.com/quote/GLAND.NS/
2026-03-06,Gland Pharma,GLAND.NS,1656.4854736328125,84362,84362,https://finance.yahoo.com/quote/GLAND.NS/
2026-03-09,Gland Pharma,GLAND.NS,1664.9217529296875,61272,61272,https://finance.yahoo.com/quote/GLAND.NS/
2026-03-10,Gland Pharma,GLAND.NS,1675.54150390625,64061,64061,https://finance.yahoo.com/quote/GLAND.NS/
2026-03-11,Gland Pharma,GLAND.NS,1654.50048828125,82417,82417,https://finance.yahoo.com/quote/GLAND.NS/
2026-03-12,Gland Pharma,GLAND.NS,1642.8883056640625,173345,173345,https://finance.yahoo.com/quote/GLAND.NS/
2026-03-13,Gland Pharma,GLAND.NS,1614.4034423828125,111001,111001,https://finance.yahoo.com/quote/GLAND.NS/
2026-03-16,Gland Pharma,GLAND.NS,1597.1337890625,57547,57547,https://finance.yahoo.com/quote/GLAND.NS/
2026-03-17,Gland Pharma,GLAND.NS,1621.648681640625,29951,29951,https://finance.yahoo.com/quote/GLAND.NS/
2026-03-18,Gland Pharma,GLAND.NS,1652.3170166015625,212493,212493,https://finance.yahoo.com/quote/GLAND.NS/
2026-03-19,Gland Pharma,GLAND.NS,1584.826904296875,37796,37796,https://finance.yahoo.com/quote/GLAND.NS/
2026-03-20,Gland Pharma,GLAND.NS,1614.899658203125,138158,138158,https://finance.yahoo.com/quote/GLAND.NS/
2026-03-23,Gland Pharma,GLAND.NS,1600.4091796875,65348,65348,https://finance.yahoo.com/quote/GLAND.NS/
2026-03-24,Gland Pharma,GLAND.NS,1657.6763916015625,83880,83880,https://finance.yahoo.com/quote/GLAND.NS/
2026-03-25,Gland Pharma,GLAND.NS,1697.67431640625,58101,58101,https://finance.yahoo.com/quote/GLAND.NS/
2026-03-27,Gland Pharma,GLAND.NS,1711.17236328125,90957,90957,https://finance.yahoo.com/quote/GLAND.NS/
2026-03-30,Gland Pharma,GLAND.NS,1683.38232421875,105417,105417,https://finance.yahoo.com/quote/GLAND.NS/
2026-04-01,Gland Pharma,GLAND.NS,1693.2080078125,70584,70584,https://finance.yahoo.com/quote/GLAND.NS/
2026-04-02,Gland Pharma,GLAND.NS,1675.9384765625,95788,95788,https://finance.yahoo.com/quote/GLAND.NS/
2026-04-06,Gland Pharma,GLAND.NS,1687.2530517578125,63619,63619,https://finance.yahoo.com/quote/GLAND.NS/
2026-04-07,Gland Pharma,GLAND.NS,1703.5301513671875,131023,131023,https://finance.yahoo.com/quote/GLAND.NS/
2026-04-08,Gland Pharma,GLAND.NS,1715.539306640625,40456,40456,https://finance.yahoo.com/quote/GLAND.NS/
2026-04-09,Gland Pharma,GLAND.NS,1735.98486328125,31364,31364,https://finance.yahoo.com/quote/GLAND.NS/
2026-04-10,Gland Pharma,GLAND.NS,1728.8388671875,53183,53183,https://finance.yahoo.com/quote/GLAND.NS/
2026-04-13,Gland Pharma,GLAND.NS,1711.370849609375,53303,53303,https://finance.yahoo.com/quote/GLAND.NS/
2026-04-15,Gland Pharma,GLAND.NS,1739.557861328125,69406,69406,https://finance.yahoo.com/quote/GLAND.NS/
2026-04-16,Gland Pharma,GLAND.NS,1722.5860595703125,276350,276350,https://finance.yahoo.com/quote/GLAND.NS/
2026-04-17,Gland Pharma,GLAND.NS,1783.9227294921875,142799,142799,https://finance.yahoo.com/quote/GLAND.NS/
2026-04-20,Gland Pharma,GLAND.NS,1781.1436767578125,96610,96610,https://finance.yahoo.com/quote/GLAND.NS/
2026-04-21,Gland Pharma,GLAND.NS,1767.645751953125,110104,110104,https://finance.yahoo.com/quote/GLAND.NS/
2026-04-22,Gland Pharma,GLAND.NS,1787.0987548828125,91491,91491,https://finance.yahoo.com/quote/GLAND.NS/
2026-04-23,Gland Pharma,GLAND.NS,1781.937744140625,55778,55778,https://finance.yahoo.com/quote/GLAND.NS/
2026-04-24,Gland Pharma,GLAND.NS,1700.65185546875,161904,161904,https://finance.yahoo.com/quote/GLAND.NS/
2026-04-27,Gland Pharma,GLAND.NS,1762.1868896484375,112809,112809,https://finance.yahoo.com/quote/GLAND.NS/
2026-04-28,Gland Pharma,GLAND.NS,1747.59716796875,80928,80928,https://finance.yahoo.com/quote/GLAND.NS/
2026-04-29,Gland Pharma,GLAND.NS,1726.059814453125,37857,37857,https://finance.yahoo.com/quote/GLAND.NS/
2026-04-30,Gland Pharma,GLAND.NS,1737.6722412109375,221268,221268,https://finance.yahoo.com/quote/GLAND.NS/
2026-05-01,Gland Pharma,GLAND.NS,1737.6722412109375,0,0,https://finance.yahoo.com/quote/GLAND.NS/
2026-05-04,Gland Pharma,GLAND.NS,1801.886962890625,104203,104203,https://finance.yahoo.com/quote/GLAND.NS/
2026-05-05,Gland Pharma,GLAND.NS,1760.0035400390625,193769,193769,https://finance.yahoo.com/quote/GLAND.NS/
2026-05-06,Gland Pharma,GLAND.NS,1797.9169921875,373991,373991,https://finance.yahoo.com/quote/GLAND.NS/
2026-05-07,Gland Pharma,GLAND.NS,1856.5738525390625,243204,243204,https://finance.yahoo.com/quote/GLAND.NS/
2026-05-08,Gland Pharma,GLAND.NS,1890.1204833984375,272307,272307,https://finance.yahoo.com/quote/GLAND.NS/
2026-05-11,Gland Pharma,GLAND.NS,1904.710205078125,166729,166729,https://finance.yahoo.com/quote/GLAND.NS/
2026-05-12,Gland Pharma,GLAND.NS,1858.0626220703125,90163,90163,https://finance.yahoo.com/quote/GLAND.NS/
2026-05-13,Gland Pharma,GLAND.NS,1830.3717041015625,100090,100090,https://finance.yahoo.com/quote/GLAND.NS/
2026-05-14,Gland Pharma,GLAND.NS,1883.9669189453125,175119,175119,https://finance.yahoo.com/quote/GLAND.NS/
2026-05-15,Gland Pharma,GLAND.NS,1854.2911376953125,141659,141659,https://finance.yahoo.com/quote/GLAND.NS/
2026-05-18,Gland Pharma,GLAND.NS,2140.429443359375,7132093,7132093,https://finance.yahoo.com/quote/GLAND.NS/
2026-05-19,Gland Pharma,GLAND.NS,2234.220947265625,2357325,2357325,https://finance.yahoo.com/quote/GLAND.NS/
2026-05-20,Gland Pharma,GLAND.NS,2205.140625,1179862,1179862,https://finance.yahoo.com/quote/GLAND.NS/
2026-05-21,Gland Pharma,GLAND.NS,2313.521728515625,1019484,1019484,https://finance.yahoo.com/quote/GLAND.NS/
2026-05-22,Gland Pharma,GLAND.NS,2316.499267578125,864270,864270,https://finance.yahoo.com/quote/GLAND.NS/
2026-05-25,Gland Pharma,GLAND.NS,2316.30078125,506198,506198,https://finance.yahoo.com/quote/GLAND.NS/
2026-05-26,Gland Pharma,GLAND.NS,2290.5947265625,874160,874160,https://finance.yahoo.com/quote/GLAND.NS/
2026-05-27,Gland Pharma,GLAND.NS,2295.65673828125,224401,224401,https://finance.yahoo.com/quote/GLAND.NS/
2026-05-28,Gland Pharma,GLAND.NS,2295.65673828125,0,0,https://finance.yahoo.com/quote/GLAND.NS/
2026-05-29,Gland Pharma,GLAND.NS,2233.129150390625,218609,218609,https://finance.yahoo.com/quote/GLAND.NS/
2026-06-01,Gland Pharma,GLAND.NS,2275.2109375,585438,585438,https://finance.yahoo.com/quote/GLAND.NS/
2026-06-02,Gland Pharma,GLAND.NS,2259.926513671875,482075,482075,https://finance.yahoo.com/quote/GLAND.NS/
2026-06-03,Gland Pharma,GLAND.NS,2215.561767578125,255715,255715,https://finance.yahoo.com/quote/GLAND.NS/
2026-06-04,Gland Pharma,GLAND.NS,2202.857666015625,204659,204659,https://finance.yahoo.com/quote/GLAND.NS/
2026-06-05,Gland Pharma,GLAND.NS,2255.95654296875,494431,494431,https://finance.yahoo.com/quote/GLAND.NS/
2026-06-08,Gland Pharma,GLAND.NS,2230.945556640625,473778,473778,https://finance.yahoo.com/quote/GLAND.NS/
2026-06-09,Gland Pharma,GLAND.NS,2271.34033203125,521987,521987,https://finance.yahoo.com/quote/GLAND.NS/
2026-06-10,Gland Pharma,GLAND.NS,2250.795654296875,320379,320379,https://finance.yahoo.com/quote/GLAND.NS/
2026-06-11,Gland Pharma,GLAND.NS,2289.205322265625,2420500,2420500,https://finance.yahoo.com/quote/GLAND.NS/
2026-06-12,Gland Pharma,GLAND.NS,2245.237548828125,695609,695609,https://finance.yahoo.com/quote/GLAND.NS/
2026-06-15,Gland Pharma,GLAND.NS,2196.505859375,555244,555244,https://finance.yahoo.com/quote/GLAND.NS/
2026-06-16,Gland Pharma,GLAND.NS,2162.363525390625,509814,509814,https://finance.yahoo.com/quote/GLAND.NS/
2026-06-17,Gland Pharma,GLAND.NS,2181.1220703125,847424,847424,https://finance.yahoo.com/quote/GLAND.NS/
2026-06-18,Gland Pharma,GLAND.NS,2185.6875,1007773,1007773,https://finance.yahoo.com/quote/GLAND.NS/
2026-06-19,Gland Pharma,GLAND.NS,2182.511474609375,287608,287608,https://finance.yahoo.com/quote/GLAND.NS/
2026-06-22,Gland Pharma,GLAND.NS,2170.3037109375,534501,534501,https://finance.yahoo.com/quote/GLAND.NS/
2026-06-23,Gland Pharma,GLAND.NS,2280.967529296875,2095778,2095778,https://finance.yahoo.com/quote/GLAND.NS/
2026-06-24,Gland Pharma,GLAND.NS,2308.757568359375,949148,949148,https://finance.yahoo.com/quote/GLAND.NS/
2026-06-25,Gland Pharma,GLAND.NS,2297.443115234375,562760,562760,https://finance.yahoo.com/quote/GLAND.NS/
2026-06-26,Gland Pharma,GLAND.NS,2297.443115234375,0,0,https://finance.yahoo.com/quote/GLAND.NS/
2026-06-29,Gland Pharma,GLAND.NS,2355.206787109375,744431,744431,https://finance.yahoo.com/quote/GLAND.NS/
2026-06-30,Gland Pharma,GLAND.NS,2476.2919921875,2296284,2296284,https://finance.yahoo.com/quote/GLAND.NS/
2026-07-01,Gland Pharma,GLAND.NS,2446.71533203125,541571,541571,https://finance.yahoo.com/quote/GLAND.NS/
2026-07-02,Gland Pharma,GLAND.NS,2427.85791015625,459425,459425,https://finance.yahoo.com/quote/GLAND.NS/
2026-07-03,Gland Pharma,GLAND.NS,2443.837158203125,525087,525087,https://finance.yahoo.com/quote/GLAND.NS/
2026-07-06,Gland Pharma,GLAND.NS,2444.73046875,533513,533513,https://finance.yahoo.com/quote/GLAND.NS/
2026-07-07,Gland Pharma,GLAND.NS,2530.879638671875,1123604,1123604,https://finance.yahoo.com/quote/GLAND.NS/
2026-07-08,Gland Pharma,GLAND.NS,2477.0859375,1016985,1016985,https://finance.yahoo.com/quote/GLAND.NS/
2026-07-09,Gland Pharma,GLAND.NS,2450.983154296875,359295,359295,https://finance.yahoo.com/quote/GLAND.NS/
2026-07-10,Gland Pharma,GLAND.NS,2460.808837890625,329308,329308,https://finance.yahoo.com/quote/GLAND.NS/
2026-07-13,Gland Pharma,GLAND.NS,2442.745361328125,611673,611673,https://finance.yahoo.com/quote/GLAND.NS/
2026-07-14,Gland Pharma,GLAND.NS,2469.642333984375,492111,492111,https://finance.yahoo.com/quote/GLAND.NS/
2026-07-15,Gland Pharma,GLAND.NS,2446.6162109375,325204,325204,https://finance.yahoo.com/quote/GLAND.NS/
2026-07-16,Gland Pharma,GLAND.NS,2510.433837890625,809358,809358,https://finance.yahoo.com/quote/GLAND.NS/
2026-07-17,Gland Pharma,GLAND.NS,2430.636962890625,326961,326961,https://finance.yahoo.com/quote/GLAND.NS/
2026-07-20,Gland Pharma,GLAND.NS,2440.661376953125,324971,324971,https://finance.yahoo.com/quote/GLAND.NS/
2026-07-21,Gland Pharma,GLAND.NS,2463.786376953125,210888,210888,https://finance.yahoo.com/quote/GLAND.NS/
2026-07-22,Gland Pharma,GLAND.NS,2420.811279296875,671215,671215,https://finance.yahoo.com/quote/GLAND.NS/
2026-07-23,Gland Pharma,GLAND.NS,2359.87158203125,197918,197918,https://finance.yahoo.com/quote/GLAND.NS/
2026-07-24,Gland Pharma,GLAND.NS,2361.955810546875,156545,156545,https://finance.yahoo.com/quote/GLAND.NS/
2026-07-27,Gland Pharma,GLAND.NS,2408.901123046875,300623,300623,https://finance.yahoo.com/quote/GLAND.NS/
2026-07-28,Gland Pharma,GLAND.NS,2410.092041015625,142915,142915,https://finance.yahoo.com/quote/GLAND.NS/
2026-07-29,Gland Pharma,GLAND.NS,2524.626708984375,841656,841656,https://finance.yahoo.com/quote/GLAND.NS/
2026-07-30,Gland Pharma,GLAND.NS,2498.126953125,745911,745911,https://finance.yahoo.com/quote/GLAND.NS/
2026-07-31,Gland Pharma,GLAND.NS,2484.132568359375,266828,266828,https://finance.yahoo.com/quote/GLAND.NS/
2026-08-03,Gland Pharma,GLAND.NS,2559.860595703125,502554,502554,https://finance.yahoo.com/quote/GLAND.NS/
2026-08-04,Gland Pharma,GLAND.NS,2563.7314453125,765513,765513,https://finance.yahoo.com/quote/GLAND.NS/
2026-08-05,Gland Pharma,GLAND.NS,2526.016357421875,299935,299935,https://finance.yahoo.com/quote/GLAND.NS/
2026-08-06,Gland Pharma,GLAND.NS,2588.742431640625,503618,503618,https://finance.yahoo.com/quote/GLAND.NS/
2026-08-07,Gland Pharma,GLAND.NS,2581.4970703125,317731,317731,https://finance.yahoo.com/quote/GLAND.NS/
2026-08-10,Gland Pharma,GLAND.NS,2647.300048828125,720772,720772,https://finance.yahoo.com/quote/GLAND.NS/
2026-08-11,Gland Pharma,GLAND.NS,2924.39990234375,8760097,8760097,https://finance.yahoo.com/quote/GLAND.NS/
2026-08-12,Gland Pharma,GLAND.NS,2891.199951171875,732471,732471,https://finance.yahoo.com/quote/GLAND.NS/
2026-08-13,Gland Pharma,GLAND.NS,2967.60009765625,793051,793051,https://finance.yahoo.com/quote/GLAND.NS/
2026-08-14,Gland Pharma,GLAND.NS,2970.199951171875,789574,789574,https://finance.yahoo.com/quote/GLAND.NS/
2026-08-17,Gland Pharma,GLAND.NS,2910.199951171875,372430,372430,https://finance.yahoo.com/quote/GLAND.NS/
2026-08-18,Gland Pharma,GLAND.NS,2858.60009765625,488656,488656,https://finance.yahoo.com/quote/GLAND.NS/
2026-08-19,Gland Pharma,GLAND.NS,2841.300048828125,254909,254909,https://finance.yahoo.com/quote/GLAND.NS/
2026-08-20,Gland Pharma,GLAND.NS,2820.0,563338,563338,https://finance.yahoo.com/quote/GLAND.NS/
2026-08-21,Gland Pharma,GLAND.NS,2819.300048828125,244651,244651,https://finance.yahoo.com/quote/GLAND.NS/
2026-08-24,Gland Pharma,GLAND.NS,2801.60009765625,517520,517520,https://finance.yahoo.com/quote/GLAND.NS/
2026-08-25,Gland Pharma,GLAND.NS,2824.60009765625,139251,139251,https://finance.yahoo.com/quote/GLAND.NS/
2026-08-26,Gland Pharma,GLAND.NS,2903.199951171875,360874,360874,https://finance.yahoo.com/quote/GLAND.NS/
2026-08-27,Gland Pharma,GLAND.NS,2873.5,129706,129706,https://finance.yahoo.com/quote/GLAND.NS/
2026-08-28,Gland Pharma,GLAND.NS,2888.0,165191,165191,https://finance.yahoo.com/quote/GLAND.NS/
2026-08-31,Gland Pharma,GLAND.NS,2885.800048828125,370779,370779,https://finance.yahoo.com/quote/GLAND.NS/
2026-09-01,Gland Pharma,GLAND.NS,2875.0,257559,257559,https://finance.yahoo.com/quote/GLAND.NS/
2026-09-02,Gland Pharma,GLAND.NS,2868.39990234375,556481,556481,https://finance.yahoo.com/quote/GLAND.NS/
2026-09-03,Gland Pharma,GLAND.NS,2907.89990234375,189288,189288,https://finance.yahoo.com/quote/GLAND.NS/
2026-09-04,Gland Pharma,GLAND.NS,2932.39990234375,2977808,2977808,https://finance.yahoo.com/quote/GLAND.NS/
2026-09-07,Gland Pharma,GLAND.NS,2974.300048828125,1031320,1031320,https://finance.yahoo.com/quote/GLAND.NS/
2026-09-08,Gland Pharma,GLAND.NS,2959.300048828125,709554,709554,https://finance.yahoo.com/quote/GLAND.NS/
2026-09-09,Gland Pharma,GLAND.NS,3026.199951171875,1560855,1560855,https://finance.yahoo.com/quote/GLAND.NS/
2026-09-10,Gland Pharma,GLAND.NS,2946.89990234375,368835,368835,https://finance.yahoo.com/quote/GLAND.NS/
2026-09-11,Gland Pharma,GLAND.NS,2922.300048828125,389004,389004,https://finance.yahoo.com/quote/GLAND.NS/
2026-09-14,Gland Pharma,GLAND.NS,2922.300048828125,0,0,https://finance.yahoo.com/quote/GLAND.NS/
2026-09-15,Gland Pharma,GLAND.NS,2895.5,497958,497958,https://finance.yahoo.com/quote/GLAND.NS/
2026-09-16,Gland Pharma,GLAND.NS,2826.60009765625,748751,748751,https://finance.yahoo.com/quote/GLAND.NS/
2026-09-17,Gland Pharma,GLAND.NS,2907.800048828125,678985,678985,https://finance.yahoo.com/quote/GLAND.NS/
2026-09-18,Gland Pharma,GLAND.NS,2961.89990234375,492452,492452,https://finance.yahoo.com/quote/GLAND.NS/
2026-09-21,Gland Pharma,GLAND.NS,2940.199951171875,279128,279128,https://finance.yahoo.com/quote/GLAND.NS/
2026-09-22,Gland Pharma,GLAND.NS,2916.60009765625,124161,124161,https://finance.yahoo.com/quote/GLAND.NS/
2026-09-23,Gland Pharma,GLAND.NS,2910.199951171875,160041,160041,https://finance.yahoo.com/quote/GLAND.NS/
2026-09-24,Gland Pharma,GLAND.NS,2897.39990234375,327302,327302,https://finance.yahoo.com/quote/GLAND.NS/
2026-09-25,Gland Pharma,GLAND.NS,2917.199951171875,124312,124312,https://finance.yahoo.com/quote/GLAND.NS/
2026-09-28,Gland Pharma,GLAND.NS,2896.0,223663,223663,https://finance.yahoo.com/quote/GLAND.NS/
2026-09-29,Gland Pharma,GLAND.NS,2989.699951171875,876878,876878,https://finance.yahoo.com/quote/GLAND.NS/
2026-09-30,Gland Pharma,GLAND.NS,2899.39990234375,528548,528548,https://finance.yahoo.com/quote/GLAND.NS/
2026-10-01,Gland Pharma,GLAND.NS,2874.39990234375,327673,327673,https://finance.yahoo.com/quote/GLAND.NS/
2025-04-02,Glenmark Pharma,GLENMARK.NS,1510.2391357421875,335650,335650,https://finance.yahoo.com/quote/GLENMARK.NS/
2025-04-03,Glenmark Pharma,GLENMARK.NS,1539.936767578125,694785,694785,https://finance.yahoo.com/quote/GLENMARK.NS/
2025-04-04,Glenmark Pharma,GLENMARK.NS,1494.69287109375,848410,848410,https://finance.yahoo.com/quote/GLENMARK.NS/
2025-04-07,Glenmark Pharma,GLENMARK.NS,1437.2410888671875,551499,551499,https://finance.yahoo.com/quote/GLENMARK.NS/
2025-04-08,Glenmark Pharma,GLENMARK.NS,1435.845947265625,401250,401250,https://finance.yahoo.com/quote/GLENMARK.NS/
2025-04-09,Glenmark Pharma,GLENMARK.NS,1371.56787109375,1074293,1074293,https://finance.yahoo.com/quote/GLENMARK.NS/
2025-04-11,Glenmark Pharma,GLENMARK.NS,1373.3614501953125,647397,647397,https://finance.yahoo.com/quote/GLENMARK.NS/
2025-04-15,Glenmark Pharma,GLENMARK.NS,1372.1656494140625,1172653,1172653,https://finance.yahoo.com/quote/GLENMARK.NS/
2025-04-16,Glenmark Pharma,GLENMARK.NS,1352.134765625,557335,557335,https://finance.yahoo.com/quote/GLENMARK.NS/
2025-04-17,Glenmark Pharma,GLENMARK.NS,1337.7843017578125,613374,613374,https://finance.yahoo.com/quote/GLENMARK.NS/
2025-04-21,Glenmark Pharma,GLENMARK.NS,1364.0936279296875,2163528,2163528,https://finance.yahoo.com/quote/GLENMARK.NS/
2025-04-22,Glenmark Pharma,GLENMARK.NS,1386.017822265625,844434,844434,https://finance.yahoo.com/quote/GLENMARK.NS/
2025-04-23,Glenmark Pharma,GLENMARK.NS,1407.6431884765625,1462811,1462811,https://finance.yahoo.com/quote/GLENMARK.NS/
2025-04-24,Glenmark Pharma,GLENMARK.NS,1416.0142822265625,1391087,1391087,https://finance.yahoo.com/quote/GLENMARK.NS/
2025-04-25,Glenmark Pharma,GLENMARK.NS,1356.021240234375,664046,664046,https://finance.yahoo.com/quote/GLENMARK.NS/
2025-04-28,Glenmark Pharma,GLENMARK.NS,1402.760009765625,504860,504860,https://finance.yahoo.com/quote/GLENMARK.NS/
2025-04-29,Glenmark Pharma,GLENMARK.NS,1379.639892578125,314711,314711,https://finance.yahoo.com/quote/GLENMARK.NS/
2025-04-30,Glenmark Pharma,GLENMARK.NS,1376.4508056640625,694501,694501,https://finance.yahoo.com/quote/GLENMARK.NS/
2025-05-02,Glenmark Pharma,GLENMARK.NS,1365.289306640625,661700,661700,https://finance.yahoo.com/quote/GLENMARK.NS/
2025-05-05,Glenmark Pharma,GLENMARK.NS,1401.5643310546875,829959,829959,https://finance.yahoo.com/quote/GLENMARK.NS/
2025-05-06,Glenmark Pharma,GLENMARK.NS,1401.06591796875,1568425,1568425,https://finance.yahoo.com/quote/GLENMARK.NS/
2025-05-07,Glenmark Pharma,GLENMARK.NS,1430.16552734375,617241,617241,https://finance.yahoo.com/quote/GLENMARK.NS/
2025-05-08,Glenmark Pharma,GLENMARK.NS,1414.021240234375,511630,511630,https://finance.yahoo.com/quote/GLENMARK.NS/
2025-05-09,Glenmark Pharma,GLENMARK.NS,1393.392333984375,479965,479965,https://finance.yahoo.com/quote/GLENMARK.NS/
2025-05-12,Glenmark Pharma,GLENMARK.NS,1376.9490966796875,709514,709514,https://finance.yahoo.com/quote/GLENMARK.NS/
2025-05-13,Glenmark Pharma,GLENMARK.NS,1412.5264892578125,758590,758590,https://finance.yahoo.com/quote/GLENMARK.NS/
2025-05-14,Glenmark Pharma,GLENMARK.NS,1437.938720703125,435321,435321,https://finance.yahoo.com/quote/GLENMARK.NS/
2025-05-15,Glenmark Pharma,GLENMARK.NS,1442.024658203125,405442,405442,https://finance.yahoo.com/quote/GLENMARK.NS/
2025-05-16,Glenmark Pharma,GLENMARK.NS,1443.6190185546875,319597,319597,https://finance.yahoo.com/quote/GLENMARK.NS/
2025-05-19,Glenmark Pharma,GLENMARK.NS,1433.5538330078125,481421,481421,https://finance.yahoo.com/quote/GLENMARK.NS/
2025-05-20,Glenmark Pharma,GLENMARK.NS,1431.26171875,860650,860650,https://finance.yahoo.com/quote/GLENMARK.NS/
2025-05-21,Glenmark Pharma,GLENMARK.NS,1435.1483154296875,399837,399837,https://finance.yahoo.com/quote/GLENMARK.NS/
2025-05-22,Glenmark Pharma,GLENMARK.NS,1426.4783935546875,342931,342931,https://finance.yahoo.com/quote/GLENMARK.NS/
2025-05-23,Glenmark Pharma,GLENMARK.NS,1415.3167724609375,487214,487214,https://finance.yahoo.com/quote/GLENMARK.NS/
2025-05-26,Glenmark Pharma,GLENMARK.NS,1385.3203125,2125417,2125417,https://finance.yahoo.com/quote/GLENMARK.NS/
2025-05-27,Glenmark Pharma,GLENMARK.NS,1380.23779296875,378280,378280,https://finance.yahoo.com/quote/GLENMARK.NS/
2025-05-28,Glenmark Pharma,GLENMARK.NS,1375.2550048828125,835182,835182,https://finance.yahoo.com/quote/GLENMARK.NS/
2025-05-29,Glenmark Pharma,GLENMARK.NS,1401.5643310546875,1057291,1057291,https://finance.yahoo.com/quote/GLENMARK.NS/
2025-05-30,Glenmark Pharma,GLENMARK.NS,1452.0899658203125,1334384,1334384,https://finance.yahoo.com/quote/GLENMARK.NS/
2025-06-02,Glenmark Pharma,GLENMARK.NS,1492.3509521484375,908496,908496,https://finance.yahoo.com/quote/GLENMARK.NS/
2025-06-03,Glenmark Pharma,GLENMARK.NS,1508.794189453125,2598096,2598096,https://finance.yahoo.com/quote/GLENMARK.NS/
2025-06-04,Glenmark Pharma,GLENMARK.NS,1507.5985107421875,1536543,1536543,https://finance.yahoo.com/quote/GLENMARK.NS/
2025-06-05,Glenmark Pharma,GLENMARK.NS,1579.350830078125,2290396,2290396,https://finance.yahoo.com/quote/GLENMARK.NS/
2025-06-06,Glenmark Pharma,GLENMARK.NS,1584.7320556640625,940297,940297,https://finance.yahoo.com/quote/GLENMARK.NS/
2025-06-09,Glenmark Pharma,GLENMARK.NS,1593.7012939453125,945368,945368,https://finance.yahoo.com/quote/GLENMARK.NS/
2025-06-10,Glenmark Pharma,GLENMARK.NS,1610.0447998046875,736075,736075,https://finance.yahoo.com/quote/GLENMARK.NS/
2025-06-11,Glenmark Pharma,GLENMARK.NS,1629.7767333984375,996326,996326,https://finance.yahoo.com/quote/GLENMARK.NS/
2025-06-12,Glenmark Pharma,GLENMARK.NS,1633.9622802734375,858855,858855,https://finance.yahoo.com/quote/GLENMARK.NS/
2025-06-13,Glenmark Pharma,GLENMARK.NS,1664.158203125,937744,937744,https://finance.yahoo.com/quote/GLENMARK.NS/
2025-06-16,Glenmark Pharma,GLENMARK.NS,1677.6116943359375,716274,716274,https://finance.yahoo.com/quote/GLENMARK.NS/
2025-06-17,Glenmark Pharma,GLENMARK.NS,1647.5155029296875,1542907,1542907,https://finance.yahoo.com/quote/GLENMARK.NS/
2025-06-18,Glenmark Pharma,GLENMARK.NS,1654.6907958984375,990393,990393,https://finance.yahoo.com/quote/GLENMARK.NS/
2025-06-19,Glenmark Pharma,GLENMARK.NS,1633.563720703125,772902,772902,https://finance.yahoo.com/quote/GLENMARK.NS/
2025-06-20,Glenmark Pharma,GLENMARK.NS,1631.072265625,1156671,1156671,https://finance.yahoo.com/quote/GLENMARK.NS/
2025-06-23,Glenmark Pharma,GLENMARK.NS,1679.007080078125,1926596,1926596,https://finance.yahoo.com/quote/GLENMARK.NS/
2025-06-24,Glenmark Pharma,GLENMARK.NS,1677.3126220703125,1352660,1352660,https://finance.yahoo.com/quote/GLENMARK.NS/
2025-06-25,Glenmark Pharma,GLENMARK.NS,1711.1959228515625,1332966,1332966,https://finance.yahoo.com/quote/GLENMARK.NS/
2025-06-26,Glenmark Pharma,GLENMARK.NS,1726.044677734375,823973,823973,https://finance.yahoo.com/quote/GLENMARK.NS/
2025-06-27,Glenmark Pharma,GLENMARK.NS,1705.3160400390625,1140912,1140912,https://finance.yahoo.com/quote/GLENMARK.NS/
2025-06-30,Glenmark Pharma,GLENMARK.NS,1747.7696533203125,925571,925571,https://finance.yahoo.com/quote/GLENMARK.NS/
2025-07-01,Glenmark Pharma,GLENMARK.NS,1748.26806640625,447785,447785,https://finance.yahoo.com/quote/GLENMARK.NS/
2025-07-02,Glenmark Pharma,GLENMARK.NS,1763.9140625,505076,505076,https://finance.yahoo.com/quote/GLENMARK.NS/
2025-07-03,Glenmark Pharma,GLENMARK.NS,1777.3675537109375,442412,442412,https://finance.yahoo.com/quote/GLENMARK.NS/
2025-07-04,Glenmark Pharma,GLENMARK.NS,1824.1063232421875,814811,814811,https://finance.yahoo.com/quote/GLENMARK.NS/
2025-07-07,Glenmark Pharma,GLENMARK.NS,1853.7042236328125,1098035,1098035,https://finance.yahoo.com/quote/GLENMARK.NS/
2025-07-08,Glenmark Pharma,GLENMARK.NS,1824.2060546875,1474482,1474482,https://finance.yahoo.com/quote/GLENMARK.NS/
2025-07-09,Glenmark Pharma,GLENMARK.NS,1812.5462646484375,1213272,1213272,https://finance.yahoo.com/quote/GLENMARK.NS/
2025-07-10,Glenmark Pharma,GLENMARK.NS,1897.4532470703125,3420276,3420276,https://finance.yahoo.com/quote/GLENMARK.NS/
2025-07-11,Glenmark Pharma,GLENMARK.NS,2173.6005859375,15680321,15680321,https://finance.yahoo.com/quote/GLENMARK.NS/
2025-07-14,Glenmark Pharma,GLENMARK.NS,2211.5693359375,3573890,3573890,https://finance.yahoo.com/quote/GLENMARK.NS/
2025-07-15,Glenmark Pharma,GLENMARK.NS,2218.44580078125,1666264,1666264,https://finance.yahoo.com/quote/GLENMARK.NS/
2025-07-16,Glenmark Pharma,GLENMARK.NS,2197.218994140625,1495509,1495509,https://finance.yahoo.com/quote/GLENMARK.NS/
2025-07-17,Glenmark Pharma,GLENMARK.NS,2219.043701171875,3288766,3288766,https://finance.yahoo.com/quote/GLENMARK.NS/
2025-07-18,Glenmark Pharma,GLENMARK.NS,2217.84765625,1272680,1272680,https://finance.yahoo.com/quote/GLENMARK.NS/
2025-07-21,Glenmark Pharma,GLENMARK.NS,2177.287841796875,1650355,1650355,https://finance.yahoo.com/quote/GLENMARK.NS/
2025-07-22,Glenmark Pharma,GLENMARK.NS,2150.47998046875,1543453,1543453,https://finance.yahoo.com/quote/GLENMARK.NS/
2025-07-23,Glenmark Pharma,GLENMARK.NS,2131.446044921875,1424554,1424554,https://finance.yahoo.com/quote/GLENMARK.NS/
2025-07-24,Glenmark Pharma,GLENMARK.NS,2136.8271484375,744286,744286,https://finance.yahoo.com/quote/GLENMARK.NS/
2025-07-25,Glenmark Pharma,GLENMARK.NS,2137.923828125,1095311,1095311,https://finance.yahoo.com/quote/GLENMARK.NS/
2025-07-28,Glenmark Pharma,GLENMARK.NS,2137.0263671875,1270504,1270504,https://finance.yahoo.com/quote/GLENMARK.NS/
2025-07-29,Glenmark Pharma,GLENMARK.NS,2150.579833984375,1066676,1066676,https://finance.yahoo.com/quote/GLENMARK.NS/
2025-07-30,Glenmark Pharma,GLENMARK.NS,2146.195068359375,786091,786091,https://finance.yahoo.com/quote/GLENMARK.NS/
2025-07-31,Glenmark Pharma,GLENMARK.NS,2126.76220703125,994348,994348,https://finance.yahoo.com/quote/GLENMARK.NS/
2025-08-01,Glenmark Pharma,GLENMARK.NS,2060.690185546875,1484724,1484724,https://finance.yahoo.com/quote/GLENMARK.NS/
2025-08-04,Glenmark Pharma,GLENMARK.NS,2067.765625,702572,702572,https://finance.yahoo.com/quote/GLENMARK.NS/
2025-08-05,Glenmark Pharma,GLENMARK.NS,2045.54248046875,429624,429624,https://finance.yahoo.com/quote/GLENMARK.NS/
2025-08-06,Glenmark Pharma,GLENMARK.NS,2018.6351318359375,891973,891973,https://finance.yahoo.com/quote/GLENMARK.NS/
2025-08-07,Glenmark Pharma,GLENMARK.NS,2055.707275390625,487155,487155,https://finance.yahoo.com/quote/GLENMARK.NS/
2025-08-08,Glenmark Pharma,GLENMARK.NS,2012.6558837890625,297540,297540,https://finance.yahoo.com/quote/GLENMARK.NS/
2025-08-11,Glenmark Pharma,GLENMARK.NS,2042.2537841796875,544574,544574,https://finance.yahoo.com/quote/GLENMARK.NS/
2025-08-12,Glenmark Pharma,GLENMARK.NS,2051.123046875,385694,385694,https://finance.yahoo.com/quote/GLENMARK.NS/
2025-08-13,Glenmark Pharma,GLENMARK.NS,2022.322509765625,466373,466373,https://finance.yahoo.com/quote/GLENMARK.NS/
2025-08-14,Glenmark Pharma,GLENMARK.NS,2037.56982421875,986277,986277,https://finance.yahoo.com/quote/GLENMARK.NS/
2025-08-18,Glenmark Pharma,GLENMARK.NS,1967.1129150390625,1730646,1730646,https://finance.yahoo.com/quote/GLENMARK.NS/
2025-08-19,Glenmark Pharma,GLENMARK.NS,1939.1094970703125,976629,976629,https://finance.yahoo.com/quote/GLENMARK.NS/
2025-08-20,Glenmark Pharma,GLENMARK.NS,1917.384521484375,1227980,1227980,https://finance.yahoo.com/quote/GLENMARK.NS/
2025-08-21,Glenmark Pharma,GLENMARK.NS,1934.2264404296875,890032,890032,https://finance.yahoo.com/quote/GLENMARK.NS/
2025-08-22,Glenmark Pharma,GLENMARK.NS,1930.6387939453125,466930,466930,https://finance.yahoo.com/quote/GLENMARK.NS/
2025-08-25,Glenmark Pharma,GLENMARK.NS,1949.3741455078125,531826,531826,https://finance.yahoo.com/quote/GLENMARK.NS/
2025-08-26,Glenmark Pharma,GLENMARK.NS,1943.9925537109375,1148175,1148175,https://finance.yahoo.com/quote/GLENMARK.NS/
2025-08-28,Glenmark Pharma,GLENMARK.NS,1930.2401123046875,481992,481992,https://finance.yahoo.com/quote/GLENMARK.NS/
2025-08-29,Glenmark Pharma,GLENMARK.NS,1917.284912109375,239914,239914,https://finance.yahoo.com/quote/GLENMARK.NS/
2025-09-01,Glenmark Pharma,GLENMARK.NS,1920.1749267578125,415464,415464,https://finance.yahoo.com/quote/GLENMARK.NS/
2025-09-02,Glenmark Pharma,GLENMARK.NS,1912.202392578125,253254,253254,https://finance.yahoo.com/quote/GLENMARK.NS/
2025-09-03,Glenmark Pharma,GLENMARK.NS,1997.508056640625,1381575,1381575,https://finance.yahoo.com/quote/GLENMARK.NS/
2025-09-04,Glenmark Pharma,GLENMARK.NS,1984.054443359375,493159,493159,https://finance.yahoo.com/quote/GLENMARK.NS/
2025-09-05,Glenmark Pharma,GLENMARK.NS,2044.8446044921875,977419,977419,https://finance.yahoo.com/quote/GLENMARK.NS/
2025-09-08,Glenmark Pharma,GLENMARK.NS,2044.8446044921875,842874,842874,https://finance.yahoo.com/quote/GLENMARK.NS/
2025-09-09,Glenmark Pharma,GLENMARK.NS,2109.0234375,1269358,1269358,https://finance.yahoo.com/quote/GLENMARK.NS/
2025-09-10,Glenmark Pharma,GLENMARK.NS,2123.572998046875,773741,773741,https://finance.yahoo.com/quote/GLENMARK.NS/
2025-09-11,Glenmark Pharma,GLENMARK.NS,2120.384033203125,737140,737140,https://finance.yahoo.com/quote/GLENMARK.NS/
2025-09-12,Glenmark Pharma,GLENMARK.NS,2125.16748046875,615392,615392,https://finance.yahoo.com/quote/GLENMARK.NS/
2025-09-15,Glenmark Pharma,GLENMARK.NS,2094.73681640625,546804,546804,https://finance.yahoo.com/quote/GLENMARK.NS/
2025-09-16,Glenmark Pharma,GLENMARK.NS,2072.28759765625,578050,578050,https://finance.yahoo.com/quote/GLENMARK.NS/
2025-09-17,Glenmark Pharma,GLENMARK.NS,2037.766357421875,567155,567155,https://finance.yahoo.com/quote/GLENMARK.NS/
2025-09-18,Glenmark Pharma,GLENMARK.NS,2103.616455078125,1114841,1114841,https://finance.yahoo.com/quote/GLENMARK.NS/
2025-09-19,Glenmark Pharma,GLENMARK.NS,2080.468994140625,686651,686651,https://finance.yahoo.com/quote/GLENMARK.NS/
2025-09-22,Glenmark Pharma,GLENMARK.NS,2013.22216796875,710308,710308,https://finance.yahoo.com/quote/GLENMARK.NS/
2025-09-23,Glenmark Pharma,GLENMARK.NS,2012.224365234375,413502,413502,https://finance.yahoo.com/quote/GLENMARK.NS/
2025-09-24,Glenmark Pharma,GLENMARK.NS,2014.0201416015625,651958,651958,https://finance.yahoo.com/quote/GLENMARK.NS/
2025-09-25,Glenmark Pharma,GLENMARK.NS,2026.0927734375,1053509,1053509,https://finance.yahoo.com/quote/GLENMARK.NS/
2025-09-26,Glenmark Pharma,GLENMARK.NS,1967.2265625,924467,924467,https://finance.yahoo.com/quote/GLENMARK.NS/
2025-09-29,Glenmark Pharma,GLENMARK.NS,1953.7572021484375,554275,554275,https://finance.yahoo.com/quote/GLENMARK.NS/
2025-09-30,Glenmark Pharma,GLENMARK.NS,1948.2696533203125,302233,302233,https://finance.yahoo.com/quote/GLENMARK.NS/
2025-10-01,Glenmark Pharma,GLENMARK.NS,1954.7550048828125,524801,524801,https://finance.yahoo.com/quote/GLENMARK.NS/
2025-10-03,Glenmark Pharma,GLENMARK.NS,1978.2315673828125,419687,419687,https://finance.yahoo.com/quote/GLENMARK.NS/
2025-10-06,Glenmark Pharma,GLENMARK.NS,1969.240478515625,346596,346596,https://finance.yahoo.com/quote/GLENMARK.NS/
2025-10-07,Glenmark Pharma,GLENMARK.NS,1960.6490478515625,349591,349591,https://finance.yahoo.com/quote/GLENMARK.NS/
2025-10-08,Glenmark Pharma,GLENMARK.NS,1927.38232421875,306722,306722,https://finance.yahoo.com/quote/GLENMARK.NS/
2025-10-09,Glenmark Pharma,GLENMARK.NS,1933.6759033203125,596524,596524,https://finance.yahoo.com/quote/GLENMARK.NS/
2025-10-10,Glenmark Pharma,GLENMARK.NS,1937.372314453125,867422,867422,https://finance.yahoo.com/quote/GLENMARK.NS/
2025-10-13,Glenmark Pharma,GLENMARK.NS,1907.7017822265625,872789,872789,https://finance.yahoo.com/quote/GLENMARK.NS/
2025-10-14,Glenmark Pharma,GLENMARK.NS,1890.9185791015625,435764,435764,https://finance.yahoo.com/quote/GLENMARK.NS/
2025-10-15,Glenmark Pharma,GLENMARK.NS,1892.3170166015625,658841,658841,https://finance.yahoo.com/quote/GLENMARK.NS/
2025-10-16,Glenmark Pharma,GLENMARK.NS,1862.5467529296875,1132677,1132677,https://finance.yahoo.com/quote/GLENMARK.NS/
2025-10-17,Glenmark Pharma,GLENMARK.NS,1860.0491943359375,247430,247430,https://finance.yahoo.com/quote/GLENMARK.NS/
2025-10-20,Glenmark Pharma,GLENMARK.NS,1850.9583740234375,188567,188567,https://finance.yahoo.com/quote/GLENMARK.NS/
2025-10-21,Glenmark Pharma,GLENMARK.NS,1853.5556640625,49883,49883,https://finance.yahoo.com/quote/GLENMARK.NS/
2025-10-23,Glenmark Pharma,GLENMARK.NS,1848.7603759765625,668287,668287,https://finance.yahoo.com/quote/GLENMARK.NS/
2025-10-24,Glenmark Pharma,GLENMARK.NS,1816.9920654296875,536406,536406,https://finance.yahoo.com/quote/GLENMARK.NS/
2025-10-27,Glenmark Pharma,GLENMARK.NS,1810.8980712890625,1249701,1249701,https://finance.yahoo.com/quote/GLENMARK.NS/
2025-10-28,Glenmark Pharma,GLENMARK.NS,1813.2957763671875,339261,339261,https://finance.yahoo.com/quote/GLENMARK.NS/
2025-10-29,Glenmark Pharma,GLENMARK.NS,1841.4677734375,926177,926177,https://finance.yahoo.com/quote/GLENMARK.NS/
2025-10-30,Glenmark Pharma,GLENMARK.NS,1880.928466796875,854083,854083,https://finance.yahoo.com/quote/GLENMARK.NS/
2025-10-31,Glenmark Pharma,GLENMARK.NS,1889.320068359375,398054,398054,https://finance.yahoo.com/quote/GLENMARK.NS/
2025-11-03,Glenmark Pharma,GLENMARK.NS,1896.512939453125,521647,521647,https://finance.yahoo.com/quote/GLENMARK.NS/
2025-11-04,Glenmark Pharma,GLENMARK.NS,1843.265869140625,707890,707890,https://finance.yahoo.com/quote/GLENMARK.NS/
2025-11-06,Glenmark Pharma,GLENMARK.NS,1808.6004638671875,356061,356061,https://finance.yahoo.com/quote/GLENMARK.NS/
2025-11-07,Glenmark Pharma,GLENMARK.NS,1809.6993408203125,553200,553200,https://finance.yahoo.com/quote/GLENMARK.NS/
2025-11-10,Glenmark Pharma,GLENMARK.NS,1828.0810546875,582091,582091,https://finance.yahoo.com/quote/GLENMARK.NS/
2025-11-11,Glenmark Pharma,GLENMARK.NS,1815.49365234375,388962,388962,https://finance.yahoo.com/quote/GLENMARK.NS/
2025-11-12,Glenmark Pharma,GLENMARK.NS,1845.9632568359375,1811699,1811699,https://finance.yahoo.com/quote/GLENMARK.NS/
2025-11-13,Glenmark Pharma,GLENMARK.NS,1878.7305908203125,1708579,1708579,https://finance.yahoo.com/quote/GLENMARK.NS/
2025-11-14,Glenmark Pharma,GLENMARK.NS,1893.7156982421875,1808669,1808669,https://finance.yahoo.com/quote/GLENMARK.NS/
2025-11-17,Glenmark Pharma,GLENMARK.NS,1867.042236328125,6171268,6171268,https://finance.yahoo.com/quote/GLENMARK.NS/
2025-11-18,Glenmark Pharma,GLENMARK.NS,1840.96826171875,2126546,2126546,https://finance.yahoo.com/quote/GLENMARK.NS/
2025-11-19,Glenmark Pharma,GLENMARK.NS,1838.97021484375,548782,548782,https://finance.yahoo.com/quote/GLENMARK.NS/
2025-11-20,Glenmark Pharma,GLENMARK.NS,1876.1331787109375,1275173,1275173,https://finance.yahoo.com/quote/GLENMARK.NS/
2025-11-21,Glenmark Pharma,GLENMARK.NS,1842.3668212890625,943929,943929,https://finance.yahoo.com/quote/GLENMARK.NS/
2025-11-24,Glenmark Pharma,GLENMARK.NS,1840.568603515625,1430032,1430032,https://finance.yahoo.com/quote/GLENMARK.NS/
2025-11-25,Glenmark Pharma,GLENMARK.NS,1879.6297607421875,1017631,1017631,https://finance.yahoo.com/quote/GLENMARK.NS/
2025-11-26,Glenmark Pharma,GLENMARK.NS,1919.3902587890625,833315,833315,https://finance.yahoo.com/quote/GLENMARK.NS/
2025-11-27,Glenmark Pharma,GLENMARK.NS,1942.067626953125,1272760,1272760,https://finance.yahoo.com/quote/GLENMARK.NS/
2025-11-28,Glenmark Pharma,GLENMARK.NS,1944.265380859375,687641,687641,https://finance.yahoo.com/quote/GLENMARK.NS/
2025-12-01,Glenmark Pharma,GLENMARK.NS,1939.7698974609375,456233,456233,https://finance.yahoo.com/quote/GLENMARK.NS/
2025-12-02,Glenmark Pharma,GLENMARK.NS,1976.6331787109375,1261494,1261494,https://finance.yahoo.com/quote/GLENMARK.NS/
2025-12-03,Glenmark Pharma,GLENMARK.NS,1963.9459228515625,1004563,1004563,https://finance.yahoo.com/quote/GLENMARK.NS/
2025-12-04,Glenmark Pharma,GLENMARK.NS,1971.8380126953125,414550,414550,https://finance.yahoo.com/quote/GLENMARK.NS/
2025-12-05,Glenmark Pharma,GLENMARK.NS,1966.2435302734375,420804,420804,https://finance.yahoo.com/quote/GLENMARK.NS/
2025-12-08,Glenmark Pharma,GLENMARK.NS,1919.9896240234375,834134,834134,https://finance.yahoo.com/quote/GLENMARK.NS/
2025-12-09,Glenmark Pharma,GLENMARK.NS,1936.5731201171875,782469,782469,https://finance.yahoo.com/quote/GLENMARK.NS/
2025-12-10,Glenmark Pharma,GLENMARK.NS,1948.8609619140625,489071,489071,https://finance.yahoo.com/quote/GLENMARK.NS/
2025-12-11,Glenmark Pharma,GLENMARK.NS,1954.0556640625,385727,385727,https://finance.yahoo.com/quote/GLENMARK.NS/
2025-12-12,Glenmark Pharma,GLENMARK.NS,1973.0367431640625,359560,359560,https://finance.yahoo.com/quote/GLENMARK.NS/
2025-12-15,Glenmark Pharma,GLENMARK.NS,1983.626220703125,299149,299149,https://finance.yahoo.com/quote/GLENMARK.NS/
2025-12-16,Glenmark Pharma,GLENMARK.NS,1964.5452880859375,497164,497164,https://finance.yahoo.com/quote/GLENMARK.NS/
2025-12-17,Glenmark Pharma,GLENMARK.NS,1946.4632568359375,283822,283822,https://finance.yahoo.com/quote/GLENMARK.NS/
2025-12-18,Glenmark Pharma,GLENMARK.NS,1955.154541015625,359363,359363,https://finance.yahoo.com/quote/GLENMARK.NS/
2025-12-19,Glenmark Pharma,GLENMARK.NS,1990.1197509765625,527847,527847,https://finance.yahoo.com/quote/GLENMARK.NS/
2025-12-22,Glenmark Pharma,GLENMARK.NS,2036.1739501953125,706599,706599,https://finance.yahoo.com/quote/GLENMARK.NS/
2025-12-23,Glenmark Pharma,GLENMARK.NS,2044.9652099609375,1403145,1403145,https://finance.yahoo.com/quote/GLENMARK.NS/
2025-12-24,Glenmark Pharma,GLENMARK.NS,2018.0919189453125,579266,579266,https://finance.yahoo.com/quote/GLENMARK.NS/
2025-12-26,Glenmark Pharma,GLENMARK.NS,2008.6014404296875,206579,206579,https://finance.yahoo.com/quote/GLENMARK.NS/
2025-12-29,Glenmark Pharma,GLENMARK.NS,2007.7022705078125,266984,266984,https://finance.yahoo.com/quote/GLENMARK.NS/
2025-12-30,Glenmark Pharma,GLENMARK.NS,2027.7823486328125,2304769,2304769,https://finance.yahoo.com/quote/GLENMARK.NS/
2025-12-31,Glenmark Pharma,GLENMARK.NS,2033.1768798828125,360664,360664,https://finance.yahoo.com/quote/GLENMARK.NS/
2026-01-01,Glenmark Pharma,GLENMARK.NS,2024.1859130859375,278356,278356,https://finance.yahoo.com/quote/GLENMARK.NS/
2026-01-02,Glenmark Pharma,GLENMARK.NS,2062.44775390625,388479,388479,https://finance.yahoo.com/quote/GLENMARK.NS/
2026-01-05,Glenmark Pharma,GLENMARK.NS,2037.1729736328125,333641,333641,https://finance.yahoo.com/quote/GLENMARK.NS/
2026-01-06,Glenmark Pharma,GLENMARK.NS,2072.537841796875,223376,223376,https://finance.yahoo.com/quote/GLENMARK.NS/
2026-01-07,Glenmark Pharma,GLENMARK.NS,2110.99951171875,1278367,1278367,https://finance.yahoo.com/quote/GLENMARK.NS/
2026-01-08,Glenmark Pharma,GLENMARK.NS,2077.732666015625,412000,412000,https://finance.yahoo.com/quote/GLENMARK.NS/
2026-01-09,Glenmark Pharma,GLENMARK.NS,2005.2047119140625,469242,469242,https://finance.yahoo.com/quote/GLENMARK.NS/
2026-01-12,Glenmark Pharma,GLENMARK.NS,2015.4945068359375,349821,349821,https://finance.yahoo.com/quote/GLENMARK.NS/
2026-01-13,Glenmark Pharma,GLENMARK.NS,2006.2037353515625,831792,831792,https://finance.yahoo.com/quote/GLENMARK.NS/
2026-01-14,Glenmark Pharma,GLENMARK.NS,2009.30078125,519013,519013,https://finance.yahoo.com/quote/GLENMARK.NS/
2026-01-15,Glenmark Pharma,GLENMARK.NS,2009.30078125,0,0,https://finance.yahoo.com/quote/GLENMARK.NS/
2026-01-16,Glenmark Pharma,GLENMARK.NS,1998.711181640625,362053,362053,https://finance.yahoo.com/quote/GLENMARK.NS/
2026-01-19,Glenmark Pharma,GLENMARK.NS,1987.8221435546875,160656,160656,https://finance.yahoo.com/quote/GLENMARK.NS/
2026-01-20,Glenmark Pharma,GLENMARK.NS,1933.0765380859375,410874,410874,https://finance.yahoo.com/quote/GLENMARK.NS/
2026-01-21,Glenmark Pharma,GLENMARK.NS,1939.47021484375,467805,467805,https://finance.yahoo.com/quote/GLENMARK.NS/
2026-01-22,Glenmark Pharma,GLENMARK.NS,1995.2147216796875,723617,723617,https://finance.yahoo.com/quote/GLENMARK.NS/
2026-01-23,Glenmark Pharma,GLENMARK.NS,1965.7440185546875,424174,424174,https://finance.yahoo.com/quote/GLENMARK.NS/
2026-01-27,Glenmark Pharma,GLENMARK.NS,1997.712158203125,458666,458666,https://finance.yahoo.com/quote/GLENMARK.NS/
2026-01-28,Glenmark Pharma,GLENMARK.NS,1991.5184326171875,232602,232602,https://finance.yahoo.com/quote/GLENMARK.NS/
2026-01-29,Glenmark Pharma,GLENMARK.NS,1983.626220703125,458197,458197,https://finance.yahoo.com/quote/GLENMARK.NS/
2026-01-30,Glenmark Pharma,GLENMARK.NS,2013.8961181640625,554016,554016,https://finance.yahoo.com/quote/GLENMARK.NS/
2026-02-02,Glenmark Pharma,GLENMARK.NS,1918.4910888671875,1487788,1487788,https://finance.yahoo.com/quote/GLENMARK.NS/
2026-02-03,Glenmark Pharma,GLENMARK.NS,1952.2574462890625,535670,535670,https://finance.yahoo.com/quote/GLENMARK.NS/
2026-02-04,Glenmark Pharma,GLENMARK.NS,1957.3524169921875,388216,388216,https://finance.yahoo.com/quote/GLENMARK.NS/
2026-02-05,Glenmark Pharma,GLENMARK.NS,1967.342529296875,401353,401353,https://finance.yahoo.com/quote/GLENMARK.NS/
2026-02-06,Glenmark Pharma,GLENMARK.NS,1932.8768310546875,490999,490999,https://finance.yahoo.com/quote/GLENMARK.NS/
2026-02-09,Glenmark Pharma,GLENMARK.NS,1972.4373779296875,399133,399133,https://finance.yahoo.com/quote/GLENMARK.NS/
2026-02-10,Glenmark Pharma,GLENMARK.NS,1956.0537109375,278908,278908,https://finance.yahoo.com/quote/GLENMARK.NS/
2026-02-11,Glenmark Pharma,GLENMARK.NS,2013.19677734375,548543,548543,https://finance.yahoo.com/quote/GLENMARK.NS/
2026-02-12,Glenmark Pharma,GLENMARK.NS,2032.4776611328125,339344,339344,https://finance.yahoo.com/quote/GLENMARK.NS/
2026-02-13,Glenmark Pharma,GLENMARK.NS,1995.6142578125,865050,865050,https://finance.yahoo.com/quote/GLENMARK.NS/
2026-02-16,Glenmark Pharma,GLENMARK.NS,2028.481689453125,642831,642831,https://finance.yahoo.com/quote/GLENMARK.NS/
2026-02-17,Glenmark Pharma,GLENMARK.NS,2036.7734375,201758,201758,https://finance.yahoo.com/quote/GLENMARK.NS/
2026-02-18,Glenmark Pharma,GLENMARK.NS,2028.181884765625,352158,352158,https://finance.yahoo.com/quote/GLENMARK.NS/
2026-02-19,Glenmark Pharma,GLENMARK.NS,2014.6953125,360960,360960,https://finance.yahoo.com/quote/GLENMARK.NS/
2026-02-20,Glenmark Pharma,GLENMARK.NS,2041.1689453125,308348,308348,https://finance.yahoo.com/quote/GLENMARK.NS/
2026-02-23,Glenmark Pharma,GLENMARK.NS,2037.1729736328125,294221,294221,https://finance.yahoo.com/quote/GLENMARK.NS/
2026-02-24,Glenmark Pharma,GLENMARK.NS,2056.5537109375,372423,372423,https://finance.yahoo.com/quote/GLENMARK.NS/
2026-02-25,Glenmark Pharma,GLENMARK.NS,2082.927490234375,455454,455454,https://finance.yahoo.com/quote/GLENMARK.NS/
2026-02-26,Glenmark Pharma,GLENMARK.NS,2122.1884765625,516226,516226,https://finance.yahoo.com/quote/GLENMARK.NS/
2026-02-27,Glenmark Pharma,GLENMARK.NS,2134.575927734375,616213,616213,https://finance.yahoo.com/quote/GLENMARK.NS/
2026-03-02,Glenmark Pharma,GLENMARK.NS,2121.189453125,316016,316016,https://finance.yahoo.com/quote/GLENMARK.NS/
2026-03-04,Glenmark Pharma,GLENMARK.NS,2037.6724853515625,414944,414944,https://finance.yahoo.com/quote/GLENMARK.NS/
2026-03-05,Glenmark Pharma,GLENMARK.NS,2106.8037109375,523392,523392,https://finance.yahoo.com/quote/GLENMARK.NS/
2026-03-06,Glenmark Pharma,GLENMARK.NS,2122.2880859375,431504,431504,https://finance.yahoo.com/quote/GLENMARK.NS/
2026-03-09,Glenmark Pharma,GLENMARK.NS,2115.4951171875,304629,304629,https://finance.yahoo.com/quote/GLENMARK.NS/
2026-03-10,Glenmark Pharma,GLENMARK.NS,2223.587646484375,1554898,1554898,https://finance.yahoo.com/quote/GLENMARK.NS/
2026-03-11,Glenmark Pharma,GLENMARK.NS,2270.44091796875,920351,920351,https://finance.yahoo.com/quote/GLENMARK.NS/
2026-03-12,Glenmark Pharma,GLENMARK.NS,2254.156982421875,996025,996025,https://finance.yahoo.com/quote/GLENMARK.NS/
2026-03-13,Glenmark Pharma,GLENMARK.NS,2168.542236328125,516548,516548,https://finance.yahoo.com/quote/GLENMARK.NS/
2026-03-16,Glenmark Pharma,GLENMARK.NS,2173.237548828125,528614,528614,https://finance.yahoo.com/quote/GLENMARK.NS/
2026-03-17,Glenmark Pharma,GLENMARK.NS,2143.766845703125,773805,773805,https://finance.yahoo.com/quote/GLENMARK.NS/
2026-03-18,Glenmark Pharma,GLENMARK.NS,2184.126708984375,882940,882940,https://finance.yahoo.com/quote/GLENMARK.NS/
2026-03-19,Glenmark Pharma,GLENMARK.NS,2095.4150390625,465494,465494,https://finance.yahoo.com/quote/GLENMARK.NS/
2026-03-20,Glenmark Pharma,GLENMARK.NS,2177.93310546875,596886,596886,https://finance.yahoo.com/quote/GLENMARK.NS/
2026-03-23,Glenmark Pharma,GLENMARK.NS,2086.923583984375,408786,408786,https://finance.yahoo.com/quote/GLENMARK.NS/
2026-03-24,Glenmark Pharma,GLENMARK.NS,2093.61669921875,540486,540486,https://finance.yahoo.com/quote/GLENMARK.NS/
2026-03-25,Glenmark Pharma,GLENMARK.NS,2166.344482421875,446774,446774,https://finance.yahoo.com/quote/GLENMARK.NS/
2026-03-27,Glenmark Pharma,GLENMARK.NS,2168.342529296875,743776,743776,https://finance.yahoo.com/quote/GLENMARK.NS/
2026-03-30,Glenmark Pharma,GLENMARK.NS,2129.5810546875,1198064,1198064,https://finance.yahoo.com/quote/GLENMARK.NS/
2026-04-01,Glenmark Pharma,GLENMARK.NS,2099.011474609375,1011784,1011784,https://finance.yahoo.com/quote/GLENMARK.NS/
2026-04-02,Glenmark Pharma,GLENMARK.NS,2089.720703125,970078,970078,https://finance.yahoo.com/quote/GLENMARK.NS/
2026-04-06,Glenmark Pharma,GLENMARK.NS,2102.707763671875,582698,582698,https://finance.yahoo.com/quote/GLENMARK.NS/
2026-04-07,Glenmark Pharma,GLENMARK.NS,2111.99853515625,387544,387544,https://finance.yahoo.com/quote/GLENMARK.NS/
2026-04-08,Glenmark Pharma,GLENMARK.NS,2171.339599609375,544557,544557,https://finance.yahoo.com/quote/GLENMARK.NS/
2026-04-09,Glenmark Pharma,GLENMARK.NS,2166.94384765625,612817,612817,https://finance.yahoo.com/quote/GLENMARK.NS/
2026-04-10,Glenmark Pharma,GLENMARK.NS,2161.049560546875,669385,669385,https://finance.yahoo.com/quote/GLENMARK.NS/
2026-04-13,Glenmark Pharma,GLENMARK.NS,2190.920166015625,724078,724078,https://finance.yahoo.com/quote/GLENMARK.NS/
2026-04-15,Glenmark Pharma,GLENMARK.NS,2256.155029296875,616653,616653,https://finance.yahoo.com/quote/GLENMARK.NS/
2026-04-16,Glenmark Pharma,GLENMARK.NS,2247.263916015625,434249,434249,https://finance.yahoo.com/quote/GLENMARK.NS/
2026-04-17,Glenmark Pharma,GLENMARK.NS,2247.263916015625,366026,366026,https://finance.yahoo.com/quote/GLENMARK.NS/
2026-04-20,Glenmark Pharma,GLENMARK.NS,2228.482666015625,407547,407547,https://finance.yahoo.com/quote/GLENMARK.NS/
2026-04-21,Glenmark Pharma,GLENMARK.NS,2230.88037109375,254906,254906,https://finance.yahoo.com/quote/GLENMARK.NS/
2026-04-22,Glenmark Pharma,GLENMARK.NS,2237.7734375,323261,323261,https://finance.yahoo.com/quote/GLENMARK.NS/
2026-04-23,Glenmark Pharma,GLENMARK.NS,2332.678955078125,1703667,1703667,https://finance.yahoo.com/quote/GLENMARK.NS/
2026-04-24,Glenmark Pharma,GLENMARK.NS,2297.21435546875,838461,838461,https://finance.yahoo.com/quote/GLENMARK.NS/
2026-04-27,Glenmark Pharma,GLENMARK.NS,2322.788818359375,462955,462955,https://finance.yahoo.com/quote/GLENMARK.NS/
2026-04-28,Glenmark Pharma,GLENMARK.NS,2401.310546875,1537658,1537658,https://finance.yahoo.com/quote/GLENMARK.NS/
2026-04-29,Glenmark Pharma,GLENMARK.NS,2411.50048828125,616900,616900,https://finance.yahoo.com/quote/GLENMARK.NS/
2026-04-30,Glenmark Pharma,GLENMARK.NS,2403.908203125,792796,792796,https://finance.yahoo.com/quote/GLENMARK.NS/
2026-05-01,Glenmark Pharma,GLENMARK.NS,2403.908203125,0,0,https://finance.yahoo.com/quote/GLENMARK.NS/
2026-05-04,Glenmark Pharma,GLENMARK.NS,2391.320556640625,451086,451086,https://finance.yahoo.com/quote/GLENMARK.NS/
2026-05-05,Glenmark Pharma,GLENMARK.NS,2415.496337890625,917832,917832,https://finance.yahoo.com/quote/GLENMARK.NS/
2026-05-06,Glenmark Pharma,GLENMARK.NS,2375.23681640625,1108754,1108754,https://finance.yahoo.com/quote/GLENMARK.NS/
2026-05-07,Glenmark Pharma,GLENMARK.NS,2369.24267578125,426469,426469,https://finance.yahoo.com/quote/GLENMARK.NS/
2026-05-08,Glenmark Pharma,GLENMARK.NS,2364.047607421875,702435,702435,https://finance.yahoo.com/quote/GLENMARK.NS/
2026-05-11,Glenmark Pharma,GLENMARK.NS,2344.966796875,829523,829523,https://finance.yahoo.com/quote/GLENMARK.NS/
2026-05-12,Glenmark Pharma,GLENMARK.NS,2254.8564453125,759205,759205,https://finance.yahoo.com/quote/GLENMARK.NS/
2026-05-13,Glenmark Pharma,GLENMARK.NS,2275.336181640625,1014123,1014123,https://finance.yahoo.com/quote/GLENMARK.NS/
2026-05-14,Glenmark Pharma,GLENMARK.NS,2338.2734375,965814,965814,https://finance.yahoo.com/quote/GLENMARK.NS/
2026-05-15,Glenmark Pharma,GLENMARK.NS,2323.587890625,257072,257072,https://finance.yahoo.com/quote/GLENMARK.NS/
2026-05-18,Glenmark Pharma,GLENMARK.NS,2337.573974609375,429194,429194,https://finance.yahoo.com/quote/GLENMARK.NS/
2026-05-19,Glenmark Pharma,GLENMARK.NS,2403.50830078125,855987,855987,https://finance.yahoo.com/quote/GLENMARK.NS/
2026-05-20,Glenmark Pharma,GLENMARK.NS,2376.63525390625,973567,973567,https://finance.yahoo.com/quote/GLENMARK.NS/
2026-05-21,Glenmark Pharma,GLENMARK.NS,2390.621337890625,381349,381349,https://finance.yahoo.com/quote/GLENMARK.NS/
2026-05-22,Glenmark Pharma,GLENMARK.NS,2256.8544921875,1593969,1593969,https://finance.yahoo.com/quote/GLENMARK.NS/
2026-05-25,Glenmark Pharma,GLENMARK.NS,2334.677001953125,809409,809409,https://finance.yahoo.com/quote/GLENMARK.NS/
2026-05-26,Glenmark Pharma,GLENMARK.NS,2349.0625,479694,479694,https://finance.yahoo.com/quote/GLENMARK.NS/
2026-05-27,Glenmark Pharma,GLENMARK.NS,2382.529296875,541843,541843,https://finance.yahoo.com/quote/GLENMARK.NS/
2026-05-28,Glenmark Pharma,GLENMARK.NS,2382.529296875,0,0,https://finance.yahoo.com/quote/GLENMARK.NS/
2026-05-29,Glenmark Pharma,GLENMARK.NS,2272.638671875,1343564,1343564,https://finance.yahoo.com/quote/GLENMARK.NS/
2026-06-01,Glenmark Pharma,GLENMARK.NS,2199.011962890625,2017198,2017198,https://finance.yahoo.com/quote/GLENMARK.NS/
2026-06-02,Glenmark Pharma,GLENMARK.NS,2182.428466796875,1215431,1215431,https://finance.yahoo.com/quote/GLENMARK.NS/
2026-06-03,Glenmark Pharma,GLENMARK.NS,2171.8388671875,1090073,1090073,https://finance.yahoo.com/quote/GLENMARK.NS/
2026-06-04,Glenmark Pharma,GLENMARK.NS,2178.4326171875,571102,571102,https://finance.yahoo.com/quote/GLENMARK.NS/
2026-06-05,Glenmark Pharma,GLENMARK.NS,2164.046630859375,512882,512882,https://finance.yahoo.com/quote/GLENMARK.NS/
2026-06-08,Glenmark Pharma,GLENMARK.NS,2174.33642578125,491134,491134,https://finance.yahoo.com/quote/GLENMARK.NS/
2026-06-09,Glenmark Pharma,GLENMARK.NS,2207.40380859375,561403,561403,https://finance.yahoo.com/quote/GLENMARK.NS/
2026-06-10,Glenmark Pharma,GLENMARK.NS,2142.268310546875,1127230,1127230,https://finance.yahoo.com/quote/GLENMARK.NS/
2026-06-11,Glenmark Pharma,GLENMARK.NS,2142.368408203125,353598,353598,https://finance.yahoo.com/quote/GLENMARK.NS/
2026-06-12,Glenmark Pharma,GLENMARK.NS,2171.63916015625,500898,500898,https://finance.yahoo.com/quote/GLENMARK.NS/
2026-06-15,Glenmark Pharma,GLENMARK.NS,2154.456298828125,640588,640588,https://finance.yahoo.com/quote/GLENMARK.NS/
2026-06-16,Glenmark Pharma,GLENMARK.NS,2154.55615234375,325200,325200,https://finance.yahoo.com/quote/GLENMARK.NS/
2026-06-17,Glenmark Pharma,GLENMARK.NS,2134.476318359375,408436,408436,https://finance.yahoo.com/quote/GLENMARK.NS/
2026-06-18,Glenmark Pharma,GLENMARK.NS,2151.85888671875,320963,320963,https://finance.yahoo.com/quote/GLENMARK.NS/
2026-06-19,Glenmark Pharma,GLENMARK.NS,2211.399658203125,954063,954063,https://finance.yahoo.com/quote/GLENMARK.NS/
2026-06-22,Glenmark Pharma,GLENMARK.NS,2189.72119140625,354728,354728,https://finance.yahoo.com/quote/GLENMARK.NS/
2026-06-23,Glenmark Pharma,GLENMARK.NS,2177.233642578125,703100,703100,https://finance.yahoo.com/quote/GLENMARK.NS/
2026-06-24,Glenmark Pharma,GLENMARK.NS,2178.4326171875,264412,264412,https://finance.yahoo.com/quote/GLENMARK.NS/
2026-06-25,Glenmark Pharma,GLENMARK.NS,2152.25830078125,348933,348933,https://finance.yahoo.com/quote/GLENMARK.NS/
2026-06-26,Glenmark Pharma,GLENMARK.NS,2152.25830078125,0,0,https://finance.yahoo.com/quote/GLENMARK.NS/
2026-06-29,Glenmark Pharma,GLENMARK.NS,2184.426513671875,1414518,1414518,https://finance.yahoo.com/quote/GLENMARK.NS/
2026-06-30,Glenmark Pharma,GLENMARK.NS,2202.10888671875,830485,830485,https://finance.yahoo.com/quote/GLENMARK.NS/
2026-07-01,Glenmark Pharma,GLENMARK.NS,2159.7509765625,455357,455357,https://finance.yahoo.com/quote/GLENMARK.NS/
2026-07-02,Glenmark Pharma,GLENMARK.NS,2193.817138671875,526651,526651,https://finance.yahoo.com/quote/GLENMARK.NS/
2026-07-03,Glenmark Pharma,GLENMARK.NS,2208.80224609375,632010,632010,https://finance.yahoo.com/quote/GLENMARK.NS/
2026-07-06,Glenmark Pharma,GLENMARK.NS,2268.642578125,600450,600450,https://finance.yahoo.com/quote/GLENMARK.NS/
2026-07-07,Glenmark Pharma,GLENMARK.NS,2262.6484375,770737,770737,https://finance.yahoo.com/quote/GLENMARK.NS/
2026-07-08,Glenmark Pharma,GLENMARK.NS,2221.489501953125,337287,337287,https://finance.yahoo.com/quote/GLENMARK.NS/
2026-07-09,Glenmark Pharma,GLENMARK.NS,2264.9462890625,427091,427091,https://finance.yahoo.com/quote/GLENMARK.NS/
2026-07-10,Glenmark Pharma,GLENMARK.NS,2280.630615234375,602305,602305,https://finance.yahoo.com/quote/GLENMARK.NS/
2026-07-13,Glenmark Pharma,GLENMARK.NS,2299.012451171875,720659,720659,https://finance.yahoo.com/quote/GLENMARK.NS/
2026-07-14,Glenmark Pharma,GLENMARK.NS,2302.808837890625,706821,706821,https://finance.yahoo.com/quote/GLENMARK.NS/
2026-07-15,Glenmark Pharma,GLENMARK.NS,2295.1162109375,491365,491365,https://finance.yahoo.com/quote/GLENMARK.NS/
2026-07-16,Glenmark Pharma,GLENMARK.NS,2284.626708984375,158181,158181,https://finance.yahoo.com/quote/GLENMARK.NS/
2026-07-17,Glenmark Pharma,GLENMARK.NS,2233.27783203125,355968,355968,https://finance.yahoo.com/quote/GLENMARK.NS/
2026-07-20,Glenmark Pharma,GLENMARK.NS,2237.27392578125,914679,914679,https://finance.yahoo.com/quote/GLENMARK.NS/
2026-07-21,Glenmark Pharma,GLENMARK.NS,2239.871337890625,274753,274753,https://finance.yahoo.com/quote/GLENMARK.NS/
2026-07-22,Glenmark Pharma,GLENMARK.NS,2197.713134765625,942175,942175,https://finance.yahoo.com/quote/GLENMARK.NS/
2026-07-23,Glenmark Pharma,GLENMARK.NS,2202.908203125,567718,567718,https://finance.yahoo.com/quote/GLENMARK.NS/
2026-07-24,Glenmark Pharma,GLENMARK.NS,2189.821044921875,429562,429562,https://finance.yahoo.com/quote/GLENMARK.NS/
2026-07-27,Glenmark Pharma,GLENMARK.NS,2193.817138671875,593586,593586,https://finance.yahoo.com/quote/GLENMARK.NS/
2026-07-28,Glenmark Pharma,GLENMARK.NS,2182.428466796875,490034,490034,https://finance.yahoo.com/quote/GLENMARK.NS/
2026-07-29,Glenmark Pharma,GLENMARK.NS,2259.45166015625,593720,593720,https://finance.yahoo.com/quote/GLENMARK.NS/
2026-07-30,Glenmark Pharma,GLENMARK.NS,2188.122802734375,451791,451791,https://finance.yahoo.com/quote/GLENMARK.NS/
2026-07-31,Glenmark Pharma,GLENMARK.NS,2231.679443359375,371153,371153,https://finance.yahoo.com/quote/GLENMARK.NS/
2026-08-03,Glenmark Pharma,GLENMARK.NS,2227.783203125,1307223,1307223,https://finance.yahoo.com/quote/GLENMARK.NS/
2026-08-04,Glenmark Pharma,GLENMARK.NS,2222.788330078125,444946,444946,https://finance.yahoo.com/quote/GLENMARK.NS/
2026-08-05,Glenmark Pharma,GLENMARK.NS,2256.75439453125,388492,388492,https://finance.yahoo.com/quote/GLENMARK.NS/
2026-08-06,Glenmark Pharma,GLENMARK.NS,2267.74365234375,556267,556267,https://finance.yahoo.com/quote/GLENMARK.NS/
2026-08-07,Glenmark Pharma,GLENMARK.NS,2276.834716796875,437610,437610,https://finance.yahoo.com/quote/GLENMARK.NS/
2026-08-10,Glenmark Pharma,GLENMARK.NS,2249.062255859375,257787,257787,https://finance.yahoo.com/quote/GLENMARK.NS/
2026-08-11,Glenmark Pharma,GLENMARK.NS,2273.737548828125,284670,284670,https://finance.yahoo.com/quote/GLENMARK.NS/
2026-08-12,Glenmark Pharma,GLENMARK.NS,2287.7236328125,464575,464575,https://finance.yahoo.com/quote/GLENMARK.NS/
2026-08-13,Glenmark Pharma,GLENMARK.NS,2317.69384765625,413167,413167,https://finance.yahoo.com/quote/GLENMARK.NS/
2026-08-14,Glenmark Pharma,GLENMARK.NS,2316.095458984375,629081,629081,https://finance.yahoo.com/quote/GLENMARK.NS/
2026-08-17,Glenmark Pharma,GLENMARK.NS,2326.684814453125,305189,305189,https://finance.yahoo.com/quote/GLENMARK.NS/
2026-08-18,Glenmark Pharma,GLENMARK.NS,2302.708740234375,379551,379551,https://finance.yahoo.com/quote/GLENMARK.NS/
2026-08-19,Glenmark Pharma,GLENMARK.NS,2244.266845703125,833583,833583,https://finance.yahoo.com/quote/GLENMARK.NS/
2026-08-20,Glenmark Pharma,GLENMARK.NS,2330.5810546875,552157,552157,https://finance.yahoo.com/quote/GLENMARK.NS/
2026-08-21,Glenmark Pharma,GLENMARK.NS,2315.595947265625,237421,237421,https://finance.yahoo.com/quote/GLENMARK.NS/
2026-08-24,Glenmark Pharma,GLENMARK.NS,2388.323486328125,710023,710023,https://finance.yahoo.com/quote/GLENMARK.NS/
2026-08-25,Glenmark Pharma,GLENMARK.NS,2397.6142578125,653245,653245,https://finance.yahoo.com/quote/GLENMARK.NS/
2026-08-26,Glenmark Pharma,GLENMARK.NS,2435.876220703125,479931,479931,https://finance.yahoo.com/quote/GLENMARK.NS/
2026-08-27,Glenmark Pharma,GLENMARK.NS,2457.5546875,447011,447011,https://finance.yahoo.com/quote/GLENMARK.NS/
2026-08-28,Glenmark Pharma,GLENMARK.NS,2512.5,807816,807816,https://finance.yahoo.com/quote/GLENMARK.NS/
2026-08-31,Glenmark Pharma,GLENMARK.NS,2480.0,911026,911026,https://finance.yahoo.com/quote/GLENMARK.NS/
2026-09-01,Glenmark Pharma,GLENMARK.NS,2470.39990234375,679565,679565,https://finance.yahoo.com/quote/GLENMARK.NS/
2026-09-02,Glenmark Pharma,GLENMARK.NS,2460.0,516029,516029,https://finance.yahoo.com/quote/GLENMARK.NS/
2026-09-03,Glenmark Pharma,GLENMARK.NS,2459.0,481343,481343,https://finance.yahoo.com/quote/GLENMARK.NS/
2026-09-04,Glenmark Pharma,GLENMARK.NS,2437.199951171875,412728,412728,https://finance.yahoo.com/quote/GLENMARK.NS/
2026-09-07,Glenmark Pharma,GLENMARK.NS,2451.89990234375,267568,267568,https://finance.yahoo.com/quote/GLENMARK.NS/
2026-09-08,Glenmark Pharma,GLENMARK.NS,2474.5,447432,447432,https://finance.yahoo.com/quote/GLENMARK.NS/
2026-09-09,Glenmark Pharma,GLENMARK.NS,2435.0,424753,424753,https://finance.yahoo.com/quote/GLENMARK.NS/
2026-09-10,Glenmark Pharma,GLENMARK.NS,2415.0,262107,262107,https://finance.yahoo.com/quote/GLENMARK.NS/
2026-09-11,Glenmark Pharma,GLENMARK.NS,2419.199951171875,346692,346692,https://finance.yahoo.com/quote/GLENMARK.NS/
2026-09-14,Glenmark Pharma,GLENMARK.NS,2419.199951171875,0,0,https://finance.yahoo.com/quote/GLENMARK.NS/
2026-09-15,Glenmark Pharma,GLENMARK.NS,2371.699951171875,275789,275789,https://finance.yahoo.com/quote/GLENMARK.NS/
2026-09-16,Glenmark Pharma,GLENMARK.NS,2410.0,677704,677704,https://finance.yahoo.com/quote/GLENMARK.NS/
2026-09-17,Glenmark Pharma,GLENMARK.NS,2416.0,227416,227416,https://finance.yahoo.com/quote/GLENMARK.NS/
2026-09-18,Glenmark Pharma,GLENMARK.NS,2447.39990234375,545520,545520,https://finance.yahoo.com/quote/GLENMARK.NS/
2026-09-21,Glenmark Pharma,GLENMARK.NS,2450.0,405696,405696,https://finance.yahoo.com/quote/GLENMARK.NS/
2026-09-22,Glenmark Pharma,GLENMARK.NS,2461.39990234375,402355,402355,https://finance.yahoo.com/quote/GLENMARK.NS/
2026-09-23,Glenmark Pharma,GLENMARK.NS,2475.0,597118,597118,https://finance.yahoo.com/quote/GLENMARK.NS/
2026-09-24,Glenmark Pharma,GLENMARK.NS,2430.39990234375,453221,453221,https://finance.yahoo.com/quote/GLENMARK.NS/
2026-09-25,Glenmark Pharma,GLENMARK.NS,2380.0,785299,785299,https://finance.yahoo.com/quote/GLENMARK.NS/
2026-09-28,Glenmark Pharma,GLENMARK.NS,2325.699951171875,985878,985878,https://finance.yahoo.com/quote/GLENMARK.NS/
2026-09-29,Glenmark Pharma,GLENMARK.NS,2441.5,1277155,1277155,https://finance.yahoo.com/quote/GLENMARK.NS/
2026-09-30,Glenmark Pharma,GLENMARK.NS,2334.699951171875,1261905,1261905,https://finance.yahoo.com/quote/GLENMARK.NS/
2026-10-01,Glenmark Pharma,GLENMARK.NS,2331.0,972522,972522,https://finance.yahoo.com/quote/GLENMARK.NS/
2025-04-02,Ipca Labs,IPCALAB.NS,1409.0955810546875,162222,162222,https://finance.yahoo.com/quote/IPCALAB.NS/
2025-04-03,Ipca Labs,IPCALAB.NS,1490.350341796875,547719,547719,https://finance.yahoo.com/quote/IPCALAB.NS/
2025-04-04,Ipca Labs,IPCALAB.NS,1392.4764404296875,945827,945827,https://finance.yahoo.com/quote/IPCALAB.NS/
2025-04-07,Ipca Labs,IPCALAB.NS,1294.751953125,258829,258829,https://finance.yahoo.com/quote/IPCALAB.NS/
2025-04-08,Ipca Labs,IPCALAB.NS,1352.96875,444011,444011,https://finance.yahoo.com/quote/IPCALAB.NS/
2025-04-09,Ipca Labs,IPCALAB.NS,1288.581787109375,425780,425780,https://finance.yahoo.com/quote/IPCALAB.NS/
2025-04-11,Ipca Labs,IPCALAB.NS,1324.5069580078125,139931,139931,https://finance.yahoo.com/quote/IPCALAB.NS/
2025-04-15,Ipca Labs,IPCALAB.NS,1361.3778076171875,172458,172458,https://finance.yahoo.com/quote/IPCALAB.NS/
2025-04-16,Ipca Labs,IPCALAB.NS,1402.17919921875,180252,180252,https://finance.yahoo.com/quote/IPCALAB.NS/
2025-04-17,Ipca Labs,IPCALAB.NS,1397.6015625,63964,63964,https://finance.yahoo.com/quote/IPCALAB.NS/
2025-04-21,Ipca Labs,IPCALAB.NS,1416.9075927734375,163712,163712,https://finance.yahoo.com/quote/IPCALAB.NS/
2025-04-22,Ipca Labs,IPCALAB.NS,1436.5123291015625,289294,289294,https://finance.yahoo.com/quote/IPCALAB.NS/
2025-04-23,Ipca Labs,IPCALAB.NS,1463.7796630859375,189070,189070,https://finance.yahoo.com/quote/IPCALAB.NS/
2025-04-24,Ipca Labs,IPCALAB.NS,1438.70166015625,175211,175211,https://finance.yahoo.com/quote/IPCALAB.NS/
2025-04-25,Ipca Labs,IPCALAB.NS,1412.130859375,136108,136108,https://finance.yahoo.com/quote/IPCALAB.NS/
2025-04-28,Ipca Labs,IPCALAB.NS,1404.8662109375,258262,258262,https://finance.yahoo.com/quote/IPCALAB.NS/
2025-04-29,Ipca Labs,IPCALAB.NS,1385.65966796875,500749,500749,https://finance.yahoo.com/quote/IPCALAB.NS/
2025-04-30,Ipca Labs,IPCALAB.NS,1394.4169921875,474031,474031,https://finance.yahoo.com/quote/IPCALAB.NS/
2025-05-02,Ipca Labs,IPCALAB.NS,1372.7225341796875,289995,289995,https://finance.yahoo.com/quote/IPCALAB.NS/
2025-05-05,Ipca Labs,IPCALAB.NS,1381.4798583984375,166707,166707,https://finance.yahoo.com/quote/IPCALAB.NS/
2025-05-06,Ipca Labs,IPCALAB.NS,1376.3050537109375,165278,165278,https://finance.yahoo.com/quote/IPCALAB.NS/
2025-05-07,Ipca Labs,IPCALAB.NS,1357.7952880859375,389521,389521,https://finance.yahoo.com/quote/IPCALAB.NS/
2025-05-08,Ipca Labs,IPCALAB.NS,1342.96728515625,189791,189791,https://finance.yahoo.com/quote/IPCALAB.NS/
2025-05-09,Ipca Labs,IPCALAB.NS,1355.207763671875,153304,153304,https://finance.yahoo.com/quote/IPCALAB.NS/
2025-05-12,Ipca Labs,IPCALAB.NS,1364.9603271484375,175258,175258,https://finance.yahoo.com/quote/IPCALAB.NS/
2025-05-13,Ipca Labs,IPCALAB.NS,1397.4024658203125,145767,145767,https://finance.yahoo.com/quote/IPCALAB.NS/
2025-05-14,Ipca Labs,IPCALAB.NS,1411.5338134765625,83765,83765,https://finance.yahoo.com/quote/IPCALAB.NS/
2025-05-15,Ipca Labs,IPCALAB.NS,1399.392822265625,130599,130599,https://finance.yahoo.com/quote/IPCALAB.NS/
2025-05-16,Ipca Labs,IPCALAB.NS,1385.858642578125,70932,70932,https://finance.yahoo.com/quote/IPCALAB.NS/
2025-05-19,Ipca Labs,IPCALAB.NS,1429.8448486328125,262223,262223,https://finance.yahoo.com/quote/IPCALAB.NS/
2025-05-20,Ipca Labs,IPCALAB.NS,1450.1458740234375,420205,420205,https://finance.yahoo.com/quote/IPCALAB.NS/
2025-05-21,Ipca Labs,IPCALAB.NS,1464.177734375,207145,207145,https://finance.yahoo.com/quote/IPCALAB.NS/
2025-05-22,Ipca Labs,IPCALAB.NS,1435.8157958984375,170022,170022,https://finance.yahoo.com/quote/IPCALAB.NS/
2025-05-23,Ipca Labs,IPCALAB.NS,1452.932373046875,124632,124632,https://finance.yahoo.com/quote/IPCALAB.NS/
2025-05-26,Ipca Labs,IPCALAB.NS,1458.6048583984375,156729,156729,https://finance.yahoo.com/quote/IPCALAB.NS/
2025-05-27,Ipca Labs,IPCALAB.NS,1452.5343017578125,113639,113639,https://finance.yahoo.com/quote/IPCALAB.NS/
2025-05-28,Ipca Labs,IPCALAB.NS,1487.56396484375,230209,230209,https://finance.yahoo.com/quote/IPCALAB.NS/
2025-05-29,Ipca Labs,IPCALAB.NS,1462.884033203125,514745,514745,https://finance.yahoo.com/quote/IPCALAB.NS/
2025-05-30,Ipca Labs,IPCALAB.NS,1417.90283203125,330987,330987,https://finance.yahoo.com/quote/IPCALAB.NS/
2025-06-02,Ipca Labs,IPCALAB.NS,1408.9464111328125,921489,921489,https://finance.yahoo.com/quote/IPCALAB.NS/
2025-06-03,Ipca Labs,IPCALAB.NS,1393.322265625,441727,441727,https://finance.yahoo.com/quote/IPCALAB.NS/
2025-06-04,Ipca Labs,IPCALAB.NS,1389.1427001953125,278309,278309,https://finance.yahoo.com/quote/IPCALAB.NS/
2025-06-05,Ipca Labs,IPCALAB.NS,1379.29052734375,386732,386732,https://finance.yahoo.com/quote/IPCALAB.NS/
2025-06-06,Ipca Labs,IPCALAB.NS,1364.2637939453125,594779,594779,https://finance.yahoo.com/quote/IPCALAB.NS/
2025-06-09,Ipca Labs,IPCALAB.NS,1362.6715087890625,119187,119187,https://finance.yahoo.com/quote/IPCALAB.NS/
2025-06-10,Ipca Labs,IPCALAB.NS,1364.2637939453125,464243,464243,https://finance.yahoo.com/quote/IPCALAB.NS/
2025-06-11,Ipca Labs,IPCALAB.NS,1382.6741943359375,306157,306157,https://finance.yahoo.com/quote/IPCALAB.NS/
2025-06-12,Ipca Labs,IPCALAB.NS,1376.3050537109375,232111,232111,https://finance.yahoo.com/quote/IPCALAB.NS/
2025-06-13,Ipca Labs,IPCALAB.NS,1361.7757568359375,279721,279721,https://finance.yahoo.com/quote/IPCALAB.NS/
2025-06-16,Ipca Labs,IPCALAB.NS,1355.904296875,108052,108052,https://finance.yahoo.com/quote/IPCALAB.NS/
2025-06-17,Ipca Labs,IPCALAB.NS,1352.5208740234375,207646,207646,https://finance.yahoo.com/quote/IPCALAB.NS/
2025-06-18,Ipca Labs,IPCALAB.NS,1355.207763671875,231621,231621,https://finance.yahoo.com/quote/IPCALAB.NS/
2025-06-19,Ipca Labs,IPCALAB.NS,1355.6058349609375,238552,238552,https://finance.yahoo.com/quote/IPCALAB.NS/
2025-06-20,Ipca Labs,IPCALAB.NS,1347.8436279296875,475316,475316,https://finance.yahoo.com/quote/IPCALAB.NS/
2025-06-23,Ipca Labs,IPCALAB.NS,1333.5133056640625,356112,356112,https://finance.yahoo.com/quote/IPCALAB.NS/
2025-06-24,Ipca Labs,IPCALAB.NS,1327.9404296875,133867,133867,https://finance.yahoo.com/quote/IPCALAB.NS/
2025-06-25,Ipca Labs,IPCALAB.NS,1351.1275634765625,142718,142718,https://finance.yahoo.com/quote/IPCALAB.NS/
2025-06-26,Ipca Labs,IPCALAB.NS,1337.9915771484375,81886,81886,https://finance.yahoo.com/quote/IPCALAB.NS/
2025-06-27,Ipca Labs,IPCALAB.NS,1325.25341796875,395278,395278,https://finance.yahoo.com/quote/IPCALAB.NS/
2025-06-30,Ipca Labs,IPCALAB.NS,1383.072265625,335012,335012,https://finance.yahoo.com/quote/IPCALAB.NS/
2025-07-01,Ipca Labs,IPCALAB.NS,1365.2587890625,193130,193130,https://finance.yahoo.com/quote/IPCALAB.NS/
2025-07-02,Ipca Labs,IPCALAB.NS,1368.443359375,153083,153083,https://finance.yahoo.com/quote/IPCALAB.NS/
2025-07-03,Ipca Labs,IPCALAB.NS,1408.8468017578125,386564,386564,https://finance.yahoo.com/quote/IPCALAB.NS/
2025-07-04,Ipca Labs,IPCALAB.NS,1415.91259765625,104201,104201,https://finance.yahoo.com/quote/IPCALAB.NS/
2025-07-07,Ipca Labs,IPCALAB.NS,1450.7430419921875,384948,384948,https://finance.yahoo.com/quote/IPCALAB.NS/
2025-07-08,Ipca Labs,IPCALAB.NS,1458.107177734375,150291,150291,https://finance.yahoo.com/quote/IPCALAB.NS/
2025-07-09,Ipca Labs,IPCALAB.NS,1448.4541015625,139629,139629,https://finance.yahoo.com/quote/IPCALAB.NS/
2025-07-10,Ipca Labs,IPCALAB.NS,1437.4078369140625,141349,141349,https://finance.yahoo.com/quote/IPCALAB.NS/
2025-07-11,Ipca Labs,IPCALAB.NS,1442.5826416015625,119065,119065,https://finance.yahoo.com/quote/IPCALAB.NS/
2025-07-14,Ipca Labs,IPCALAB.NS,1449.7479248046875,197274,197274,https://finance.yahoo.com/quote/IPCALAB.NS/
2025-07-15,Ipca Labs,IPCALAB.NS,1463.7796630859375,352116,352116,https://finance.yahoo.com/quote/IPCALAB.NS/
2025-07-16,Ipca Labs,IPCALAB.NS,1454.7237548828125,147361,147361,https://finance.yahoo.com/quote/IPCALAB.NS/
2025-07-17,Ipca Labs,IPCALAB.NS,1466.964111328125,110093,110093,https://finance.yahoo.com/quote/IPCALAB.NS/
2025-07-18,Ipca Labs,IPCALAB.NS,1463.879150390625,97684,97684,https://finance.yahoo.com/quote/IPCALAB.NS/
2025-07-21,Ipca Labs,IPCALAB.NS,1459.599853515625,124091,124091,https://finance.yahoo.com/quote/IPCALAB.NS/
2025-07-22,Ipca Labs,IPCALAB.NS,1453.13134765625,122866,122866,https://finance.yahoo.com/quote/IPCALAB.NS/
2025-07-23,Ipca Labs,IPCALAB.NS,1452.8328857421875,241445,241445,https://finance.yahoo.com/quote/IPCALAB.NS/
2025-07-24,Ipca Labs,IPCALAB.NS,1533.34130859375,1267102,1267102,https://finance.yahoo.com/quote/IPCALAB.NS/
2025-07-25,Ipca Labs,IPCALAB.NS,1501.6951904296875,780651,780651,https://finance.yahoo.com/quote/IPCALAB.NS/
2025-07-28,Ipca Labs,IPCALAB.NS,1475.6220703125,171072,171072,https://finance.yahoo.com/quote/IPCALAB.NS/
2025-07-29,Ipca Labs,IPCALAB.NS,1481.29443359375,90330,90330,https://finance.yahoo.com/quote/IPCALAB.NS/
2025-07-30,Ipca Labs,IPCALAB.NS,1522.095947265625,501364,501364,https://finance.yahoo.com/quote/IPCALAB.NS/
2025-07-31,Ipca Labs,IPCALAB.NS,1466.7650146484375,302398,302398,https://finance.yahoo.com/quote/IPCALAB.NS/
2025-08-01,Ipca Labs,IPCALAB.NS,1443.1798095703125,151739,151739,https://finance.yahoo.com/quote/IPCALAB.NS/
2025-08-04,Ipca Labs,IPCALAB.NS,1436.213623046875,126388,126388,https://finance.yahoo.com/quote/IPCALAB.NS/
2025-08-05,Ipca Labs,IPCALAB.NS,1422.0628662109375,115437,115437,https://finance.yahoo.com/quote/IPCALAB.NS/
2025-08-06,Ipca Labs,IPCALAB.NS,1382.500244140625,132650,132650,https://finance.yahoo.com/quote/IPCALAB.NS/
2025-08-07,Ipca Labs,IPCALAB.NS,1386.6856689453125,114551,114551,https://finance.yahoo.com/quote/IPCALAB.NS/
2025-08-08,Ipca Labs,IPCALAB.NS,1382.001953125,55816,55816,https://finance.yahoo.com/quote/IPCALAB.NS/
2025-08-11,Ipca Labs,IPCALAB.NS,1332.0751953125,488727,488727,https://finance.yahoo.com/quote/IPCALAB.NS/
2025-08-12,Ipca Labs,IPCALAB.NS,1371.9368896484375,376991,376991,https://finance.yahoo.com/quote/IPCALAB.NS/
2025-08-13,Ipca Labs,IPCALAB.NS,1359.878662109375,113370,113370,https://finance.yahoo.com/quote/IPCALAB.NS/
2025-08-14,Ipca Labs,IPCALAB.NS,1361.17431640625,95383,95383,https://finance.yahoo.com/quote/IPCALAB.NS/
2025-08-18,Ipca Labs,IPCALAB.NS,1379.0123291015625,119136,119136,https://finance.yahoo.com/quote/IPCALAB.NS/
2025-08-19,Ipca Labs,IPCALAB.NS,1378.71337890625,121085,121085,https://finance.yahoo.com/quote/IPCALAB.NS/
2025-08-20,Ipca Labs,IPCALAB.NS,1365.65869140625,81465,81465,https://finance.yahoo.com/quote/IPCALAB.NS/
2025-08-21,Ipca Labs,IPCALAB.NS,1354.397705078125,63277,63277,https://finance.yahoo.com/quote/IPCALAB.NS/
2025-08-22,Ipca Labs,IPCALAB.NS,1413.49267578125,437422,437422,https://finance.yahoo.com/quote/IPCALAB.NS/
2025-08-25,Ipca Labs,IPCALAB.NS,1395.056640625,121663,121663,https://finance.yahoo.com/quote/IPCALAB.NS/
2025-08-26,Ipca Labs,IPCALAB.NS,1429.536865234375,276774,276774,https://finance.yahoo.com/quote/IPCALAB.NS/
2025-08-28,Ipca Labs,IPCALAB.NS,1413.59228515625,205145,205145,https://finance.yahoo.com/quote/IPCALAB.NS/
2025-08-29,Ipca Labs,IPCALAB.NS,1379.6102294921875,156601,156601,https://finance.yahoo.com/quote/IPCALAB.NS/
2025-09-01,Ipca Labs,IPCALAB.NS,1365.3597412109375,160654,160654,https://finance.yahoo.com/quote/IPCALAB.NS/
2025-09-02,Ipca Labs,IPCALAB.NS,1362.8682861328125,35637,35637,https://finance.yahoo.com/quote/IPCALAB.NS/
2025-09-03,Ipca Labs,IPCALAB.NS,1347.3223876953125,103658,103658,https://finance.yahoo.com/quote/IPCALAB.NS/
2025-09-04,Ipca Labs,IPCALAB.NS,1334.5665283203125,325213,325213,https://finance.yahoo.com/quote/IPCALAB.NS/
2025-09-05,Ipca Labs,IPCALAB.NS,1330.381103515625,105496,105496,https://finance.yahoo.com/quote/IPCALAB.NS/
2025-09-08,Ipca Labs,IPCALAB.NS,1315.8316650390625,98181,98181,https://finance.yahoo.com/quote/IPCALAB.NS/
2025-09-09,Ipca Labs,IPCALAB.NS,1315.53271484375,83745,83745,https://finance.yahoo.com/quote/IPCALAB.NS/
2025-09-10,Ipca Labs,IPCALAB.NS,1308.457275390625,127010,127010,https://finance.yahoo.com/quote/IPCALAB.NS/
2025-09-11,Ipca Labs,IPCALAB.NS,1307.6600341796875,117956,117956,https://finance.yahoo.com/quote/IPCALAB.NS/
2025-09-12,Ipca Labs,IPCALAB.NS,1310.2510986328125,237370,237370,https://finance.yahoo.com/quote/IPCALAB.NS/
2025-09-15,Ipca Labs,IPCALAB.NS,1305.7666015625,108722,108722,https://finance.yahoo.com/quote/IPCALAB.NS/
2025-09-16,Ipca Labs,IPCALAB.NS,1306.96240234375,105808,105808,https://finance.yahoo.com/quote/IPCALAB.NS/
2025-09-17,Ipca Labs,IPCALAB.NS,1306.6634521484375,123604,123604,https://finance.yahoo.com/quote/IPCALAB.NS/
2025-09-18,Ipca Labs,IPCALAB.NS,1336.1611328125,163404,163404,https://finance.yahoo.com/quote/IPCALAB.NS/
2025-09-19,Ipca Labs,IPCALAB.NS,1436.014404296875,995320,995320,https://finance.yahoo.com/quote/IPCALAB.NS/
2025-09-22,Ipca Labs,IPCALAB.NS,1394.458740234375,222708,222708,https://finance.yahoo.com/quote/IPCALAB.NS/
2025-09-23,Ipca Labs,IPCALAB.NS,1390.372802734375,202440,202440,https://finance.yahoo.com/quote/IPCALAB.NS/
2025-09-24,Ipca Labs,IPCALAB.NS,1343.73486328125,118793,118793,https://finance.yahoo.com/quote/IPCALAB.NS/
2025-09-25,Ipca Labs,IPCALAB.NS,1345.8275146484375,105951,105951,https://finance.yahoo.com/quote/IPCALAB.NS/
2025-09-26,Ipca Labs,IPCALAB.NS,1366.455810546875,339048,339048,https://finance.yahoo.com/quote/IPCALAB.NS/
2025-09-29,Ipca Labs,IPCALAB.NS,1312.4434814453125,116499,116499,https://finance.yahoo.com/quote/IPCALAB.NS/
2025-09-30,Ipca Labs,IPCALAB.NS,1334.3673095703125,131478,131478,https://finance.yahoo.com/quote/IPCALAB.NS/
2025-10-01,Ipca Labs,IPCALAB.NS,1322.7078857421875,253514,253514,https://finance.yahoo.com/quote/IPCALAB.NS/
2025-10-03,Ipca Labs,IPCALAB.NS,1308.556884765625,124762,124762,https://finance.yahoo.com/quote/IPCALAB.NS/
2025-10-06,Ipca Labs,IPCALAB.NS,1318.6219482421875,86344,86344,https://finance.yahoo.com/quote/IPCALAB.NS/
2025-10-07,Ipca Labs,IPCALAB.NS,1355.0953369140625,720078,720078,https://finance.yahoo.com/quote/IPCALAB.NS/
2025-10-08,Ipca Labs,IPCALAB.NS,1347.4219970703125,49362,49362,https://finance.yahoo.com/quote/IPCALAB.NS/
2025-10-09,Ipca Labs,IPCALAB.NS,1334.8656005859375,92193,92193,https://finance.yahoo.com/quote/IPCALAB.NS/
2025-10-10,Ipca Labs,IPCALAB.NS,1329.8829345703125,93288,93288,https://finance.yahoo.com/quote/IPCALAB.NS/
2025-10-13,Ipca Labs,IPCALAB.NS,1318.9208984375,59274,59274,https://finance.yahoo.com/quote/IPCALAB.NS/
2025-10-14,Ipca Labs,IPCALAB.NS,1301.5811767578125,202965,202965,https://finance.yahoo.com/quote/IPCALAB.NS/
2025-10-15,Ipca Labs,IPCALAB.NS,1292.8116455078125,96247,96247,https://finance.yahoo.com/quote/IPCALAB.NS/
2025-10-16,Ipca Labs,IPCALAB.NS,1283.9423828125,146327,146327,https://finance.yahoo.com/quote/IPCALAB.NS/
2025-10-17,Ipca Labs,IPCALAB.NS,1281.8497314453125,50853,50853,https://finance.yahoo.com/quote/IPCALAB.NS/
2025-10-20,Ipca Labs,IPCALAB.NS,1266.6025390625,104949,104949,https://finance.yahoo.com/quote/IPCALAB.NS/
2025-10-21,Ipca Labs,IPCALAB.NS,1276.866943359375,11900,11900,https://finance.yahoo.com/quote/IPCALAB.NS/
2025-10-23,Ipca Labs,IPCALAB.NS,1272.382568359375,122938,122938,https://finance.yahoo.com/quote/IPCALAB.NS/
2025-10-24,Ipca Labs,IPCALAB.NS,1264.310546875,123050,123050,https://finance.yahoo.com/quote/IPCALAB.NS/
2025-10-27,Ipca Labs,IPCALAB.NS,1293.5091552734375,84801,84801,https://finance.yahoo.com/quote/IPCALAB.NS/
2025-10-28,Ipca Labs,IPCALAB.NS,1281.4510498046875,63010,63010,https://finance.yahoo.com/quote/IPCALAB.NS/
2025-10-29,Ipca Labs,IPCALAB.NS,1285.437255859375,84127,84127,https://finance.yahoo.com/quote/IPCALAB.NS/
2025-10-30,Ipca Labs,IPCALAB.NS,1284.440673828125,59139,59139,https://finance.yahoo.com/quote/IPCALAB.NS/
2025-10-31,Ipca Labs,IPCALAB.NS,1266.8018798828125,106443,106443,https://finance.yahoo.com/quote/IPCALAB.NS/
2025-11-03,Ipca Labs,IPCALAB.NS,1305.1685791015625,126927,126927,https://finance.yahoo.com/quote/IPCALAB.NS/
2025-11-04,Ipca Labs,IPCALAB.NS,1290.3203125,118746,118746,https://finance.yahoo.com/quote/IPCALAB.NS/
2025-11-06,Ipca Labs,IPCALAB.NS,1300.28564453125,226767,226767,https://finance.yahoo.com/quote/IPCALAB.NS/
2025-11-07,Ipca Labs,IPCALAB.NS,1313.739013671875,281388,281388,https://finance.yahoo.com/quote/IPCALAB.NS/
2025-11-10,Ipca Labs,IPCALAB.NS,1340.1473388671875,260140,260140,https://finance.yahoo.com/quote/IPCALAB.NS/
2025-11-11,Ipca Labs,IPCALAB.NS,1317.4261474609375,48376,48376,https://finance.yahoo.com/quote/IPCALAB.NS/
2025-11-12,Ipca Labs,IPCALAB.NS,1336.2607421875,155242,155242,https://finance.yahoo.com/quote/IPCALAB.NS/
2025-11-13,Ipca Labs,IPCALAB.NS,1297.495361328125,562442,562442,https://finance.yahoo.com/quote/IPCALAB.NS/
2025-11-14,Ipca Labs,IPCALAB.NS,1474.4808349609375,4131703,4131703,https://finance.yahoo.com/quote/IPCALAB.NS/
2025-11-17,Ipca Labs,IPCALAB.NS,1459.732177734375,1187071,1187071,https://finance.yahoo.com/quote/IPCALAB.NS/
2025-11-18,Ipca Labs,IPCALAB.NS,1417.97705078125,322615,322615,https://finance.yahoo.com/quote/IPCALAB.NS/
2025-11-19,Ipca Labs,IPCALAB.NS,1442.392333984375,326575,326575,https://finance.yahoo.com/quote/IPCALAB.NS/
2025-11-20,Ipca Labs,IPCALAB.NS,1433.2239990234375,165761,165761,https://finance.yahoo.com/quote/IPCALAB.NS/
2025-11-21,Ipca Labs,IPCALAB.NS,1439.0040283203125,174552,174552,https://finance.yahoo.com/quote/IPCALAB.NS/
2025-11-24,Ipca Labs,IPCALAB.NS,1423.2586669921875,275733,275733,https://finance.yahoo.com/quote/IPCALAB.NS/
2025-11-25,Ipca Labs,IPCALAB.NS,1401.334716796875,154045,154045,https://finance.yahoo.com/quote/IPCALAB.NS/
2025-11-26,Ipca Labs,IPCALAB.NS,1404.0255126953125,104259,104259,https://finance.yahoo.com/quote/IPCALAB.NS/
2025-11-27,Ipca Labs,IPCALAB.NS,1391.1700439453125,100045,100045,https://finance.yahoo.com/quote/IPCALAB.NS/
2025-11-28,Ipca Labs,IPCALAB.NS,1448.072509765625,454494,454494,https://finance.yahoo.com/quote/IPCALAB.NS/
2025-12-01,Ipca Labs,IPCALAB.NS,1415.6849365234375,235351,235351,https://finance.yahoo.com/quote/IPCALAB.NS/
2025-12-02,Ipca Labs,IPCALAB.NS,1424.35498046875,122952,122952,https://finance.yahoo.com/quote/IPCALAB.NS/
2025-12-03,Ipca Labs,IPCALAB.NS,1438.8048095703125,148078,148078,https://finance.yahoo.com/quote/IPCALAB.NS/
2025-12-04,Ipca Labs,IPCALAB.NS,1449.5673828125,825619,825619,https://finance.yahoo.com/quote/IPCALAB.NS/
2025-12-05,Ipca Labs,IPCALAB.NS,1454.0517578125,237723,237723,https://finance.yahoo.com/quote/IPCALAB.NS/
2025-12-08,Ipca Labs,IPCALAB.NS,1442.691162109375,152080,152080,https://finance.yahoo.com/quote/IPCALAB.NS/
2025-12-09,Ipca Labs,IPCALAB.NS,1445.9798583984375,196937,196937,https://finance.yahoo.com/quote/IPCALAB.NS/
2025-12-10,Ipca Labs,IPCALAB.NS,1460.9278564453125,213881,213881,https://finance.yahoo.com/quote/IPCALAB.NS/
2025-12-11,Ipca Labs,IPCALAB.NS,1466.8074951171875,219440,219440,https://finance.yahoo.com/quote/IPCALAB.NS/
2025-12-12,Ipca Labs,IPCALAB.NS,1460.8282470703125,98690,98690,https://finance.yahoo.com/quote/IPCALAB.NS/
2025-12-15,Ipca Labs,IPCALAB.NS,1435.2171630859375,81169,81169,https://finance.yahoo.com/quote/IPCALAB.NS/
2025-12-16,Ipca Labs,IPCALAB.NS,1426.148681640625,109669,109669,https://finance.yahoo.com/quote/IPCALAB.NS/
2025-12-17,Ipca Labs,IPCALAB.NS,1390.4725341796875,145513,145513,https://finance.yahoo.com/quote/IPCALAB.NS/
2025-12-18,Ipca Labs,IPCALAB.NS,1400.8365478515625,95493,95493,https://finance.yahoo.com/quote/IPCALAB.NS/
2025-12-19,Ipca Labs,IPCALAB.NS,1419.8704833984375,169772,169772,https://finance.yahoo.com/quote/IPCALAB.NS/
2025-12-22,Ipca Labs,IPCALAB.NS,1422.959716796875,80833,80833,https://finance.yahoo.com/quote/IPCALAB.NS/
2025-12-23,Ipca Labs,IPCALAB.NS,1430.234375,79812,79812,https://finance.yahoo.com/quote/IPCALAB.NS/
2025-12-24,Ipca Labs,IPCALAB.NS,1409.8052978515625,49771,49771,https://finance.yahoo.com/quote/IPCALAB.NS/
2025-12-26,Ipca Labs,IPCALAB.NS,1434.818603515625,99953,99953,https://finance.yahoo.com/quote/IPCALAB.NS/
2025-12-29,Ipca Labs,IPCALAB.NS,1429.636474609375,146230,146230,https://finance.yahoo.com/quote/IPCALAB.NS/
2025-12-30,Ipca Labs,IPCALAB.NS,1381.4039306640625,595590,595590,https://finance.yahoo.com/quote/IPCALAB.NS/
2025-12-31,Ipca Labs,IPCALAB.NS,1413.9908447265625,337075,337075,https://finance.yahoo.com/quote/IPCALAB.NS/
2026-01-01,Ipca Labs,IPCALAB.NS,1393.3624267578125,104562,104562,https://finance.yahoo.com/quote/IPCALAB.NS/
2026-01-02,Ipca Labs,IPCALAB.NS,1399.1424560546875,70796,70796,https://finance.yahoo.com/quote/IPCALAB.NS/
2026-01-05,Ipca Labs,IPCALAB.NS,1408.111328125,118954,118954,https://finance.yahoo.com/quote/IPCALAB.NS/
2026-01-06,Ipca Labs,IPCALAB.NS,1464.515380859375,647078,647078,https://finance.yahoo.com/quote/IPCALAB.NS/
2026-01-07,Ipca Labs,IPCALAB.NS,1508.9610595703125,425525,425525,https://finance.yahoo.com/quote/IPCALAB.NS/
2026-01-08,Ipca Labs,IPCALAB.NS,1538.6580810546875,407694,407694,https://finance.yahoo.com/quote/IPCALAB.NS/
2026-01-09,Ipca Labs,IPCALAB.NS,1569.55078125,726762,726762,https://finance.yahoo.com/quote/IPCALAB.NS/
2026-01-12,Ipca Labs,IPCALAB.NS,1522.51416015625,568045,568045,https://finance.yahoo.com/quote/IPCALAB.NS/
2026-01-13,Ipca Labs,IPCALAB.NS,1502.5833740234375,147033,147033,https://finance.yahoo.com/quote/IPCALAB.NS/
2026-01-14,Ipca Labs,IPCALAB.NS,1511.75146484375,299342,299342,https://finance.yahoo.com/quote/IPCALAB.NS/
2026-01-16,Ipca Labs,IPCALAB.NS,1504.676025390625,107415,107415,https://finance.yahoo.com/quote/IPCALAB.NS/
2026-01-19,Ipca Labs,IPCALAB.NS,1482.0545654296875,128836,128836,https://finance.yahoo.com/quote/IPCALAB.NS/
2026-01-20,Ipca Labs,IPCALAB.NS,1474.5804443359375,136112,136112,https://finance.yahoo.com/quote/IPCALAB.NS/
2026-01-21,Ipca Labs,IPCALAB.NS,1475.7763671875,178953,178953,https://finance.yahoo.com/quote/IPCALAB.NS/
2026-01-22,Ipca Labs,IPCALAB.NS,1480.4600830078125,88339,88339,https://finance.yahoo.com/quote/IPCALAB.NS/
2026-01-23,Ipca Labs,IPCALAB.NS,1457.739013671875,47636,47636,https://finance.yahoo.com/quote/IPCALAB.NS/
2026-01-27,Ipca Labs,IPCALAB.NS,1449.8663330078125,62993,62993,https://finance.yahoo.com/quote/IPCALAB.NS/
2026-01-28,Ipca Labs,IPCALAB.NS,1442.09326171875,73729,73729,https://finance.yahoo.com/quote/IPCALAB.NS/
2026-01-29,Ipca Labs,IPCALAB.NS,1474.5804443359375,100371,100371,https://finance.yahoo.com/quote/IPCALAB.NS/
2026-01-30,Ipca Labs,IPCALAB.NS,1465.7113037109375,238850,238850,https://finance.yahoo.com/quote/IPCALAB.NS/
2026-02-02,Ipca Labs,IPCALAB.NS,1434.918212890625,499424,499424,https://finance.yahoo.com/quote/IPCALAB.NS/
2026-02-03,Ipca Labs,IPCALAB.NS,1430.334228515625,207460,207460,https://finance.yahoo.com/quote/IPCALAB.NS/
2026-02-04,Ipca Labs,IPCALAB.NS,1401.5341796875,117017,117017,https://finance.yahoo.com/quote/IPCALAB.NS/
2026-02-05,Ipca Labs,IPCALAB.NS,1437.210205078125,193684,193684,https://finance.yahoo.com/quote/IPCALAB.NS/
2026-02-06,Ipca Labs,IPCALAB.NS,1411.7984619140625,110797,110797,https://finance.yahoo.com/quote/IPCALAB.NS/
2026-02-09,Ipca Labs,IPCALAB.NS,1446.976318359375,111733,111733,https://finance.yahoo.com/quote/IPCALAB.NS/
2026-02-10,Ipca Labs,IPCALAB.NS,1421.265625,112117,112117,https://finance.yahoo.com/quote/IPCALAB.NS/
2026-02-11,Ipca Labs,IPCALAB.NS,1427.7430419921875,255356,255356,https://finance.yahoo.com/quote/IPCALAB.NS/
2026-02-12,Ipca Labs,IPCALAB.NS,1467.8040771484375,200360,200360,https://finance.yahoo.com/quote/IPCALAB.NS/
2026-02-13,Ipca Labs,IPCALAB.NS,1480.2608642578125,408095,408095,https://finance.yahoo.com/quote/IPCALAB.NS/
2026-02-16,Ipca Labs,IPCALAB.NS,1489.92724609375,193985,193985,https://finance.yahoo.com/quote/IPCALAB.NS/
2026-02-17,Ipca Labs,IPCALAB.NS,1486.4393310546875,287861,287861,https://finance.yahoo.com/quote/IPCALAB.NS/
2026-02-18,Ipca Labs,IPCALAB.NS,1485.4427490234375,75106,75106,https://finance.yahoo.com/quote/IPCALAB.NS/
2026-02-19,Ipca Labs,IPCALAB.NS,1458.835205078125,86586,86586,https://finance.yahoo.com/quote/IPCALAB.NS/
2026-02-20,Ipca Labs,IPCALAB.NS,1444.7840576171875,93974,93974,https://finance.yahoo.com/quote/IPCALAB.NS/
2026-02-23,Ipca Labs,IPCALAB.NS,1468.6011962890625,229030,229030,https://finance.yahoo.com/quote/IPCALAB.NS/
2026-02-24,Ipca Labs,IPCALAB.NS,1510.057373046875,150387,150387,https://finance.yahoo.com/quote/IPCALAB.NS/
2026-02-25,Ipca Labs,IPCALAB.NS,1519.2254638671875,102371,102371,https://finance.yahoo.com/quote/IPCALAB.NS/
2026-02-26,Ipca Labs,IPCALAB.NS,1517.531494140625,727749,727749,https://finance.yahoo.com/quote/IPCALAB.NS/
2026-02-27,Ipca Labs,IPCALAB.NS,1523.6103515625,191057,191057,https://finance.yahoo.com/quote/IPCALAB.NS/
2026-03-02,Ipca Labs,IPCALAB.NS,1507.7652587890625,115864,115864,https://finance.yahoo.com/quote/IPCALAB.NS/
2026-03-04,Ipca Labs,IPCALAB.NS,1470.29541015625,87330,87330,https://finance.yahoo.com/quote/IPCALAB.NS/
2026-03-05,Ipca Labs,IPCALAB.NS,1495.7071533203125,61774,61774,https://finance.yahoo.com/quote/IPCALAB.NS/
2026-03-06,Ipca Labs,IPCALAB.NS,1489.0302734375,45541,45541,https://finance.yahoo.com/quote/IPCALAB.NS/
2026-03-09,Ipca Labs,IPCALAB.NS,1497.4012451171875,90825,90825,https://finance.yahoo.com/quote/IPCALAB.NS/
2026-03-10,Ipca Labs,IPCALAB.NS,1486.0406494140625,57079,57079,https://finance.yahoo.com/quote/IPCALAB.NS/
2026-03-11,Ipca Labs,IPCALAB.NS,1528.593017578125,191040,191040,https://finance.yahoo.com/quote/IPCALAB.NS/
2026-03-12,Ipca Labs,IPCALAB.NS,1555.4000244140625,278221,278221,https://finance.yahoo.com/quote/IPCALAB.NS/
2026-03-13,Ipca Labs,IPCALAB.NS,1555.898193359375,590960,590960,https://finance.yahoo.com/quote/IPCALAB.NS/
2026-03-16,Ipca Labs,IPCALAB.NS,1551.613037109375,181093,181093,https://finance.yahoo.com/quote/IPCALAB.NS/
2026-03-17,Ipca Labs,IPCALAB.NS,1559.8843994140625,496282,496282,https://finance.yahoo.com/quote/IPCALAB.NS/
2026-03-18,Ipca Labs,IPCALAB.NS,1538.2593994140625,253243,253243,https://finance.yahoo.com/quote/IPCALAB.NS/
2026-03-19,Ipca Labs,IPCALAB.NS,1539.056640625,263738,263738,https://finance.yahoo.com/quote/IPCALAB.NS/
2026-03-20,Ipca Labs,IPCALAB.NS,1539.554931640625,196016,196016,https://finance.yahoo.com/quote/IPCALAB.NS/
2026-03-23,Ipca Labs,IPCALAB.NS,1524.6068115234375,178461,178461,https://finance.yahoo.com/quote/IPCALAB.NS/
2026-03-24,Ipca Labs,IPCALAB.NS,1525.5037841796875,123364,123364,https://finance.yahoo.com/quote/IPCALAB.NS/
2026-03-25,Ipca Labs,IPCALAB.NS,1564.568115234375,657174,657174,https://finance.yahoo.com/quote/IPCALAB.NS/
2026-03-27,Ipca Labs,IPCALAB.NS,1580.5126953125,327103,327103,https://finance.yahoo.com/quote/IPCALAB.NS/
2026-03-30,Ipca Labs,IPCALAB.NS,1595.66015625,450008,450008,https://finance.yahoo.com/quote/IPCALAB.NS/
2026-04-01,Ipca Labs,IPCALAB.NS,1502.9818115234375,527064,527064,https://finance.yahoo.com/quote/IPCALAB.NS/
2026-04-02,Ipca Labs,IPCALAB.NS,1483.1507568359375,196356,196356,https://finance.yahoo.com/quote/IPCALAB.NS/
2026-04-06,Ipca Labs,IPCALAB.NS,1450.9625244140625,234598,234598,https://finance.yahoo.com/quote/IPCALAB.NS/
2026-04-07,Ipca Labs,IPCALAB.NS,1437.210205078125,83654,83654,https://finance.yahoo.com/quote/IPCALAB.NS/
2026-04-08,Ipca Labs,IPCALAB.NS,1440.0006103515625,375454,375454,https://finance.yahoo.com/quote/IPCALAB.NS/
2026-04-09,Ipca Labs,IPCALAB.NS,1444.8836669921875,82607,82607,https://finance.yahoo.com/quote/IPCALAB.NS/
2026-04-10,Ipca Labs,IPCALAB.NS,1451.1617431640625,79984,79984,https://finance.yahoo.com/quote/IPCALAB.NS/
2026-04-13,Ipca Labs,IPCALAB.NS,1445.9798583984375,96475,96475,https://finance.yahoo.com/quote/IPCALAB.NS/
2026-04-15,Ipca Labs,IPCALAB.NS,1465.81103515625,191431,191431,https://finance.yahoo.com/quote/IPCALAB.NS/
2026-04-16,Ipca Labs,IPCALAB.NS,1456.3438720703125,187941,187941,https://finance.yahoo.com/quote/IPCALAB.NS/
2026-04-17,Ipca Labs,IPCALAB.NS,1463.219970703125,114570,114570,https://finance.yahoo.com/quote/IPCALAB.NS/
2026-04-20,Ipca Labs,IPCALAB.NS,1463.5189208984375,168951,168951,https://finance.yahoo.com/quote/IPCALAB.NS/
2026-04-21,Ipca Labs,IPCALAB.NS,1471.3916015625,199229,199229,https://finance.yahoo.com/quote/IPCALAB.NS/
2026-04-22,Ipca Labs,IPCALAB.NS,1489.6282958984375,310159,310159,https://finance.yahoo.com/quote/IPCALAB.NS/
2026-04-23,Ipca Labs,IPCALAB.NS,1520.8199462890625,248305,248305,https://finance.yahoo.com/quote/IPCALAB.NS/
2026-04-24,Ipca Labs,IPCALAB.NS,1550.516845703125,230855,230855,https://finance.yahoo.com/quote/IPCALAB.NS/
2026-04-27,Ipca Labs,IPCALAB.NS,1535.9674072265625,240783,240783,https://finance.yahoo.com/quote/IPCALAB.NS/
2026-04-28,Ipca Labs,IPCALAB.NS,1531.6822509765625,99425,99425,https://finance.yahoo.com/quote/IPCALAB.NS/
2026-04-29,Ipca Labs,IPCALAB.NS,1536.7646484375,128566,128566,https://finance.yahoo.com/quote/IPCALAB.NS/
2026-04-30,Ipca Labs,IPCALAB.NS,1525.6033935546875,348783,348783,https://finance.yahoo.com/quote/IPCALAB.NS/
2026-05-01,Ipca Labs,IPCALAB.NS,1525.6033935546875,0,0,https://finance.yahoo.com/quote/IPCALAB.NS/
2026-05-04,Ipca Labs,IPCALAB.NS,1524.70654296875,127756,127756,https://finance.yahoo.com/quote/IPCALAB.NS/
2026-05-05,Ipca Labs,IPCALAB.NS,1536.4656982421875,183380,183380,https://finance.yahoo.com/quote/IPCALAB.NS/
2026-05-06,Ipca Labs,IPCALAB.NS,1558.987548828125,241418,241418,https://finance.yahoo.com/quote/IPCALAB.NS/
2026-05-07,Ipca Labs,IPCALAB.NS,1554.7022705078125,97347,97347,https://finance.yahoo.com/quote/IPCALAB.NS/
2026-05-08,Ipca Labs,IPCALAB.NS,1547.228271484375,247633,247633,https://finance.yahoo.com/quote/IPCALAB.NS/
2026-05-11,Ipca Labs,IPCALAB.NS,1529.689208984375,533066,533066,https://finance.yahoo.com/quote/IPCALAB.NS/
2026-05-12,Ipca Labs,IPCALAB.NS,1503.8787841796875,507486,507486,https://finance.yahoo.com/quote/IPCALAB.NS/
2026-05-13,Ipca Labs,IPCALAB.NS,1501.0885009765625,251461,251461,https://finance.yahoo.com/quote/IPCALAB.NS/
2026-05-14,Ipca Labs,IPCALAB.NS,1578.4200439453125,543561,543561,https://finance.yahoo.com/quote/IPCALAB.NS/
2026-05-15,Ipca Labs,IPCALAB.NS,1599.447021484375,1114457,1114457,https://finance.yahoo.com/quote/IPCALAB.NS/
2026-05-18,Ipca Labs,IPCALAB.NS,1640.6041259765625,634585,634585,https://finance.yahoo.com/quote/IPCALAB.NS/
2026-05-19,Ipca Labs,IPCALAB.NS,1650.4698486328125,256508,256508,https://finance.yahoo.com/quote/IPCALAB.NS/
2026-05-20,Ipca Labs,IPCALAB.NS,1640.903076171875,273088,273088,https://finance.yahoo.com/quote/IPCALAB.NS/
2026-05-21,Ipca Labs,IPCALAB.NS,1631.3363037109375,220532,220532,https://finance.yahoo.com/quote/IPCALAB.NS/
2026-05-22,Ipca Labs,IPCALAB.NS,1596.5570068359375,100242,100242,https://finance.yahoo.com/quote/IPCALAB.NS/
2026-05-25,Ipca Labs,IPCALAB.NS,1565.564697265625,109349,109349,https://finance.yahoo.com/quote/IPCALAB.NS/
2026-05-26,Ipca Labs,IPCALAB.NS,1572.5404052734375,136241,136241,https://finance.yahoo.com/quote/IPCALAB.NS/
2026-05-27,Ipca Labs,IPCALAB.NS,1566.9598388671875,74100,74100,https://finance.yahoo.com/quote/IPCALAB.NS/
2026-05-28,Ipca Labs,IPCALAB.NS,1566.9598388671875,0,0,https://finance.yahoo.com/quote/IPCALAB.NS/
2026-05-29,Ipca Labs,IPCALAB.NS,1519.1258544921875,979166,979166,https://finance.yahoo.com/quote/IPCALAB.NS/
2026-06-01,Ipca Labs,IPCALAB.NS,1485.2435302734375,270268,270268,https://finance.yahoo.com/quote/IPCALAB.NS/
2026-06-02,Ipca Labs,IPCALAB.NS,1502.483642578125,383375,383375,https://finance.yahoo.com/quote/IPCALAB.NS/
2026-06-03,Ipca Labs,IPCALAB.NS,1549.3209228515625,274172,274172,https://finance.yahoo.com/quote/IPCALAB.NS/
2026-06-04,Ipca Labs,IPCALAB.NS,1608.4158935546875,396358,396358,https://finance.yahoo.com/quote/IPCALAB.NS/
2026-06-05,Ipca Labs,IPCALAB.NS,1636.2193603515625,242278,242278,https://finance.yahoo.com/quote/IPCALAB.NS/
2026-06-08,Ipca Labs,IPCALAB.NS,1643.693359375,924718,924718,https://finance.yahoo.com/quote/IPCALAB.NS/
2026-06-09,Ipca Labs,IPCALAB.NS,1628.3466796875,116776,116776,https://finance.yahoo.com/quote/IPCALAB.NS/
2026-06-10,Ipca Labs,IPCALAB.NS,1624.559814453125,172179,172179,https://finance.yahoo.com/quote/IPCALAB.NS/
2026-06-11,Ipca Labs,IPCALAB.NS,1608.0172119140625,86082,86082,https://finance.yahoo.com/quote/IPCALAB.NS/
2026-06-12,Ipca Labs,IPCALAB.NS,1577.5230712890625,131987,131987,https://finance.yahoo.com/quote/IPCALAB.NS/
2026-06-15,Ipca Labs,IPCALAB.NS,1570.248291015625,118009,118009,https://finance.yahoo.com/quote/IPCALAB.NS/
2026-06-16,Ipca Labs,IPCALAB.NS,1544.8365478515625,83984,83984,https://finance.yahoo.com/quote/IPCALAB.NS/
2026-06-17,Ipca Labs,IPCALAB.NS,1533.3763427734375,94273,94273,https://finance.yahoo.com/quote/IPCALAB.NS/
2026-06-18,Ipca Labs,IPCALAB.NS,1538.2593994140625,125608,125608,https://finance.yahoo.com/quote/IPCALAB.NS/
2026-06-19,Ipca Labs,IPCALAB.NS,1580.3134765625,262446,262446,https://finance.yahoo.com/quote/IPCALAB.NS/
2026-06-22,Ipca Labs,IPCALAB.NS,1591.773681640625,86624,86624,https://finance.yahoo.com/quote/IPCALAB.NS/
2026-06-23,Ipca Labs,IPCALAB.NS,1619.3778076171875,179904,179904,https://finance.yahoo.com/quote/IPCALAB.NS/
2026-06-24,Ipca Labs,IPCALAB.NS,1615.5909423828125,116670,116670,https://finance.yahoo.com/quote/IPCALAB.NS/
2026-06-25,Ipca Labs,IPCALAB.NS,1612.7010498046875,167145,167145,https://finance.yahoo.com/quote/IPCALAB.NS/
2026-06-26,Ipca Labs,IPCALAB.NS,1612.7010498046875,0,0,https://finance.yahoo.com/quote/IPCALAB.NS/
2026-06-29,Ipca Labs,IPCALAB.NS,1641.5009765625,333883,333883,https://finance.yahoo.com/quote/IPCALAB.NS/
2026-06-30,Ipca Labs,IPCALAB.NS,1695.1148681640625,919073,919073,https://finance.yahoo.com/quote/IPCALAB.NS/
2026-07-01,Ipca Labs,IPCALAB.NS,1690.53076171875,222143,222143,https://finance.yahoo.com/quote/IPCALAB.NS/
2026-07-02,Ipca Labs,IPCALAB.NS,1713.451171875,172457,172457,https://finance.yahoo.com/quote/IPCALAB.NS/
2026-07-03,Ipca Labs,IPCALAB.NS,1772.745361328125,571448,571448,https://finance.yahoo.com/quote/IPCALAB.NS/
2026-07-06,Ipca Labs,IPCALAB.NS,1776.2332763671875,393648,393648,https://finance.yahoo.com/quote/IPCALAB.NS/
2026-07-07,Ipca Labs,IPCALAB.NS,1786.896240234375,139839,139839,https://finance.yahoo.com/quote/IPCALAB.NS/
2026-07-08,Ipca Labs,IPCALAB.NS,1756.302490234375,166406,166406,https://finance.yahoo.com/quote/IPCALAB.NS/
2026-07-09,Ipca Labs,IPCALAB.NS,1764.2747802734375,96723,96723,https://finance.yahoo.com/quote/IPCALAB.NS/
2026-07-10,Ipca Labs,IPCALAB.NS,1781.7142333984375,146840,146840,https://finance.yahoo.com/quote/IPCALAB.NS/
2026-07-13,Ipca Labs,IPCALAB.NS,1816.9918212890625,341668,341668,https://finance.yahoo.com/quote/IPCALAB.NS/
2026-07-14,Ipca Labs,IPCALAB.NS,1834.0325927734375,241497,241497,https://finance.yahoo.com/quote/IPCALAB.NS/
2026-07-15,Ipca Labs,IPCALAB.NS,1871.50244140625,291486,291486,https://finance.yahoo.com/quote/IPCALAB.NS/
2026-07-16,Ipca Labs,IPCALAB.NS,1883.66015625,794803,794803,https://finance.yahoo.com/quote/IPCALAB.NS/
2026-07-17,Ipca Labs,IPCALAB.NS,1894.0242919921875,157265,157265,https://finance.yahoo.com/quote/IPCALAB.NS/
2026-07-20,Ipca Labs,IPCALAB.NS,1832.23876953125,301713,301713,https://finance.yahoo.com/quote/IPCALAB.NS/
2026-07-21,Ipca Labs,IPCALAB.NS,1792.7757568359375,437799,437799,https://finance.yahoo.com/quote/IPCALAB.NS/
2026-07-22,Ipca Labs,IPCALAB.NS,1782.3121337890625,193000,193000,https://finance.yahoo.com/quote/IPCALAB.NS/
2026-07-23,Ipca Labs,IPCALAB.NS,1765.0718994140625,162968,162968,https://finance.yahoo.com/quote/IPCALAB.NS/
2026-07-24,Ipca Labs,IPCALAB.NS,1756.601318359375,79195,79195,https://finance.yahoo.com/quote/IPCALAB.NS/
2026-07-27,Ipca Labs,IPCALAB.NS,1771.4498291015625,119666,119666,https://finance.yahoo.com/quote/IPCALAB.NS/
2026-07-28,Ipca Labs,IPCALAB.NS,1782.8104248046875,238234,238234,https://finance.yahoo.com/quote/IPCALAB.NS/
2026-07-29,Ipca Labs,IPCALAB.NS,1768.360595703125,155850,155850,https://finance.yahoo.com/quote/IPCALAB.NS/
2026-07-30,Ipca Labs,IPCALAB.NS,1752.7149658203125,140552,140552,https://finance.yahoo.com/quote/IPCALAB.NS/
2026-07-31,Ipca Labs,IPCALAB.NS,1741.7529296875,138035,138035,https://finance.yahoo.com/quote/IPCALAB.NS/
2026-08-03,Ipca Labs,IPCALAB.NS,1719.6297607421875,159711,159711,https://finance.yahoo.com/quote/IPCALAB.NS/
2026-08-04,Ipca Labs,IPCALAB.NS,1688.836669921875,222711,222711,https://finance.yahoo.com/quote/IPCALAB.NS/
2026-08-05,Ipca Labs,IPCALAB.NS,1758.8934326171875,290079,290079,https://finance.yahoo.com/quote/IPCALAB.NS/
2026-08-06,Ipca Labs,IPCALAB.NS,1728.199951171875,151963,151963,https://finance.yahoo.com/quote/IPCALAB.NS/
2026-08-07,Ipca Labs,IPCALAB.NS,1735.800048828125,79829,79829,https://finance.yahoo.com/quote/IPCALAB.NS/
2026-08-10,Ipca Labs,IPCALAB.NS,1685.800048828125,239283,239283,https://finance.yahoo.com/quote/IPCALAB.NS/
2026-08-11,Ipca Labs,IPCALAB.NS,1748.4000244140625,233132,233132,https://finance.yahoo.com/quote/IPCALAB.NS/
2026-08-12,Ipca Labs,IPCALAB.NS,1766.5999755859375,149151,149151,https://finance.yahoo.com/quote/IPCALAB.NS/
2026-08-13,Ipca Labs,IPCALAB.NS,1796.300048828125,1835473,1835473,https://finance.yahoo.com/quote/IPCALAB.NS/
2026-08-14,Ipca Labs,IPCALAB.NS,1734.199951171875,390591,390591,https://finance.yahoo.com/quote/IPCALAB.NS/
2026-08-17,Ipca Labs,IPCALAB.NS,1884.5999755859375,6964903,6964903,https://finance.yahoo.com/quote/IPCALAB.NS/
2026-08-18,Ipca Labs,IPCALAB.NS,1882.0999755859375,804532,804532,https://finance.yahoo.com/quote/IPCALAB.NS/
2026-08-19,Ipca Labs,IPCALAB.NS,1903.699951171875,753334,753334,https://finance.yahoo.com/quote/IPCALAB.NS/
2026-08-20,Ipca Labs,IPCALAB.NS,1900.0999755859375,236586,236586,https://finance.yahoo.com/quote/IPCALAB.NS/
2026-08-21,Ipca Labs,IPCALAB.NS,1911.199951171875,194059,194059,https://finance.yahoo.com/quote/IPCALAB.NS/
2026-08-24,Ipca Labs,IPCALAB.NS,1920.4000244140625,277434,277434,https://finance.yahoo.com/quote/IPCALAB.NS/
2026-08-25,Ipca Labs,IPCALAB.NS,1928.5,427720,427720,https://finance.yahoo.com/quote/IPCALAB.NS/
2026-08-26,Ipca Labs,IPCALAB.NS,1952.4000244140625,455426,455426,https://finance.yahoo.com/quote/IPCALAB.NS/
2026-08-27,Ipca Labs,IPCALAB.NS,1959.800048828125,122184,122184,https://finance.yahoo.com/quote/IPCALAB.NS/
2026-08-28,Ipca Labs,IPCALAB.NS,1950.300048828125,276397,276397,https://finance.yahoo.com/quote/IPCALAB.NS/
2026-08-31,Ipca Labs,IPCALAB.NS,1974.9000244140625,357067,357067,https://finance.yahoo.com/quote/IPCALAB.NS/
2026-09-01,Ipca Labs,IPCALAB.NS,1987.5999755859375,216317,216317,https://finance.yahoo.com/quote/IPCALAB.NS/
2026-09-02,Ipca Labs,IPCALAB.NS,1956.5,161648,161648,https://finance.yahoo.com/quote/IPCALAB.NS/
2026-09-03,Ipca Labs,IPCALAB.NS,1956.0999755859375,301813,301813,https://finance.yahoo.com/quote/IPCALAB.NS/
2026-09-04,Ipca Labs,IPCALAB.NS,1965.300048828125,80401,80401,https://finance.yahoo.com/quote/IPCALAB.NS/
2026-09-07,Ipca Labs,IPCALAB.NS,1959.0999755859375,92425,92425,https://finance.yahoo.com/quote/IPCALAB.NS/
2026-09-08,Ipca Labs,IPCALAB.NS,1967.199951171875,158357,158357,https://finance.yahoo.com/quote/IPCALAB.NS/
2026-09-09,Ipca Labs,IPCALAB.NS,1963.5999755859375,126119,126119,https://finance.yahoo.com/quote/IPCALAB.NS/
2026-09-10,Ipca Labs,IPCALAB.NS,1970.9000244140625,209376,209376,https://finance.yahoo.com/quote/IPCALAB.NS/
2026-09-11,Ipca Labs,IPCALAB.NS,1968.5,176417,176417,https://finance.yahoo.com/quote/IPCALAB.NS/
2026-09-14,Ipca Labs,IPCALAB.NS,1968.5,0,0,https://finance.yahoo.com/quote/IPCALAB.NS/
2026-09-15,Ipca Labs,IPCALAB.NS,1932.4000244140625,274487,274487,https://finance.yahoo.com/quote/IPCALAB.NS/
2026-09-16,Ipca Labs,IPCALAB.NS,1950.699951171875,337123,337123,https://finance.yahoo.com/quote/IPCALAB.NS/
2026-09-17,Ipca Labs,IPCALAB.NS,1970.300048828125,555590,555590,https://finance.yahoo.com/quote/IPCALAB.NS/
2026-09-18,Ipca Labs,IPCALAB.NS,2009.5999755859375,527501,527501,https://finance.yahoo.com/quote/IPCALAB.NS/
2026-09-21,Ipca Labs,IPCALAB.NS,2008.199951171875,173299,173299,https://finance.yahoo.com/quote/IPCALAB.NS/
2026-09-22,Ipca Labs,IPCALAB.NS,1992.4000244140625,122345,122345,https://finance.yahoo.com/quote/IPCALAB.NS/
2026-09-23,Ipca Labs,IPCALAB.NS,1962.5999755859375,159445,159445,https://finance.yahoo.com/quote/IPCALAB.NS/
2026-09-24,Ipca Labs,IPCALAB.NS,1997.0999755859375,272964,272964,https://finance.yahoo.com/quote/IPCALAB.NS/
2026-09-25,Ipca Labs,IPCALAB.NS,1970.800048828125,263825,263825,https://finance.yahoo.com/quote/IPCALAB.NS/
2026-09-28,Ipca Labs,IPCALAB.NS,1919.300048828125,170123,170123,https://finance.yahoo.com/quote/IPCALAB.NS/
2026-09-29,Ipca Labs,IPCALAB.NS,1938.0999755859375,246042,246042,https://finance.yahoo.com/quote/IPCALAB.NS/
2026-09-30,Ipca Labs,IPCALAB.NS,1927.0,312460,312460,https://finance.yahoo.com/quote/IPCALAB.NS/
2026-10-01,Ipca Labs,IPCALAB.NS,1943.199951171875,323967,323967,https://finance.yahoo.com/quote/IPCALAB.NS/
2025-04-02,Jubilant Pharmova,JUBLPHARMA.NS,901.1140747070312,124466,124466,https://finance.yahoo.com/quote/JUBLPHARMA.NS/
2025-04-03,Jubilant Pharmova,JUBLPHARMA.NS,961.4425659179688,1999181,1999181,https://finance.yahoo.com/quote/JUBLPHARMA.NS/
2025-04-04,Jubilant Pharmova,JUBLPHARMA.NS,920.4805908203125,402029,402029,https://finance.yahoo.com/quote/JUBLPHARMA.NS/
2025-04-07,Jubilant Pharmova,JUBLPHARMA.NS,875.0608520507812,184685,184685,https://finance.yahoo.com/quote/JUBLPHARMA.NS/
2025-04-08,Jubilant Pharmova,JUBLPHARMA.NS,872.5347900390625,98455,98455,https://finance.yahoo.com/quote/JUBLPHARMA.NS/
2025-04-09,Jubilant Pharmova,JUBLPHARMA.NS,820.3292846679688,225995,225995,https://finance.yahoo.com/quote/JUBLPHARMA.NS/
2025-04-11,Jubilant Pharmova,JUBLPHARMA.NS,909.682861328125,1439065,1439065,https://finance.yahoo.com/quote/JUBLPHARMA.NS/
2025-04-15,Jubilant Pharmova,JUBLPHARMA.NS,911.2679443359375,447969,447969,https://finance.yahoo.com/quote/JUBLPHARMA.NS/
2025-04-16,Jubilant Pharmova,JUBLPHARMA.NS,907.35498046875,88104,88104,https://finance.yahoo.com/quote/JUBLPHARMA.NS/
2025-04-17,Jubilant Pharmova,JUBLPHARMA.NS,910.3267822265625,252814,252814,https://finance.yahoo.com/quote/JUBLPHARMA.NS/
2025-04-21,Jubilant Pharmova,JUBLPHARMA.NS,907.35498046875,228299,228299,https://finance.yahoo.com/quote/JUBLPHARMA.NS/
2025-04-22,Jubilant Pharmova,JUBLPHARMA.NS,908.6427001953125,121813,121813,https://finance.yahoo.com/quote/JUBLPHARMA.NS/
2025-04-23,Jubilant Pharmova,JUBLPHARMA.NS,915.1807861328125,142017,142017,https://finance.yahoo.com/quote/JUBLPHARMA.NS/
2025-04-24,Jubilant Pharmova,JUBLPHARMA.NS,943.7105712890625,684442,684442,https://finance.yahoo.com/quote/JUBLPHARMA.NS/
2025-04-25,Jubilant Pharmova,JUBLPHARMA.NS,901.4608154296875,435584,435584,https://finance.yahoo.com/quote/JUBLPHARMA.NS/
2025-04-28,Jubilant Pharmova,JUBLPHARMA.NS,898.8851928710938,133500,133500,https://finance.yahoo.com/quote/JUBLPHARMA.NS/
2025-04-29,Jubilant Pharmova,JUBLPHARMA.NS,886.3043823242188,113551,113551,https://finance.yahoo.com/quote/JUBLPHARMA.NS/
2025-04-30,Jubilant Pharmova,JUBLPHARMA.NS,889.5238647460938,278779,278779,https://finance.yahoo.com/quote/JUBLPHARMA.NS/
2025-05-02,Jubilant Pharmova,JUBLPHARMA.NS,895.6657104492188,124168,124168,https://finance.yahoo.com/quote/JUBLPHARMA.NS/
2025-05-05,Jubilant Pharmova,JUBLPHARMA.NS,899.4795532226562,106745,106745,https://finance.yahoo.com/quote/JUBLPHARMA.NS/
2025-05-06,Jubilant Pharmova,JUBLPHARMA.NS,864.0650024414062,136547,136547,https://finance.yahoo.com/quote/JUBLPHARMA.NS/
2025-05-07,Jubilant Pharmova,JUBLPHARMA.NS,873.475830078125,95730,95730,https://finance.yahoo.com/quote/JUBLPHARMA.NS/
2025-05-08,Jubilant Pharmova,JUBLPHARMA.NS,872.7824096679688,145229,145229,https://finance.yahoo.com/quote/JUBLPHARMA.NS/
2025-05-09,Jubilant Pharmova,JUBLPHARMA.NS,859.706298828125,128230,128230,https://finance.yahoo.com/quote/JUBLPHARMA.NS/
2025-05-12,Jubilant Pharmova,JUBLPHARMA.NS,870.9003295898438,145413,145413,https://finance.yahoo.com/quote/JUBLPHARMA.NS/
2025-05-13,Jubilant Pharmova,JUBLPHARMA.NS,898.5384521484375,146968,146968,https://finance.yahoo.com/quote/JUBLPHARMA.NS/
2025-05-14,Jubilant Pharmova,JUBLPHARMA.NS,895.913330078125,92769,92769,https://finance.yahoo.com/quote/JUBLPHARMA.NS/
2025-05-15,Jubilant Pharmova,JUBLPHARMA.NS,897.10205078125,233883,233883,https://finance.yahoo.com/quote/JUBLPHARMA.NS/
2025-05-16,Jubilant Pharmova,JUBLPHARMA.NS,936.7266845703125,1453025,1453025,https://finance.yahoo.com/quote/JUBLPHARMA.NS/
2025-05-19,Jubilant Pharmova,JUBLPHARMA.NS,951.0906372070312,893651,893651,https://finance.yahoo.com/quote/JUBLPHARMA.NS/
2025-05-20,Jubilant Pharmova,JUBLPHARMA.NS,980.0166015625,761685,761685,https://finance.yahoo.com/quote/JUBLPHARMA.NS/
2025-05-21,Jubilant Pharmova,JUBLPHARMA.NS,984.4744262695312,2324837,2324837,https://finance.yahoo.com/quote/JUBLPHARMA.NS/
2025-05-22,Jubilant Pharmova,JUBLPHARMA.NS,1059.1173095703125,1272342,1272342,https://finance.yahoo.com/quote/JUBLPHARMA.NS/
2025-05-23,Jubilant Pharmova,JUBLPHARMA.NS,1063.921875,406804,406804,https://finance.yahoo.com/quote/JUBLPHARMA.NS/
2025-05-26,Jubilant Pharmova,JUBLPHARMA.NS,1110.926513671875,762715,762715,https://finance.yahoo.com/quote/JUBLPHARMA.NS/
2025-05-27,Jubilant Pharmova,JUBLPHARMA.NS,1122.46728515625,329518,329518,https://finance.yahoo.com/quote/JUBLPHARMA.NS/
2025-05-28,Jubilant Pharmova,JUBLPHARMA.NS,1121.3775634765625,261484,261484,https://finance.yahoo.com/quote/JUBLPHARMA.NS/
2025-05-29,Jubilant Pharmova,JUBLPHARMA.NS,1144.1617431640625,402027,402027,https://finance.yahoo.com/quote/JUBLPHARMA.NS/
2025-05-30,Jubilant Pharmova,JUBLPHARMA.NS,1162.785400390625,373379,373379,https://finance.yahoo.com/quote/JUBLPHARMA.NS/
2025-06-02,Jubilant Pharmova,JUBLPHARMA.NS,1158.7237548828125,307399,307399,https://finance.yahoo.com/quote/JUBLPHARMA.NS/
2025-06-03,Jubilant Pharmova,JUBLPHARMA.NS,1163.6768798828125,574700,574700,https://finance.yahoo.com/quote/JUBLPHARMA.NS/
2025-06-04,Jubilant Pharmova,JUBLPHARMA.NS,1149.1148681640625,95948,95948,https://finance.yahoo.com/quote/JUBLPHARMA.NS/
2025-06-05,Jubilant Pharmova,JUBLPHARMA.NS,1131.5809326171875,220859,220859,https://finance.yahoo.com/quote/JUBLPHARMA.NS/
2025-06-06,Jubilant Pharmova,JUBLPHARMA.NS,1129.302490234375,116793,116793,https://finance.yahoo.com/quote/JUBLPHARMA.NS/
2025-06-09,Jubilant Pharmova,JUBLPHARMA.NS,1133.1658935546875,134757,134757,https://finance.yahoo.com/quote/JUBLPHARMA.NS/
2025-06-10,Jubilant Pharmova,JUBLPHARMA.NS,1135.4442138671875,113332,113332,https://finance.yahoo.com/quote/JUBLPHARMA.NS/
2025-06-11,Jubilant Pharmova,JUBLPHARMA.NS,1135.6424560546875,163551,163551,https://finance.yahoo.com/quote/JUBLPHARMA.NS/
2025-06-12,Jubilant Pharmova,JUBLPHARMA.NS,1115.03759765625,177900,177900,https://finance.yahoo.com/quote/JUBLPHARMA.NS/
2025-06-13,Jubilant Pharmova,JUBLPHARMA.NS,1083.9322509765625,6466031,6466031,https://finance.yahoo.com/quote/JUBLPHARMA.NS/
2025-06-16,Jubilant Pharmova,JUBLPHARMA.NS,1115.830078125,667850,667850,https://finance.yahoo.com/quote/JUBLPHARMA.NS/
2025-06-17,Jubilant Pharmova,JUBLPHARMA.NS,1109.886474609375,399104,399104,https://finance.yahoo.com/quote/JUBLPHARMA.NS/
2025-06-18,Jubilant Pharmova,JUBLPHARMA.NS,1112.75927734375,248454,248454,https://finance.yahoo.com/quote/JUBLPHARMA.NS/
2025-06-19,Jubilant Pharmova,JUBLPHARMA.NS,1116.1273193359375,411715,411715,https://finance.yahoo.com/quote/JUBLPHARMA.NS/
2025-06-20,Jubilant Pharmova,JUBLPHARMA.NS,1097.5037841796875,1691510,1691510,https://finance.yahoo.com/quote/JUBLPHARMA.NS/
2025-06-23,Jubilant Pharmova,JUBLPHARMA.NS,1110.97607421875,276495,276495,https://finance.yahoo.com/quote/JUBLPHARMA.NS/
2025-06-24,Jubilant Pharmova,JUBLPHARMA.NS,1109.6883544921875,203987,203987,https://finance.yahoo.com/quote/JUBLPHARMA.NS/
2025-06-25,Jubilant Pharmova,JUBLPHARMA.NS,1172.7906494140625,520554,520554,https://finance.yahoo.com/quote/JUBLPHARMA.NS/
2025-06-26,Jubilant Pharmova,JUBLPHARMA.NS,1168.9271240234375,315859,315859,https://finance.yahoo.com/quote/JUBLPHARMA.NS/
2025-06-27,Jubilant Pharmova,JUBLPHARMA.NS,1162.884521484375,495729,495729,https://finance.yahoo.com/quote/JUBLPHARMA.NS/
2025-06-30,Jubilant Pharmova,JUBLPHARMA.NS,1199.239990234375,543284,543284,https://finance.yahoo.com/quote/JUBLPHARMA.NS/
2025-07-01,Jubilant Pharmova,JUBLPHARMA.NS,1188.244140625,202183,202183,https://finance.yahoo.com/quote/JUBLPHARMA.NS/
2025-07-02,Jubilant Pharmova,JUBLPHARMA.NS,1186.5601806640625,182855,182855,https://finance.yahoo.com/quote/JUBLPHARMA.NS/
2025-07-03,Jubilant Pharmova,JUBLPHARMA.NS,1190.225341796875,217034,217034,https://finance.yahoo.com/quote/JUBLPHARMA.NS/
2025-07-04,Jubilant Pharmova,JUBLPHARMA.NS,1182.7957763671875,169808,169808,https://finance.yahoo.com/quote/JUBLPHARMA.NS/
2025-07-07,Jubilant Pharmova,JUBLPHARMA.NS,1189.0367431640625,516262,516262,https://finance.yahoo.com/quote/JUBLPHARMA.NS/
2025-07-08,Jubilant Pharmova,JUBLPHARMA.NS,1154.4642333984375,398928,398928,https://finance.yahoo.com/quote/JUBLPHARMA.NS/
2025-07-09,Jubilant Pharmova,JUBLPHARMA.NS,1138.1190185546875,161062,161062,https://finance.yahoo.com/quote/JUBLPHARMA.NS/
2025-07-10,Jubilant Pharmova,JUBLPHARMA.NS,1160.80419921875,126092,126092,https://finance.yahoo.com/quote/JUBLPHARMA.NS/
2025-07-11,Jubilant Pharmova,JUBLPHARMA.NS,1154.76123046875,144076,144076,https://finance.yahoo.com/quote/JUBLPHARMA.NS/
2025-07-14,Jubilant Pharmova,JUBLPHARMA.NS,1182.7957763671875,319145,319145,https://finance.yahoo.com/quote/JUBLPHARMA.NS/
2025-07-15,Jubilant Pharmova,JUBLPHARMA.NS,1191.3150634765625,219949,219949,https://finance.yahoo.com/quote/JUBLPHARMA.NS/
2025-07-16,Jubilant Pharmova,JUBLPHARMA.NS,1183.291015625,115147,115147,https://finance.yahoo.com/quote/JUBLPHARMA.NS/
2025-07-17,Jubilant Pharmova,JUBLPHARMA.NS,1189.5321044921875,454668,454668,https://finance.yahoo.com/quote/JUBLPHARMA.NS/
2025-07-18,Jubilant Pharmova,JUBLPHARMA.NS,1220.439208984375,545057,545057,https://finance.yahoo.com/quote/JUBLPHARMA.NS/
2025-07-21,Jubilant Pharmova,JUBLPHARMA.NS,1210.9293212890625,344925,344925,https://finance.yahoo.com/quote/JUBLPHARMA.NS/
2025-07-22,Jubilant Pharmova,JUBLPHARMA.NS,1198.94287109375,223484,223484,https://finance.yahoo.com/quote/JUBLPHARMA.NS/
2025-07-23,Jubilant Pharmova,JUBLPHARMA.NS,1185.2723388671875,191477,191477,https://finance.yahoo.com/quote/JUBLPHARMA.NS/
2025-07-24,Jubilant Pharmova,JUBLPHARMA.NS,1163.9739990234375,274008,274008,https://finance.yahoo.com/quote/JUBLPHARMA.NS/
2025-07-25,Jubilant Pharmova,JUBLPHARMA.NS,1172.52978515625,199653,199653,https://finance.yahoo.com/quote/JUBLPHARMA.NS/
2025-07-28,Jubilant Pharmova,JUBLPHARMA.NS,1168.15234375,137943,137943,https://finance.yahoo.com/quote/JUBLPHARMA.NS/
2025-07-29,Jubilant Pharmova,JUBLPHARMA.NS,1146.962158203125,993855,993855,https://finance.yahoo.com/quote/JUBLPHARMA.NS/
2025-07-30,Jubilant Pharmova,JUBLPHARMA.NS,1229.9326171875,1978877,1978877,https://finance.yahoo.com/quote/JUBLPHARMA.NS/
2025-07-31,Jubilant Pharmova,JUBLPHARMA.NS,1187.949951171875,370860,370860,https://finance.yahoo.com/quote/JUBLPHARMA.NS/
2025-08-01,Jubilant Pharmova,JUBLPHARMA.NS,1152.433837890625,306004,306004,https://finance.yahoo.com/quote/JUBLPHARMA.NS/
2025-08-04,Jubilant Pharmova,JUBLPHARMA.NS,1141.092529296875,311376,311376,https://finance.yahoo.com/quote/JUBLPHARMA.NS/
2025-08-05,Jubilant Pharmova,JUBLPHARMA.NS,1113.336181640625,231031,231031,https://finance.yahoo.com/quote/JUBLPHARMA.NS/
2025-08-06,Jubilant Pharmova,JUBLPHARMA.NS,1098.8114013671875,223552,223552,https://finance.yahoo.com/quote/JUBLPHARMA.NS/
2025-08-07,Jubilant Pharmova,JUBLPHARMA.NS,1097.61767578125,162108,162108,https://finance.yahoo.com/quote/JUBLPHARMA.NS/
2025-08-08,Jubilant Pharmova,JUBLPHARMA.NS,1094.533447265625,143951,143951,https://finance.yahoo.com/quote/JUBLPHARMA.NS/
2025-08-11,Jubilant Pharmova,JUBLPHARMA.NS,1097.61767578125,211283,211283,https://finance.yahoo.com/quote/JUBLPHARMA.NS/
2025-08-12,Jubilant Pharmova,JUBLPHARMA.NS,1071.6519775390625,166083,166083,https://finance.yahoo.com/quote/JUBLPHARMA.NS/
2025-08-13,Jubilant Pharmova,JUBLPHARMA.NS,1071.950439453125,132578,132578,https://finance.yahoo.com/quote/JUBLPHARMA.NS/
2025-08-14,Jubilant Pharmova,JUBLPHARMA.NS,1050.5611572265625,146422,146422,https://finance.yahoo.com/quote/JUBLPHARMA.NS/
2025-08-18,Jubilant Pharmova,JUBLPHARMA.NS,1048.27294921875,252280,252280,https://finance.yahoo.com/quote/JUBLPHARMA.NS/
2025-08-19,Jubilant Pharmova,JUBLPHARMA.NS,1075.1339111328125,309847,309847,https://finance.yahoo.com/quote/JUBLPHARMA.NS/
2025-08-20,Jubilant Pharmova,JUBLPHARMA.NS,1078.5164794921875,199034,199034,https://finance.yahoo.com/quote/JUBLPHARMA.NS/
2025-08-21,Jubilant Pharmova,JUBLPHARMA.NS,1061.3056640625,255868,255868,https://finance.yahoo.com/quote/JUBLPHARMA.NS/
2025-08-22,Jubilant Pharmova,JUBLPHARMA.NS,1077.422119140625,140483,140483,https://finance.yahoo.com/quote/JUBLPHARMA.NS/
2025-08-25,Jubilant Pharmova,JUBLPHARMA.NS,1071.6519775390625,85731,85731,https://finance.yahoo.com/quote/JUBLPHARMA.NS/
2025-08-26,Jubilant Pharmova,JUBLPHARMA.NS,1036.9317626953125,106503,106503,https://finance.yahoo.com/quote/JUBLPHARMA.NS/
2025-08-28,Jubilant Pharmova,JUBLPHARMA.NS,1031.95751953125,179808,179808,https://finance.yahoo.com/quote/JUBLPHARMA.NS/
2025-08-29,Jubilant Pharmova,JUBLPHARMA.NS,1017.8306274414062,233882,233882,https://finance.yahoo.com/quote/JUBLPHARMA.NS/
2025-09-01,Jubilant Pharmova,JUBLPHARMA.NS,1035.93701171875,88978,88978,https://finance.yahoo.com/quote/JUBLPHARMA.NS/
2025-09-02,Jubilant Pharmova,JUBLPHARMA.NS,1033.6488037109375,72763,72763,https://finance.yahoo.com/quote/JUBLPHARMA.NS/
2025-09-03,Jubilant Pharmova,JUBLPHARMA.NS,1046.78076171875,153686,153686,https://finance.yahoo.com/quote/JUBLPHARMA.NS/
2025-09-04,Jubilant Pharmova,JUBLPHARMA.NS,1059.31591796875,135897,135897,https://finance.yahoo.com/quote/JUBLPHARMA.NS/
2025-09-05,Jubilant Pharmova,JUBLPHARMA.NS,1064.8870849609375,105084,105084,https://finance.yahoo.com/quote/JUBLPHARMA.NS/
2025-09-08,Jubilant Pharmova,JUBLPHARMA.NS,1100.3037109375,942391,942391,https://finance.yahoo.com/quote/JUBLPHARMA.NS/
2025-09-09,Jubilant Pharmova,JUBLPHARMA.NS,1103.8851318359375,126775,126775,https://finance.yahoo.com/quote/JUBLPHARMA.NS/
2025-09-10,Jubilant Pharmova,JUBLPHARMA.NS,1133.7305908203125,154878,154878,https://finance.yahoo.com/quote/JUBLPHARMA.NS/
2025-09-11,Jubilant Pharmova,JUBLPHARMA.NS,1118.807861328125,83940,83940,https://finance.yahoo.com/quote/JUBLPHARMA.NS/
2025-09-12,Jubilant Pharmova,JUBLPHARMA.NS,1116.519775390625,82249,82249,https://finance.yahoo.com/quote/JUBLPHARMA.NS/
2025-09-15,Jubilant Pharmova,JUBLPHARMA.NS,1116.121826171875,94661,94661,https://finance.yahoo.com/quote/JUBLPHARMA.NS/
2025-09-16,Jubilant Pharmova,JUBLPHARMA.NS,1114.6295166015625,99817,99817,https://finance.yahoo.com/quote/JUBLPHARMA.NS/
2025-09-17,Jubilant Pharmova,JUBLPHARMA.NS,1105.178466796875,142337,142337,https://finance.yahoo.com/quote/JUBLPHARMA.NS/
2025-09-18,Jubilant Pharmova,JUBLPHARMA.NS,1109.3568115234375,148841,148841,https://finance.yahoo.com/quote/JUBLPHARMA.NS/
2025-09-19,Jubilant Pharmova,JUBLPHARMA.NS,1094.533447265625,197551,197551,https://finance.yahoo.com/quote/JUBLPHARMA.NS/
2025-09-22,Jubilant Pharmova,JUBLPHARMA.NS,1085.4803466796875,155175,155175,https://finance.yahoo.com/quote/JUBLPHARMA.NS/
2025-09-23,Jubilant Pharmova,JUBLPHARMA.NS,1079.212890625,73080,73080,https://finance.yahoo.com/quote/JUBLPHARMA.NS/
2025-09-24,Jubilant Pharmova,JUBLPHARMA.NS,1074.736083984375,121051,121051,https://finance.yahoo.com/quote/JUBLPHARMA.NS/
2025-09-25,Jubilant Pharmova,JUBLPHARMA.NS,1065.8819580078125,124639,124639,https://finance.yahoo.com/quote/JUBLPHARMA.NS/
2025-09-26,Jubilant Pharmova,JUBLPHARMA.NS,1037.5286865234375,325876,325876,https://finance.yahoo.com/quote/JUBLPHARMA.NS/
2025-09-29,Jubilant Pharmova,JUBLPHARMA.NS,1055.9334716796875,246634,246634,https://finance.yahoo.com/quote/JUBLPHARMA.NS/
2025-09-30,Jubilant Pharmova,JUBLPHARMA.NS,1073.8406982421875,116800,116800,https://finance.yahoo.com/quote/JUBLPHARMA.NS/
2025-10-01,Jubilant Pharmova,JUBLPHARMA.NS,1107.267578125,116056,116056,https://finance.yahoo.com/quote/JUBLPHARMA.NS/
2025-10-03,Jubilant Pharmova,JUBLPHARMA.NS,1113.6346435546875,112179,112179,https://finance.yahoo.com/quote/JUBLPHARMA.NS/
2025-10-06,Jubilant Pharmova,JUBLPHARMA.NS,1091.051513671875,72025,72025,https://finance.yahoo.com/quote/JUBLPHARMA.NS/
2025-10-07,Jubilant Pharmova,JUBLPHARMA.NS,1092.5438232421875,67738,67738,https://finance.yahoo.com/quote/JUBLPHARMA.NS/
2025-10-08,Jubilant Pharmova,JUBLPHARMA.NS,1080.506103515625,63453,63453,https://finance.yahoo.com/quote/JUBLPHARMA.NS/
2025-10-09,Jubilant Pharmova,JUBLPHARMA.NS,1092.3448486328125,68188,68188,https://finance.yahoo.com/quote/JUBLPHARMA.NS/
2025-10-10,Jubilant Pharmova,JUBLPHARMA.NS,1118.409912109375,178631,178631,https://finance.yahoo.com/quote/JUBLPHARMA.NS/
2025-10-13,Jubilant Pharmova,JUBLPHARMA.NS,1091.847412109375,69575,69575,https://finance.yahoo.com/quote/JUBLPHARMA.NS/
2025-10-14,Jubilant Pharmova,JUBLPHARMA.NS,1072.746337890625,112391,112391,https://finance.yahoo.com/quote/JUBLPHARMA.NS/
2025-10-15,Jubilant Pharmova,JUBLPHARMA.NS,1070.6571044921875,444676,444676,https://finance.yahoo.com/quote/JUBLPHARMA.NS/
2025-10-16,Jubilant Pharmova,JUBLPHARMA.NS,1070.458251953125,84787,84787,https://finance.yahoo.com/quote/JUBLPHARMA.NS/
2025-10-17,Jubilant Pharmova,JUBLPHARMA.NS,1074.2386474609375,67055,67055,https://finance.yahoo.com/quote/JUBLPHARMA.NS/
2025-10-20,Jubilant Pharmova,JUBLPHARMA.NS,1090.6536865234375,146737,146737,https://finance.yahoo.com/quote/JUBLPHARMA.NS/
2025-10-21,Jubilant Pharmova,JUBLPHARMA.NS,1137.8094482421875,206607,206607,https://finance.yahoo.com/quote/JUBLPHARMA.NS/
2025-10-23,Jubilant Pharmova,JUBLPHARMA.NS,1121.2950439453125,197290,197290,https://finance.yahoo.com/quote/JUBLPHARMA.NS/
2025-10-24,Jubilant Pharmova,JUBLPHARMA.NS,1112.8387451171875,165729,165729,https://finance.yahoo.com/quote/JUBLPHARMA.NS/
2025-10-27,Jubilant Pharmova,JUBLPHARMA.NS,1118.409912109375,180800,180800,https://finance.yahoo.com/quote/JUBLPHARMA.NS/
2025-10-28,Jubilant Pharmova,JUBLPHARMA.NS,1116.2213134765625,220240,220240,https://finance.yahoo.com/quote/JUBLPHARMA.NS/
2025-10-29,Jubilant Pharmova,JUBLPHARMA.NS,1130.945068359375,104887,104887,https://finance.yahoo.com/quote/JUBLPHARMA.NS/
2025-10-30,Jubilant Pharmova,JUBLPHARMA.NS,1112.639892578125,186135,186135,https://finance.yahoo.com/quote/JUBLPHARMA.NS/
2025-10-31,Jubilant Pharmova,JUBLPHARMA.NS,1095.3294677734375,543963,543963,https://finance.yahoo.com/quote/JUBLPHARMA.NS/
2025-11-03,Jubilant Pharmova,JUBLPHARMA.NS,1163.775146484375,851720,851720,https://finance.yahoo.com/quote/JUBLPHARMA.NS/
2025-11-04,Jubilant Pharmova,JUBLPHARMA.NS,1175.1163330078125,258055,258055,https://finance.yahoo.com/quote/JUBLPHARMA.NS/
2025-11-06,Jubilant Pharmova,JUBLPHARMA.NS,1154.9208984375,180691,180691,https://finance.yahoo.com/quote/JUBLPHARMA.NS/
2025-11-07,Jubilant Pharmova,JUBLPHARMA.NS,1121.3944091796875,131696,131696,https://finance.yahoo.com/quote/JUBLPHARMA.NS/
2025-11-10,Jubilant Pharmova,JUBLPHARMA.NS,1132.536865234375,121981,121981,https://finance.yahoo.com/quote/JUBLPHARMA.NS/
2025-11-11,Jubilant Pharmova,JUBLPHARMA.NS,1111.943359375,124991,124991,https://finance.yahoo.com/quote/JUBLPHARMA.NS/
2025-11-12,Jubilant Pharmova,JUBLPHARMA.NS,1133.9296875,136738,136738,https://finance.yahoo.com/quote/JUBLPHARMA.NS/
2025-11-13,Jubilant Pharmova,JUBLPHARMA.NS,1120.20068359375,64598,64598,https://finance.yahoo.com/quote/JUBLPHARMA.NS/
2025-11-14,Jubilant Pharmova,JUBLPHARMA.NS,1125.5728759765625,113727,113727,https://finance.yahoo.com/quote/JUBLPHARMA.NS/
2025-11-17,Jubilant Pharmova,JUBLPHARMA.NS,1152.9312744140625,174708,174708,https://finance.yahoo.com/quote/JUBLPHARMA.NS/
2025-11-18,Jubilant Pharmova,JUBLPHARMA.NS,1129.353271484375,170310,170310,https://finance.yahoo.com/quote/JUBLPHARMA.NS/
2025-11-19,Jubilant Pharmova,JUBLPHARMA.NS,1102.2933349609375,96643,96643,https://finance.yahoo.com/quote/JUBLPHARMA.NS/
2025-11-20,Jubilant Pharmova,JUBLPHARMA.NS,1074.537109375,222382,222382,https://finance.yahoo.com/quote/JUBLPHARMA.NS/
2025-11-21,Jubilant Pharmova,JUBLPHARMA.NS,1052.3519287109375,317453,317453,https://finance.yahoo.com/quote/JUBLPHARMA.NS/
2025-11-24,Jubilant Pharmova,JUBLPHARMA.NS,1070.95556640625,331572,331572,https://finance.yahoo.com/quote/JUBLPHARMA.NS/
2025-11-25,Jubilant Pharmova,JUBLPHARMA.NS,1082.197509765625,170524,170524,https://finance.yahoo.com/quote/JUBLPHARMA.NS/
2025-11-26,Jubilant Pharmova,JUBLPHARMA.NS,1099.5078125,73140,73140,https://finance.yahoo.com/quote/JUBLPHARMA.NS/
2025-11-27,Jubilant Pharmova,JUBLPHARMA.NS,1095.1304931640625,61593,61593,https://finance.yahoo.com/quote/JUBLPHARMA.NS/
2025-11-28,Jubilant Pharmova,JUBLPHARMA.NS,1084.0875244140625,68413,68413,https://finance.yahoo.com/quote/JUBLPHARMA.NS/
2025-12-01,Jubilant Pharmova,JUBLPHARMA.NS,1102.8902587890625,132425,132425,https://finance.yahoo.com/quote/JUBLPHARMA.NS/
2025-12-02,Jubilant Pharmova,JUBLPHARMA.NS,1092.7427978515625,78451,78451,https://finance.yahoo.com/quote/JUBLPHARMA.NS/
2025-12-03,Jubilant Pharmova,JUBLPHARMA.NS,1074.93505859375,54511,54511,https://finance.yahoo.com/quote/JUBLPHARMA.NS/
2025-12-04,Jubilant Pharmova,JUBLPHARMA.NS,1062.001953125,84437,84437,https://finance.yahoo.com/quote/JUBLPHARMA.NS/
2025-12-05,Jubilant Pharmova,JUBLPHARMA.NS,1071.4530029296875,78149,78149,https://finance.yahoo.com/quote/JUBLPHARMA.NS/
2025-12-08,Jubilant Pharmova,JUBLPHARMA.NS,1034.942138671875,195901,195901,https://finance.yahoo.com/quote/JUBLPHARMA.NS/
2025-12-09,Jubilant Pharmova,JUBLPHARMA.NS,1055.833984375,194969,194969,https://finance.yahoo.com/quote/JUBLPHARMA.NS/
2025-12-10,Jubilant Pharmova,JUBLPHARMA.NS,1055.3365478515625,150305,150305,https://finance.yahoo.com/quote/JUBLPHARMA.NS/
2025-12-11,Jubilant Pharmova,JUBLPHARMA.NS,1086.4752197265625,95743,95743,https://finance.yahoo.com/quote/JUBLPHARMA.NS/
2025-12-12,Jubilant Pharmova,JUBLPHARMA.NS,1080.40673828125,80321,80321,https://finance.yahoo.com/quote/JUBLPHARMA.NS/
2025-12-15,Jubilant Pharmova,JUBLPHARMA.NS,1080.3072509765625,81953,81953,https://finance.yahoo.com/quote/JUBLPHARMA.NS/
2025-12-16,Jubilant Pharmova,JUBLPHARMA.NS,1056.13232421875,102395,102395,https://finance.yahoo.com/quote/JUBLPHARMA.NS/
2025-12-17,Jubilant Pharmova,JUBLPHARMA.NS,1040.712158203125,43461,43461,https://finance.yahoo.com/quote/JUBLPHARMA.NS/
2025-12-18,Jubilant Pharmova,JUBLPHARMA.NS,1049.0689697265625,58682,58682,https://finance.yahoo.com/quote/JUBLPHARMA.NS/
2025-12-19,Jubilant Pharmova,JUBLPHARMA.NS,1081.5009765625,385360,385360,https://finance.yahoo.com/quote/JUBLPHARMA.NS/
2025-12-22,Jubilant Pharmova,JUBLPHARMA.NS,1075.034423828125,81219,81219,https://finance.yahoo.com/quote/JUBLPHARMA.NS/
2025-12-23,Jubilant Pharmova,JUBLPHARMA.NS,1076.327880859375,48592,48592,https://finance.yahoo.com/quote/JUBLPHARMA.NS/
2025-12-24,Jubilant Pharmova,JUBLPHARMA.NS,1061.1065673828125,67188,67188,https://finance.yahoo.com/quote/JUBLPHARMA.NS/
2025-12-26,Jubilant Pharmova,JUBLPHARMA.NS,1069.0654296875,67409,67409,https://finance.yahoo.com/quote/JUBLPHARMA.NS/
2025-12-29,Jubilant Pharmova,JUBLPHARMA.NS,1047.57666015625,66979,66979,https://finance.yahoo.com/quote/JUBLPHARMA.NS/
2025-12-30,Jubilant Pharmova,JUBLPHARMA.NS,1035.4395751953125,103260,103260,https://finance.yahoo.com/quote/JUBLPHARMA.NS/
2025-12-31,Jubilant Pharmova,JUBLPHARMA.NS,1067.7720947265625,148550,148550,https://finance.yahoo.com/quote/JUBLPHARMA.NS/
2026-01-01,Jubilant Pharmova,JUBLPHARMA.NS,1052.650390625,112709,112709,https://finance.yahoo.com/quote/JUBLPHARMA.NS/
2026-01-02,Jubilant Pharmova,JUBLPHARMA.NS,1049.96435546875,82583,82583,https://finance.yahoo.com/quote/JUBLPHARMA.NS/
2026-01-05,Jubilant Pharmova,JUBLPHARMA.NS,1065.0859375,73556,73556,https://finance.yahoo.com/quote/JUBLPHARMA.NS/
2026-01-06,Jubilant Pharmova,JUBLPHARMA.NS,1073.542236328125,165396,165396,https://finance.yahoo.com/quote/JUBLPHARMA.NS/
2026-01-07,Jubilant Pharmova,JUBLPHARMA.NS,1072.4478759765625,99095,99095,https://finance.yahoo.com/quote/JUBLPHARMA.NS/
2026-01-08,Jubilant Pharmova,JUBLPHARMA.NS,1068.9659423828125,69630,69630,https://finance.yahoo.com/quote/JUBLPHARMA.NS/
2026-01-09,Jubilant Pharmova,JUBLPHARMA.NS,1058.7188720703125,141915,141915,https://finance.yahoo.com/quote/JUBLPHARMA.NS/
2026-01-12,Jubilant Pharmova,JUBLPHARMA.NS,1045.0894775390625,121098,121098,https://finance.yahoo.com/quote/JUBLPHARMA.NS/
2026-01-13,Jubilant Pharmova,JUBLPHARMA.NS,1035.240478515625,121551,121551,https://finance.yahoo.com/quote/JUBLPHARMA.NS/
2026-01-14,Jubilant Pharmova,JUBLPHARMA.NS,1060.8082275390625,98430,98430,https://finance.yahoo.com/quote/JUBLPHARMA.NS/
2026-01-15,Jubilant Pharmova,JUBLPHARMA.NS,1060.8082275390625,0,0,https://finance.yahoo.com/quote/JUBLPHARMA.NS/
2026-01-16,Jubilant Pharmova,JUBLPHARMA.NS,1040.2147216796875,59695,59695,https://finance.yahoo.com/quote/JUBLPHARMA.NS/
2026-01-19,Jubilant Pharmova,JUBLPHARMA.NS,989.3779296875,206206,206206,https://finance.yahoo.com/quote/JUBLPHARMA.NS/
2026-01-20,Jubilant Pharmova,JUBLPHARMA.NS,945.9030151367188,192220,192220,https://finance.yahoo.com/quote/JUBLPHARMA.NS/
2026-01-21,Jubilant Pharmova,JUBLPHARMA.NS,941.923583984375,365646,365646,https://finance.yahoo.com/quote/JUBLPHARMA.NS/
2026-01-22,Jubilant Pharmova,JUBLPHARMA.NS,963.014404296875,54209,54209,https://finance.yahoo.com/quote/JUBLPHARMA.NS/
2026-01-23,Jubilant Pharmova,JUBLPHARMA.NS,951.1757202148438,139598,139598,https://finance.yahoo.com/quote/JUBLPHARMA.NS/
2026-01-27,Jubilant Pharmova,JUBLPHARMA.NS,934.0643310546875,97232,97232,https://finance.yahoo.com/quote/JUBLPHARMA.NS/
2026-01-28,Jubilant Pharmova,JUBLPHARMA.NS,957.2443237304688,80499,80499,https://finance.yahoo.com/quote/JUBLPHARMA.NS/
2026-01-29,Jubilant Pharmova,JUBLPHARMA.NS,933.2684326171875,145113,145113,https://finance.yahoo.com/quote/JUBLPHARMA.NS/
2026-01-30,Jubilant Pharmova,JUBLPHARMA.NS,976.8428955078125,156367,156367,https://finance.yahoo.com/quote/JUBLPHARMA.NS/
2026-02-02,Jubilant Pharmova,JUBLPHARMA.NS,952.8171997070312,91369,91369,https://finance.yahoo.com/quote/JUBLPHARMA.NS/
2026-02-03,Jubilant Pharmova,JUBLPHARMA.NS,983.6575927734375,148407,148407,https://finance.yahoo.com/quote/JUBLPHARMA.NS/
2026-02-04,Jubilant Pharmova,JUBLPHARMA.NS,964.8548583984375,66362,66362,https://finance.yahoo.com/quote/JUBLPHARMA.NS/
2026-02-05,Jubilant Pharmova,JUBLPHARMA.NS,968.8342895507812,37161,37161,https://finance.yahoo.com/quote/JUBLPHARMA.NS/
2026-02-06,Jubilant Pharmova,JUBLPHARMA.NS,932.82080078125,387845,387845,https://finance.yahoo.com/quote/JUBLPHARMA.NS/
2026-02-09,Jubilant Pharmova,JUBLPHARMA.NS,937.7452392578125,581619,581619,https://finance.yahoo.com/quote/JUBLPHARMA.NS/
2026-02-10,Jubilant Pharmova,JUBLPHARMA.NS,931.5772094726562,106196,106196,https://finance.yahoo.com/quote/JUBLPHARMA.NS/
2026-02-11,Jubilant Pharmova,JUBLPHARMA.NS,933.0694580078125,131826,131826,https://finance.yahoo.com/quote/JUBLPHARMA.NS/
2026-02-12,Jubilant Pharmova,JUBLPHARMA.NS,938.3919067382812,106712,106712,https://finance.yahoo.com/quote/JUBLPHARMA.NS/
2026-02-13,Jubilant Pharmova,JUBLPHARMA.NS,908.2977294921875,88066,88066,https://finance.yahoo.com/quote/JUBLPHARMA.NS/
2026-02-16,Jubilant Pharmova,JUBLPHARMA.NS,889.84326171875,121973,121973,https://finance.yahoo.com/quote/JUBLPHARMA.NS/
2026-02-17,Jubilant Pharmova,JUBLPHARMA.NS,894.7677612304688,108684,108684,https://finance.yahoo.com/quote/JUBLPHARMA.NS/
2026-02-18,Jubilant Pharmova,JUBLPHARMA.NS,884.9187622070312,92636,92636,https://finance.yahoo.com/quote/JUBLPHARMA.NS/
2026-02-19,Jubilant Pharmova,JUBLPHARMA.NS,863.0320434570312,89989,89989,https://finance.yahoo.com/quote/JUBLPHARMA.NS/
2026-02-20,Jubilant Pharmova,JUBLPHARMA.NS,868.0560302734375,124322,124322,https://finance.yahoo.com/quote/JUBLPHARMA.NS/
2026-02-23,Jubilant Pharmova,JUBLPHARMA.NS,896.3594970703125,184591,184591,https://finance.yahoo.com/quote/JUBLPHARMA.NS/
2026-02-24,Jubilant Pharmova,JUBLPHARMA.NS,874.4728393554688,173438,173438,https://finance.yahoo.com/quote/JUBLPHARMA.NS/
2026-02-25,Jubilant Pharmova,JUBLPHARMA.NS,892.728271484375,305230,305230,https://finance.yahoo.com/quote/JUBLPHARMA.NS/
2026-02-26,Jubilant Pharmova,JUBLPHARMA.NS,878.1537475585938,103343,103343,https://finance.yahoo.com/quote/JUBLPHARMA.NS/
2026-02-27,Jubilant Pharmova,JUBLPHARMA.NS,861.8381958007812,107109,107109,https://finance.yahoo.com/quote/JUBLPHARMA.NS/
2026-03-02,Jubilant Pharmova,JUBLPHARMA.NS,845.9703369140625,109605,109605,https://finance.yahoo.com/quote/JUBLPHARMA.NS/
2026-03-04,Jubilant Pharmova,JUBLPHARMA.NS,830.0030517578125,125180,125180,https://finance.yahoo.com/quote/JUBLPHARMA.NS/
2026-03-05,Jubilant Pharmova,JUBLPHARMA.NS,832.241455078125,97821,97821,https://finance.yahoo.com/quote/JUBLPHARMA.NS/
2026-03-06,Jubilant Pharmova,JUBLPHARMA.NS,813.8367309570312,157755,157755,https://finance.yahoo.com/quote/JUBLPHARMA.NS/
2026-03-09,Jubilant Pharmova,JUBLPHARMA.NS,816.9207763671875,140349,140349,https://finance.yahoo.com/quote/JUBLPHARMA.NS/
2026-03-10,Jubilant Pharmova,JUBLPHARMA.NS,808.1660766601562,293118,293118,https://finance.yahoo.com/quote/JUBLPHARMA.NS/
2026-03-11,Jubilant Pharmova,JUBLPHARMA.NS,803.4902954101562,132683,132683,https://finance.yahoo.com/quote/JUBLPHARMA.NS/
2026-03-12,Jubilant Pharmova,JUBLPHARMA.NS,823.3873291015625,247175,247175,https://finance.yahoo.com/quote/JUBLPHARMA.NS/
2026-03-13,Jubilant Pharmova,JUBLPHARMA.NS,839.85205078125,259051,259051,https://finance.yahoo.com/quote/JUBLPHARMA.NS/
2026-03-16,Jubilant Pharmova,JUBLPHARMA.NS,835.6239624023438,142883,142883,https://finance.yahoo.com/quote/JUBLPHARMA.NS/
2026-03-17,Jubilant Pharmova,JUBLPHARMA.NS,833.3855590820312,137673,137673,https://finance.yahoo.com/quote/JUBLPHARMA.NS/
2026-03-18,Jubilant Pharmova,JUBLPHARMA.NS,852.1881713867188,81338,81338,https://finance.yahoo.com/quote/JUBLPHARMA.NS/
2026-03-19,Jubilant Pharmova,JUBLPHARMA.NS,846.3682861328125,124960,124960,https://finance.yahoo.com/quote/JUBLPHARMA.NS/
2026-03-20,Jubilant Pharmova,JUBLPHARMA.NS,827.0682373046875,91364,91364,https://finance.yahoo.com/quote/JUBLPHARMA.NS/
2026-03-23,Jubilant Pharmova,JUBLPHARMA.NS,811.9962768554688,171243,171243,https://finance.yahoo.com/quote/JUBLPHARMA.NS/
2026-03-24,Jubilant Pharmova,JUBLPHARMA.NS,855.9188232421875,378162,378162,https://finance.yahoo.com/quote/JUBLPHARMA.NS/
2026-03-25,Jubilant Pharmova,JUBLPHARMA.NS,855.272216796875,137171,137171,https://finance.yahoo.com/quote/JUBLPHARMA.NS/
2026-03-27,Jubilant Pharmova,JUBLPHARMA.NS,839.9017944335938,323898,323898,https://finance.yahoo.com/quote/JUBLPHARMA.NS/
2026-03-30,Jubilant Pharmova,JUBLPHARMA.NS,812.2449951171875,457963,457963,https://finance.yahoo.com/quote/JUBLPHARMA.NS/
2026-04-01,Jubilant Pharmova,JUBLPHARMA.NS,812.3444213867188,199432,199432,https://finance.yahoo.com/quote/JUBLPHARMA.NS/
2026-04-02,Jubilant Pharmova,JUBLPHARMA.NS,834.977294921875,209710,209710,https://finance.yahoo.com/quote/JUBLPHARMA.NS/
2026-04-06,Jubilant Pharmova,JUBLPHARMA.NS,849.8502807617188,257972,257972,https://finance.yahoo.com/quote/JUBLPHARMA.NS/
2026-04-07,Jubilant Pharmova,JUBLPHARMA.NS,864.9223022460938,364703,364703,https://finance.yahoo.com/quote/JUBLPHARMA.NS/
2026-04-08,Jubilant Pharmova,JUBLPHARMA.NS,873.1795043945312,229189,229189,https://finance.yahoo.com/quote/JUBLPHARMA.NS/
2026-04-09,Jubilant Pharmova,JUBLPHARMA.NS,874.4728393554688,269118,269118,https://finance.yahoo.com/quote/JUBLPHARMA.NS/
2026-04-10,Jubilant Pharmova,JUBLPHARMA.NS,886.2120361328125,167524,167524,https://finance.yahoo.com/quote/JUBLPHARMA.NS/
2026-04-13,Jubilant Pharmova,JUBLPHARMA.NS,887.7042846679688,55499,55499,https://finance.yahoo.com/quote/JUBLPHARMA.NS/
2026-04-15,Jubilant Pharmova,JUBLPHARMA.NS,902.0798950195312,106809,106809,https://finance.yahoo.com/quote/JUBLPHARMA.NS/
2026-04-16,Jubilant Pharmova,JUBLPHARMA.NS,902.1793823242188,106167,106167,https://finance.yahoo.com/quote/JUBLPHARMA.NS/
2026-04-17,Jubilant Pharmova,JUBLPHARMA.NS,906.2085571289062,66786,66786,https://finance.yahoo.com/quote/JUBLPHARMA.NS/
2026-04-20,Jubilant Pharmova,JUBLPHARMA.NS,900.8363037109375,76772,76772,https://finance.yahoo.com/quote/JUBLPHARMA.NS/
2026-04-21,Jubilant Pharmova,JUBLPHARMA.NS,902.2788696289062,33671,33671,https://finance.yahoo.com/quote/JUBLPHARMA.NS/
2026-04-22,Jubilant Pharmova,JUBLPHARMA.NS,923.1707153320312,90149,90149,https://finance.yahoo.com/quote/JUBLPHARMA.NS/
2026-04-23,Jubilant Pharmova,JUBLPHARMA.NS,940.4810791015625,168699,168699,https://finance.yahoo.com/quote/JUBLPHARMA.NS/
2026-04-24,Jubilant Pharmova,JUBLPHARMA.NS,940.5308837890625,100634,100634,https://finance.yahoo.com/quote/JUBLPHARMA.NS/
2026-04-27,Jubilant Pharmova,JUBLPHARMA.NS,950.0316772460938,97333,97333,https://finance.yahoo.com/quote/JUBLPHARMA.NS/
2026-04-28,Jubilant Pharmova,JUBLPHARMA.NS,937.5960083007812,152020,152020,https://finance.yahoo.com/quote/JUBLPHARMA.NS/
2026-04-29,Jubilant Pharmova,JUBLPHARMA.NS,922.0763549804688,192302,192302,https://finance.yahoo.com/quote/JUBLPHARMA.NS/
2026-04-30,Jubilant Pharmova,JUBLPHARMA.NS,921.82763671875,64814,64814,https://finance.yahoo.com/quote/JUBLPHARMA.NS/
2026-05-04,Jubilant Pharmova,JUBLPHARMA.NS,926.6029663085938,60373,60373,https://finance.yahoo.com/quote/JUBLPHARMA.NS/
2026-05-05,Jubilant Pharmova,JUBLPHARMA.NS,935.4570922851562,69109,69109,https://finance.yahoo.com/quote/JUBLPHARMA.NS/
2026-05-06,Jubilant Pharmova,JUBLPHARMA.NS,951.5736694335938,86778,86778,https://finance.yahoo.com/quote/JUBLPHARMA.NS/
2026-05-07,Jubilant Pharmova,JUBLPHARMA.NS,976.0967407226562,153647,153647,https://finance.yahoo.com/quote/JUBLPHARMA.NS/
2026-05-08,Jubilant Pharmova,JUBLPHARMA.NS,1003.0073852539062,140406,140406,https://finance.yahoo.com/quote/JUBLPHARMA.NS/
2026-05-11,Jubilant Pharmova,JUBLPHARMA.NS,992.5117797851562,247059,247059,https://finance.yahoo.com/quote/JUBLPHARMA.NS/
2026-05-12,Jubilant Pharmova,JUBLPHARMA.NS,983.0108642578125,96443,96443,https://finance.yahoo.com/quote/JUBLPHARMA.NS/
2026-05-13,Jubilant Pharmova,JUBLPHARMA.NS,990.2733154296875,106062,106062,https://finance.yahoo.com/quote/JUBLPHARMA.NS/
2026-05-14,Jubilant Pharmova,JUBLPHARMA.NS,999.2269897460938,99891,99891,https://finance.yahoo.com/quote/JUBLPHARMA.NS/
2026-05-15,Jubilant Pharmova,JUBLPHARMA.NS,985.0503540039062,54236,54236,https://finance.yahoo.com/quote/JUBLPHARMA.NS/
2026-05-18,Jubilant Pharmova,JUBLPHARMA.NS,1004.5493774414062,123132,123132,https://finance.yahoo.com/quote/JUBLPHARMA.NS/
2026-05-19,Jubilant Pharmova,JUBLPHARMA.NS,1005.7432250976562,266979,266979,https://finance.yahoo.com/quote/JUBLPHARMA.NS/
2026-05-20,Jubilant Pharmova,JUBLPHARMA.NS,1008.9765014648438,77988,77988,https://finance.yahoo.com/quote/JUBLPHARMA.NS/
2026-05-21,Jubilant Pharmova,JUBLPHARMA.NS,1006.4396362304688,90789,90789,https://finance.yahoo.com/quote/JUBLPHARMA.NS/
2026-05-22,Jubilant Pharmova,JUBLPHARMA.NS,1001.1668701171875,531866,531866,https://finance.yahoo.com/quote/JUBLPHARMA.NS/
2026-05-25,Jubilant Pharmova,JUBLPHARMA.NS,1002.062255859375,373034,373034,https://finance.yahoo.com/quote/JUBLPHARMA.NS/
2026-05-26,Jubilant Pharmova,JUBLPHARMA.NS,980.1258544921875,115833,115833,https://finance.yahoo.com/quote/JUBLPHARMA.NS/
2026-05-27,Jubilant Pharmova,JUBLPHARMA.NS,986.64208984375,60216,60216,https://finance.yahoo.com/quote/JUBLPHARMA.NS/
2026-05-28,Jubilant Pharmova,JUBLPHARMA.NS,986.64208984375,0,0,https://finance.yahoo.com/quote/JUBLPHARMA.NS/
2026-05-29,Jubilant Pharmova,JUBLPHARMA.NS,989.8753662109375,149716,149716,https://finance.yahoo.com/quote/JUBLPHARMA.NS/
2026-06-01,Jubilant Pharmova,JUBLPHARMA.NS,982.4637451171875,103936,103936,https://finance.yahoo.com/quote/JUBLPHARMA.NS/
2026-06-02,Jubilant Pharmova,JUBLPHARMA.NS,970.0281372070312,91429,91429,https://finance.yahoo.com/quote/JUBLPHARMA.NS/
2026-06-03,Jubilant Pharmova,JUBLPHARMA.NS,973.8085327148438,36683,36683,https://finance.yahoo.com/quote/JUBLPHARMA.NS/
2026-06-04,Jubilant Pharmova,JUBLPHARMA.NS,965.7005615234375,55739,55739,https://finance.yahoo.com/quote/JUBLPHARMA.NS/
2026-06-05,Jubilant Pharmova,JUBLPHARMA.NS,968.5855712890625,66824,66824,https://finance.yahoo.com/quote/JUBLPHARMA.NS/
2026-06-08,Jubilant Pharmova,JUBLPHARMA.NS,952.4192504882812,86387,86387,https://finance.yahoo.com/quote/JUBLPHARMA.NS/
2026-06-09,Jubilant Pharmova,JUBLPHARMA.NS,966.944091796875,53063,53063,https://finance.yahoo.com/quote/JUBLPHARMA.NS/
2026-06-10,Jubilant Pharmova,JUBLPHARMA.NS,959.4827270507812,55499,55499,https://finance.yahoo.com/quote/JUBLPHARMA.NS/
2026-06-11,Jubilant Pharmova,JUBLPHARMA.NS,940.978515625,53553,53553,https://finance.yahoo.com/quote/JUBLPHARMA.NS/
2026-06-12,Jubilant Pharmova,JUBLPHARMA.NS,971.7193603515625,77225,77225,https://finance.yahoo.com/quote/JUBLPHARMA.NS/
2026-06-15,Jubilant Pharmova,JUBLPHARMA.NS,986.244140625,99678,99678,https://finance.yahoo.com/quote/JUBLPHARMA.NS/
2026-06-16,Jubilant Pharmova,JUBLPHARMA.NS,974.95263671875,65912,65912,https://finance.yahoo.com/quote/JUBLPHARMA.NS/
2026-06-17,Jubilant Pharmova,JUBLPHARMA.NS,988.8805541992188,82702,82702,https://finance.yahoo.com/quote/JUBLPHARMA.NS/
2026-06-18,Jubilant Pharmova,JUBLPHARMA.NS,968.4364013671875,80486,80486,https://finance.yahoo.com/quote/JUBLPHARMA.NS/
2026-06-19,Jubilant Pharmova,JUBLPHARMA.NS,961.3729248046875,85733,85733,https://finance.yahoo.com/quote/JUBLPHARMA.NS/
2026-06-22,Jubilant Pharmova,JUBLPHARMA.NS,951.52392578125,139477,139477,https://finance.yahoo.com/quote/JUBLPHARMA.NS/
2026-06-23,Jubilant Pharmova,JUBLPHARMA.NS,967.4912719726562,258205,258205,https://finance.yahoo.com/quote/JUBLPHARMA.NS/
2026-06-24,Jubilant Pharmova,JUBLPHARMA.NS,967.7896728515625,57239,57239,https://finance.yahoo.com/quote/JUBLPHARMA.NS/
2026-06-25,Jubilant Pharmova,JUBLPHARMA.NS,959.4329833984375,88674,88674,https://finance.yahoo.com/quote/JUBLPHARMA.NS/
2026-06-26,Jubilant Pharmova,JUBLPHARMA.NS,959.4329833984375,0,0,https://finance.yahoo.com/quote/JUBLPHARMA.NS/
2026-06-29,Jubilant Pharmova,JUBLPHARMA.NS,949.3352661132812,56650,56650,https://finance.yahoo.com/quote/JUBLPHARMA.NS/
2026-06-30,Jubilant Pharmova,JUBLPHARMA.NS,965.8995361328125,192144,192144,https://finance.yahoo.com/quote/JUBLPHARMA.NS/
2026-07-01,Jubilant Pharmova,JUBLPHARMA.NS,970.873779296875,90468,90468,https://finance.yahoo.com/quote/JUBLPHARMA.NS/
2026-07-02,Jubilant Pharmova,JUBLPHARMA.NS,968.1876831054688,54801,54801,https://finance.yahoo.com/quote/JUBLPHARMA.NS/
2026-07-03,Jubilant Pharmova,JUBLPHARMA.NS,964.208251953125,82496,82496,https://finance.yahoo.com/quote/JUBLPHARMA.NS/
2026-07-06,Jubilant Pharmova,JUBLPHARMA.NS,976.693603515625,95602,95602,https://finance.yahoo.com/quote/JUBLPHARMA.NS/
2026-07-07,Jubilant Pharmova,JUBLPHARMA.NS,973.7587890625,103725,103725,https://finance.yahoo.com/quote/JUBLPHARMA.NS/
2026-07-08,Jubilant Pharmova,JUBLPHARMA.NS,965.750244140625,62394,62394,https://finance.yahoo.com/quote/JUBLPHARMA.NS/
2026-07-09,Jubilant Pharmova,JUBLPHARMA.NS,964.208251953125,102229,102229,https://finance.yahoo.com/quote/JUBLPHARMA.NS/
2026-07-10,Jubilant Pharmova,JUBLPHARMA.NS,959.2340087890625,110320,110320,https://finance.yahoo.com/quote/JUBLPHARMA.NS/
2026-07-13,Jubilant Pharmova,JUBLPHARMA.NS,967.6902465820312,149508,149508,https://finance.yahoo.com/quote/JUBLPHARMA.NS/
2026-07-14,Jubilant Pharmova,JUBLPHARMA.NS,969.4312133789062,56096,56096,https://finance.yahoo.com/quote/JUBLPHARMA.NS/
2026-07-15,Jubilant Pharmova,JUBLPHARMA.NS,1023.1033935546875,709490,709490,https://finance.yahoo.com/quote/JUBLPHARMA.NS/
2026-07-16,Jubilant Pharmova,JUBLPHARMA.NS,1015.4429931640625,278981,278981,https://finance.yahoo.com/quote/JUBLPHARMA.NS/
2026-07-17,Jubilant Pharmova,JUBLPHARMA.NS,1017.3331909179688,106316,106316,https://finance.yahoo.com/quote/JUBLPHARMA.NS/
2026-07-20,Jubilant Pharmova,JUBLPHARMA.NS,1018.5767822265625,78839,78839,https://finance.yahoo.com/quote/JUBLPHARMA.NS/
2026-07-21,Jubilant Pharmova,JUBLPHARMA.NS,1002.6094360351562,71476,71476,https://finance.yahoo.com/quote/JUBLPHARMA.NS/
2026-07-22,Jubilant Pharmova,JUBLPHARMA.NS,983.90625,108052,108052,https://finance.yahoo.com/quote/JUBLPHARMA.NS/
2026-07-23,Jubilant Pharmova,JUBLPHARMA.NS,965.7999877929688,74376,74376,https://finance.yahoo.com/quote/JUBLPHARMA.NS/
2026-07-24,Jubilant Pharmova,JUBLPHARMA.NS,965.3499755859375,57028,57028,https://finance.yahoo.com/quote/JUBLPHARMA.NS/
2026-07-27,Jubilant Pharmova,JUBLPHARMA.NS,979.7000122070312,117876,117876,https://finance.yahoo.com/quote/JUBLPHARMA.NS/
2026-07-28,Jubilant Pharmova,JUBLPHARMA.NS,963.4500122070312,126852,126852,https://finance.yahoo.com/quote/JUBLPHARMA.NS/
2026-07-29,Jubilant Pharmova,JUBLPHARMA.NS,977.4000244140625,124630,124630,https://finance.yahoo.com/quote/JUBLPHARMA.NS/
2026-07-30,Jubilant Pharmova,JUBLPHARMA.NS,961.6500244140625,70552,70552,https://finance.yahoo.com/quote/JUBLPHARMA.NS/
2026-07-31,Jubilant Pharmova,JUBLPHARMA.NS,935.1500244140625,223422,223422,https://finance.yahoo.com/quote/JUBLPHARMA.NS/
2026-08-03,Jubilant Pharmova,JUBLPHARMA.NS,933.1500244140625,204728,204728,https://finance.yahoo.com/quote/JUBLPHARMA.NS/
2026-08-04,Jubilant Pharmova,JUBLPHARMA.NS,932.75,50913,50913,https://finance.yahoo.com/quote/JUBLPHARMA.NS/
2026-08-05,Jubilant Pharmova,JUBLPHARMA.NS,924.7000122070312,71119,71119,https://finance.yahoo.com/quote/JUBLPHARMA.NS/
2026-08-06,Jubilant Pharmova,JUBLPHARMA.NS,926.25,158398,158398,https://finance.yahoo.com/quote/JUBLPHARMA.NS/
2026-08-07,Jubilant Pharmova,JUBLPHARMA.NS,932.0,168059,168059,https://finance.yahoo.com/quote/JUBLPHARMA.NS/
2026-08-10,Jubilant Pharmova,JUBLPHARMA.NS,962.7000122070312,357574,357574,https://finance.yahoo.com/quote/JUBLPHARMA.NS/
2026-08-11,Jubilant Pharmova,JUBLPHARMA.NS,965.0,886877,886877,https://finance.yahoo.com/quote/JUBLPHARMA.NS/
2026-08-12,Jubilant Pharmova,JUBLPHARMA.NS,890.5999755859375,697403,697403,https://finance.yahoo.com/quote/JUBLPHARMA.NS/
2026-08-13,Jubilant Pharmova,JUBLPHARMA.NS,890.5,207364,207364,https://finance.yahoo.com/quote/JUBLPHARMA.NS/
2026-08-14,Jubilant Pharmova,JUBLPHARMA.NS,865.7999877929688,221700,221700,https://finance.yahoo.com/quote/JUBLPHARMA.NS/
2026-08-17,Jubilant Pharmova,JUBLPHARMA.NS,866.9500122070312,309691,309691,https://finance.yahoo.com/quote/JUBLPHARMA.NS/
2026-08-18,Jubilant Pharmova,JUBLPHARMA.NS,866.0,174172,174172,https://finance.yahoo.com/quote/JUBLPHARMA.NS/
2026-08-19,Jubilant Pharmova,JUBLPHARMA.NS,868.0,944269,944269,https://finance.yahoo.com/quote/JUBLPHARMA.NS/
2026-08-20,Jubilant Pharmova,JUBLPHARMA.NS,871.0499877929688,181295,181295,https://finance.yahoo.com/quote/JUBLPHARMA.NS/
2026-08-21,Jubilant Pharmova,JUBLPHARMA.NS,880.3499755859375,229193,229193,https://finance.yahoo.com/quote/JUBLPHARMA.NS/
2026-08-24,Jubilant Pharmova,JUBLPHARMA.NS,902.7000122070312,1931803,1931803,https://finance.yahoo.com/quote/JUBLPHARMA.NS/
2026-08-25,Jubilant Pharmova,JUBLPHARMA.NS,896.6500244140625,191721,191721,https://finance.yahoo.com/quote/JUBLPHARMA.NS/
2026-08-26,Jubilant Pharmova,JUBLPHARMA.NS,887.4000244140625,108892,108892,https://finance.yahoo.com/quote/JUBLPHARMA.NS/
2026-08-27,Jubilant Pharmova,JUBLPHARMA.NS,878.7000122070312,86026,86026,https://finance.yahoo.com/quote/JUBLPHARMA.NS/
2026-08-28,Jubilant Pharmova,JUBLPHARMA.NS,882.6500244140625,124044,124044,https://finance.yahoo.com/quote/JUBLPHARMA.NS/
2026-08-31,Jubilant Pharmova,JUBLPHARMA.NS,881.9000244140625,231665,231665,https://finance.yahoo.com/quote/JUBLPHARMA.NS/
2026-09-01,Jubilant Pharmova,JUBLPHARMA.NS,907.5999755859375,313570,313570,https://finance.yahoo.com/quote/JUBLPHARMA.NS/
2026-09-02,Jubilant Pharmova,JUBLPHARMA.NS,900.2999877929688,63912,63912,https://finance.yahoo.com/quote/JUBLPHARMA.NS/
2026-09-03,Jubilant Pharmova,JUBLPHARMA.NS,907.9000244140625,125766,125766,https://finance.yahoo.com/quote/JUBLPHARMA.NS/
2026-09-04,Jubilant Pharmova,JUBLPHARMA.NS,924.5,498346,498346,https://finance.yahoo.com/quote/JUBLPHARMA.NS/
2026-09-07,Jubilant Pharmova,JUBLPHARMA.NS,950.2999877929688,317471,317471,https://finance.yahoo.com/quote/JUBLPHARMA.NS/
2026-09-08,Jubilant Pharmova,JUBLPHARMA.NS,997.75,1366696,1366696,https://finance.yahoo.com/quote/JUBLPHARMA.NS/
2026-09-09,Jubilant Pharmova,JUBLPHARMA.NS,1019.0,452808,452808,https://finance.yahoo.com/quote/JUBLPHARMA.NS/
2026-09-10,Jubilant Pharmova,JUBLPHARMA.NS,1025.6500244140625,173412,173412,https://finance.yahoo.com/quote/JUBLPHARMA.NS/
2026-09-11,Jubilant Pharmova,JUBLPHARMA.NS,1025.199951171875,230939,230939,https://finance.yahoo.com/quote/JUBLPHARMA.NS/
2026-09-14,Jubilant Pharmova,JUBLPHARMA.NS,1025.199951171875,0,0,https://finance.yahoo.com/quote/JUBLPHARMA.NS/
2026-09-15,Jubilant Pharmova,JUBLPHARMA.NS,1011.9500122070312,190713,190713,https://finance.yahoo.com/quote/JUBLPHARMA.NS/
2026-09-16,Jubilant Pharmova,JUBLPHARMA.NS,1002.5,154099,154099,https://finance.yahoo.com/quote/JUBLPHARMA.NS/
2026-09-17,Jubilant Pharmova,JUBLPHARMA.NS,1012.0999755859375,87805,87805,https://finance.yahoo.com/quote/JUBLPHARMA.NS/
2026-09-18,Jubilant Pharmova,JUBLPHARMA.NS,1065.4000244140625,308313,308313,https://finance.yahoo.com/quote/JUBLPHARMA.NS/
2026-09-21,Jubilant Pharmova,JUBLPHARMA.NS,1049.25,304587,304587,https://finance.yahoo.com/quote/JUBLPHARMA.NS/
2026-09-22,Jubilant Pharmova,JUBLPHARMA.NS,1070.8499755859375,192545,192545,https://finance.yahoo.com/quote/JUBLPHARMA.NS/
2026-09-23,Jubilant Pharmova,JUBLPHARMA.NS,1058.0,135144,135144,https://finance.yahoo.com/quote/JUBLPHARMA.NS/
2026-09-24,Jubilant Pharmova,JUBLPHARMA.NS,1063.8499755859375,114741,114741,https://finance.yahoo.com/quote/JUBLPHARMA.NS/
2026-09-25,Jubilant Pharmova,JUBLPHARMA.NS,1071.949951171875,156277,156277,https://finance.yahoo.com/quote/JUBLPHARMA.NS/
2026-09-28,Jubilant Pharmova,JUBLPHARMA.NS,1060.449951171875,95393,95393,https://finance.yahoo.com/quote/JUBLPHARMA.NS/
2026-09-29,Jubilant Pharmova,JUBLPHARMA.NS,1048.199951171875,1060299,1060299,https://finance.yahoo.com/quote/JUBLPHARMA.NS/
2026-09-30,Jubilant Pharmova,JUBLPHARMA.NS,1028.800048828125,460073,460073,https://finance.yahoo.com/quote/JUBLPHARMA.NS/
2026-10-01,Jubilant Pharmova,JUBLPHARMA.NS,999.2999877929688,336042,336042,https://finance.yahoo.com/quote/JUBLPHARMA.NS/
2025-04-02,Laurus Labs,LAURUSLABS.NS,607.1137084960938,876865,876865,https://finance.yahoo.com/quote/LAURUSLABS.NS/
2025-04-03,Laurus Labs,LAURUSLABS.NS,618.6768188476562,3744040,3744040,https://finance.yahoo.com/quote/LAURUSLABS.NS/
2025-04-04,Laurus Labs,LAURUSLABS.NS,572.6236572265625,7286175,7286175,https://finance.yahoo.com/quote/LAURUSLABS.NS/
2025-04-07,Laurus Labs,LAURUSLABS.NS,559.4656982421875,3409016,3409016,https://finance.yahoo.com/quote/LAURUSLABS.NS/
2025-04-08,Laurus Labs,LAURUSLABS.NS,577.408447265625,1673248,1673248,https://finance.yahoo.com/quote/LAURUSLABS.NS/
2025-04-09,Laurus Labs,LAURUSLABS.NS,562.4561157226562,2417850,2417850,https://finance.yahoo.com/quote/LAURUSLABS.NS/
2025-04-11,Laurus Labs,LAURUSLABS.NS,603.923828125,3439063,3439063,https://finance.yahoo.com/quote/LAURUSLABS.NS/
2025-04-15,Laurus Labs,LAURUSLABS.NS,623.1625366210938,1956047,1956047,https://finance.yahoo.com/quote/LAURUSLABS.NS/
2025-04-16,Laurus Labs,LAURUSLABS.NS,624.9069213867188,1832047,1832047,https://finance.yahoo.com/quote/LAURUSLABS.NS/
2025-04-17,Laurus Labs,LAURUSLABS.NS,626.0532836914062,1964197,1964197,https://finance.yahoo.com/quote/LAURUSLABS.NS/
2025-04-21,Laurus Labs,LAURUSLABS.NS,638.3141479492188,1673651,1673651,https://finance.yahoo.com/quote/LAURUSLABS.NS/
2025-04-22,Laurus Labs,LAURUSLABS.NS,649.6281127929688,2546683,2546683,https://finance.yahoo.com/quote/LAURUSLABS.NS/
2025-04-23,Laurus Labs,LAURUSLABS.NS,648.6312255859375,2082091,2082091,https://finance.yahoo.com/quote/LAURUSLABS.NS/
2025-04-24,Laurus Labs,LAURUSLABS.NS,643.4478149414062,7255100,7255100,https://finance.yahoo.com/quote/LAURUSLABS.NS/
2025-04-25,Laurus Labs,LAURUSLABS.NS,623.6609497070312,7085561,7085561,https://finance.yahoo.com/quote/LAURUSLABS.NS/
2025-04-28,Laurus Labs,LAURUSLABS.NS,624.5081787109375,2030722,2030722,https://finance.yahoo.com/quote/LAURUSLABS.NS/
2025-04-29,Laurus Labs,LAURUSLABS.NS,615.4869995117188,2365426,2365426,https://finance.yahoo.com/quote/LAURUSLABS.NS/
2025-04-30,Laurus Labs,LAURUSLABS.NS,601.93017578125,4019666,4019666,https://finance.yahoo.com/quote/LAURUSLABS.NS/
2025-05-02,Laurus Labs,LAURUSLABS.NS,617.3311157226562,2004506,2004506,https://finance.yahoo.com/quote/LAURUSLABS.NS/
2025-05-05,Laurus Labs,LAURUSLABS.NS,615.8358154296875,1720414,1720414,https://finance.yahoo.com/quote/LAURUSLABS.NS/
2025-05-06,Laurus Labs,LAURUSLABS.NS,610.65234375,1566542,1566542,https://finance.yahoo.com/quote/LAURUSLABS.NS/
2025-05-07,Laurus Labs,LAURUSLABS.NS,608.7584838867188,1745190,1745190,https://finance.yahoo.com/quote/LAURUSLABS.NS/
2025-05-08,Laurus Labs,LAURUSLABS.NS,584.884521484375,2066342,2066342,https://finance.yahoo.com/quote/LAURUSLABS.NS/
2025-05-09,Laurus Labs,LAURUSLABS.NS,587.7294311523438,1383731,1383731,https://finance.yahoo.com/quote/LAURUSLABS.NS/
2025-05-12,Laurus Labs,LAURUSLABS.NS,592.3709716796875,2362969,2362969,https://finance.yahoo.com/quote/LAURUSLABS.NS/
2025-05-13,Laurus Labs,LAURUSLABS.NS,594.1676635742188,1851333,1851333,https://finance.yahoo.com/quote/LAURUSLABS.NS/
2025-05-14,Laurus Labs,LAURUSLABS.NS,604.8482666015625,2151896,2151896,https://finance.yahoo.com/quote/LAURUSLABS.NS/
2025-05-15,Laurus Labs,LAURUSLABS.NS,602.602294921875,1437309,1437309,https://finance.yahoo.com/quote/LAURUSLABS.NS/
2025-05-16,Laurus Labs,LAURUSLABS.NS,601.9534912109375,1493001,1493001,https://finance.yahoo.com/quote/LAURUSLABS.NS/
2025-05-19,Laurus Labs,LAURUSLABS.NS,606.2456665039062,2160342,2160342,https://finance.yahoo.com/quote/LAURUSLABS.NS/
2025-05-20,Laurus Labs,LAURUSLABS.NS,592.1712646484375,1232093,1232093,https://finance.yahoo.com/quote/LAURUSLABS.NS/
2025-05-21,Laurus Labs,LAURUSLABS.NS,595.9644165039062,1509612,1509612,https://finance.yahoo.com/quote/LAURUSLABS.NS/
2025-05-22,Laurus Labs,LAURUSLABS.NS,589.5761108398438,1692111,1692111,https://finance.yahoo.com/quote/LAURUSLABS.NS/
2025-05-23,Laurus Labs,LAURUSLABS.NS,592.2212524414062,683814,683814,https://finance.yahoo.com/quote/LAURUSLABS.NS/
2025-05-26,Laurus Labs,LAURUSLABS.NS,593.968017578125,979622,979622,https://finance.yahoo.com/quote/LAURUSLABS.NS/
2025-05-27,Laurus Labs,LAURUSLABS.NS,600.7057495117188,904467,904467,https://finance.yahoo.com/quote/LAURUSLABS.NS/
2025-05-28,Laurus Labs,LAURUSLABS.NS,609.3899536132812,1820549,1820549,https://finance.yahoo.com/quote/LAURUSLABS.NS/
2025-05-29,Laurus Labs,LAURUSLABS.NS,613.3826293945312,897856,897856,https://finance.yahoo.com/quote/LAURUSLABS.NS/
2025-05-30,Laurus Labs,LAURUSLABS.NS,608.4915771484375,791160,791160,https://finance.yahoo.com/quote/LAURUSLABS.NS/
2025-06-02,Laurus Labs,LAURUSLABS.NS,609.9888305664062,583368,583368,https://finance.yahoo.com/quote/LAURUSLABS.NS/
2025-06-03,Laurus Labs,LAURUSLABS.NS,618.473388671875,1570254,1570254,https://finance.yahoo.com/quote/LAURUSLABS.NS/
2025-06-04,Laurus Labs,LAURUSLABS.NS,622.216552734375,1639319,1639319,https://finance.yahoo.com/quote/LAURUSLABS.NS/
2025-06-05,Laurus Labs,LAURUSLABS.NS,639.4851684570312,3345250,3345250,https://finance.yahoo.com/quote/LAURUSLABS.NS/
2025-06-06,Laurus Labs,LAURUSLABS.NS,640.882568359375,1658783,1658783,https://finance.yahoo.com/quote/LAURUSLABS.NS/
2025-06-09,Laurus Labs,LAURUSLABS.NS,666.1365966796875,3895711,3895711,https://finance.yahoo.com/quote/LAURUSLABS.NS/
2025-06-10,Laurus Labs,LAURUSLABS.NS,665.23828125,1533417,1533417,https://finance.yahoo.com/quote/LAURUSLABS.NS/
2025-06-11,Laurus Labs,LAURUSLABS.NS,675.2200927734375,1933439,1933439,https://finance.yahoo.com/quote/LAURUSLABS.NS/
2025-06-12,Laurus Labs,LAURUSLABS.NS,665.5377197265625,2371142,2371142,https://finance.yahoo.com/quote/LAURUSLABS.NS/
2025-06-13,Laurus Labs,LAURUSLABS.NS,665.387939453125,1292254,1292254,https://finance.yahoo.com/quote/LAURUSLABS.NS/
2025-06-16,Laurus Labs,LAURUSLABS.NS,679.0131225585938,2311916,2311916,https://finance.yahoo.com/quote/LAURUSLABS.NS/
2025-06-17,Laurus Labs,LAURUSLABS.NS,659.3489379882812,1722958,1722958,https://finance.yahoo.com/quote/LAURUSLABS.NS/
2025-06-18,Laurus Labs,LAURUSLABS.NS,663.1420288085938,1656141,1656141,https://finance.yahoo.com/quote/LAURUSLABS.NS/
2025-06-19,Laurus Labs,LAURUSLABS.NS,645.074951171875,1150032,1150032,https://finance.yahoo.com/quote/LAURUSLABS.NS/
2025-06-20,Laurus Labs,LAURUSLABS.NS,649.8162841796875,2397584,2397584,https://finance.yahoo.com/quote/LAURUSLABS.NS/
2025-06-23,Laurus Labs,LAURUSLABS.NS,665.0885009765625,1521710,1521710,https://finance.yahoo.com/quote/LAURUSLABS.NS/
2025-06-24,Laurus Labs,LAURUSLABS.NS,668.3325805664062,1034160,1034160,https://finance.yahoo.com/quote/LAURUSLABS.NS/
2025-06-25,Laurus Labs,LAURUSLABS.NS,668.7318725585938,966550,966550,https://finance.yahoo.com/quote/LAURUSLABS.NS/
2025-06-26,Laurus Labs,LAURUSLABS.NS,679.1129150390625,2369296,2369296,https://finance.yahoo.com/quote/LAURUSLABS.NS/
2025-06-27,Laurus Labs,LAURUSLABS.NS,700.52392578125,3178596,3178596,https://finance.yahoo.com/quote/LAURUSLABS.NS/
2025-06-30,Laurus Labs,LAURUSLABS.NS,723.5320434570312,4837432,4837432,https://finance.yahoo.com/quote/LAURUSLABS.NS/
2025-07-01,Laurus Labs,LAURUSLABS.NS,744.6934204101562,4704542,4704542,https://finance.yahoo.com/quote/LAURUSLABS.NS/
2025-07-02,Laurus Labs,LAURUSLABS.NS,755.3740234375,3997677,3997677,https://finance.yahoo.com/quote/LAURUSLABS.NS/
2025-07-03,Laurus Labs,LAURUSLABS.NS,757.1707763671875,2481621,2481621,https://finance.yahoo.com/quote/LAURUSLABS.NS/
2025-07-04,Laurus Labs,LAURUSLABS.NS,774.5890502929688,3230212,3230212,https://finance.yahoo.com/quote/LAURUSLABS.NS/
2025-07-07,Laurus Labs,LAURUSLABS.NS,774.838623046875,1174377,1174377,https://finance.yahoo.com/quote/LAURUSLABS.NS/
2025-07-08,Laurus Labs,LAURUSLABS.NS,776.8848266601562,1558057,1558057,https://finance.yahoo.com/quote/LAURUSLABS.NS/
2025-07-09,Laurus Labs,LAURUSLABS.NS,792.95556640625,3672922,3672922,https://finance.yahoo.com/quote/LAURUSLABS.NS/
2025-07-10,Laurus Labs,LAURUSLABS.NS,792.0572509765625,2030879,2030879,https://finance.yahoo.com/quote/LAURUSLABS.NS/
2025-07-11,Laurus Labs,LAURUSLABS.NS,788.7632446289062,1476275,1476275,https://finance.yahoo.com/quote/LAURUSLABS.NS/
2025-07-14,Laurus Labs,LAURUSLABS.NS,822.35205078125,5083453,5083453,https://finance.yahoo.com/quote/LAURUSLABS.NS/
2025-07-15,Laurus Labs,LAURUSLABS.NS,825.5462036132812,2080040,2080040,https://finance.yahoo.com/quote/LAURUSLABS.NS/
2025-07-16,Laurus Labs,LAURUSLABS.NS,821.0543823242188,968965,968965,https://finance.yahoo.com/quote/LAURUSLABS.NS/
2025-07-17,Laurus Labs,LAURUSLABS.NS,820.0062866210938,1518302,1518302,https://finance.yahoo.com/quote/LAURUSLABS.NS/
2025-07-18,Laurus Labs,LAURUSLABS.NS,825.4962768554688,989477,989477,https://finance.yahoo.com/quote/LAURUSLABS.NS/
2025-07-21,Laurus Labs,LAURUSLABS.NS,827.94189453125,1216659,1216659,https://finance.yahoo.com/quote/LAURUSLABS.NS/
2025-07-22,Laurus Labs,LAURUSLABS.NS,821.8529052734375,947754,947754,https://finance.yahoo.com/quote/LAURUSLABS.NS/
2025-07-23,Laurus Labs,LAURUSLABS.NS,821.0045166015625,1156632,1156632,https://finance.yahoo.com/quote/LAURUSLABS.NS/
2025-07-24,Laurus Labs,LAURUSLABS.NS,834.9790649414062,2358313,2358313,https://finance.yahoo.com/quote/LAURUSLABS.NS/
2025-07-25,Laurus Labs,LAURUSLABS.NS,836.2267456054688,5268018,5268018,https://finance.yahoo.com/quote/LAURUSLABS.NS/
2025-07-28,Laurus Labs,LAURUSLABS.NS,887.6331176757812,17617498,17617498,https://finance.yahoo.com/quote/LAURUSLABS.NS/
2025-07-29,Laurus Labs,LAURUSLABS.NS,908.1956176757812,4989767,4989767,https://finance.yahoo.com/quote/LAURUSLABS.NS/
2025-07-30,Laurus Labs,LAURUSLABS.NS,879.8473510742188,5553033,5553033,https://finance.yahoo.com/quote/LAURUSLABS.NS/
2025-07-31,Laurus Labs,LAURUSLABS.NS,872.7601318359375,3033606,3033606,https://finance.yahoo.com/quote/LAURUSLABS.NS/
2025-08-01,Laurus Labs,LAURUSLABS.NS,847.8056030273438,2233515,2233515,https://finance.yahoo.com/quote/LAURUSLABS.NS/
2025-08-04,Laurus Labs,LAURUSLABS.NS,859.6341552734375,1442403,1442403,https://finance.yahoo.com/quote/LAURUSLABS.NS/
2025-08-05,Laurus Labs,LAURUSLABS.NS,855.9408569335938,1168162,1168162,https://finance.yahoo.com/quote/LAURUSLABS.NS/
2025-08-06,Laurus Labs,LAURUSLABS.NS,834.6796264648438,2085404,2085404,https://finance.yahoo.com/quote/LAURUSLABS.NS/
2025-08-07,Laurus Labs,LAURUSLABS.NS,836.725830078125,1678103,1678103,https://finance.yahoo.com/quote/LAURUSLABS.NS/
2025-08-08,Laurus Labs,LAURUSLABS.NS,820.3556518554688,1073904,1073904,https://finance.yahoo.com/quote/LAURUSLABS.NS/
2025-08-11,Laurus Labs,LAURUSLABS.NS,829.9880981445312,1335688,1335688,https://finance.yahoo.com/quote/LAURUSLABS.NS/
2025-08-12,Laurus Labs,LAURUSLABS.NS,829.4391479492188,1863616,1863616,https://finance.yahoo.com/quote/LAURUSLABS.NS/
2025-08-13,Laurus Labs,LAURUSLABS.NS,861.5806274414062,2817582,2817582,https://finance.yahoo.com/quote/LAURUSLABS.NS/
2025-08-14,Laurus Labs,LAURUSLABS.NS,858.1368408203125,2949617,2949617,https://finance.yahoo.com/quote/LAURUSLABS.NS/
2025-08-18,Laurus Labs,LAURUSLABS.NS,864.0760498046875,2335154,2335154,https://finance.yahoo.com/quote/LAURUSLABS.NS/
2025-08-19,Laurus Labs,LAURUSLABS.NS,882.2928466796875,1565331,1565331,https://finance.yahoo.com/quote/LAURUSLABS.NS/
2025-08-20,Laurus Labs,LAURUSLABS.NS,874.4570922851562,1232442,1232442,https://finance.yahoo.com/quote/LAURUSLABS.NS/
2025-08-21,Laurus Labs,LAURUSLABS.NS,888.2819213867188,1539571,1539571,https://finance.yahoo.com/quote/LAURUSLABS.NS/
2025-08-22,Laurus Labs,LAURUSLABS.NS,877.5015258789062,1548015,1548015,https://finance.yahoo.com/quote/LAURUSLABS.NS/
2025-08-25,Laurus Labs,LAURUSLABS.NS,871.6123046875,1451413,1451413,https://finance.yahoo.com/quote/LAURUSLABS.NS/
2025-08-26,Laurus Labs,LAURUSLABS.NS,867.070556640625,1477730,1477730,https://finance.yahoo.com/quote/LAURUSLABS.NS/
2025-08-28,Laurus Labs,LAURUSLABS.NS,860.4326782226562,1373559,1373559,https://finance.yahoo.com/quote/LAURUSLABS.NS/
2025-08-29,Laurus Labs,LAURUSLABS.NS,855.3419799804688,646790,646790,https://finance.yahoo.com/quote/LAURUSLABS.NS/
2025-09-01,Laurus Labs,LAURUSLABS.NS,858.436279296875,997411,997411,https://finance.yahoo.com/quote/LAURUSLABS.NS/
2025-09-02,Laurus Labs,LAURUSLABS.NS,858.5360717773438,1284028,1284028,https://finance.yahoo.com/quote/LAURUSLABS.NS/
2025-09-03,Laurus Labs,LAURUSLABS.NS,873.109619140625,1423174,1423174,https://finance.yahoo.com/quote/LAURUSLABS.NS/
2025-09-04,Laurus Labs,LAURUSLABS.NS,872.5106201171875,988966,988966,https://finance.yahoo.com/quote/LAURUSLABS.NS/
2025-09-05,Laurus Labs,LAURUSLABS.NS,879.0487670898438,1035333,1035333,https://finance.yahoo.com/quote/LAURUSLABS.NS/
2025-09-08,Laurus Labs,LAURUSLABS.NS,893.5723266601562,1630387,1630387,https://finance.yahoo.com/quote/LAURUSLABS.NS/
2025-09-09,Laurus Labs,LAURUSLABS.NS,900.6593627929688,1227755,1227755,https://finance.yahoo.com/quote/LAURUSLABS.NS/
2025-09-10,Laurus Labs,LAURUSLABS.NS,894.7701416015625,1541022,1541022,https://finance.yahoo.com/quote/LAURUSLABS.NS/
2025-09-11,Laurus Labs,LAURUSLABS.NS,893.9714965820312,724408,724408,https://finance.yahoo.com/quote/LAURUSLABS.NS/
2025-09-12,Laurus Labs,LAURUSLABS.NS,894.4207153320312,1299814,1299814,https://finance.yahoo.com/quote/LAURUSLABS.NS/
2025-09-15,Laurus Labs,LAURUSLABS.NS,893.3726806640625,538522,538522,https://finance.yahoo.com/quote/LAURUSLABS.NS/
2025-09-16,Laurus Labs,LAURUSLABS.NS,893.2229614257812,852948,852948,https://finance.yahoo.com/quote/LAURUSLABS.NS/
2025-09-17,Laurus Labs,LAURUSLABS.NS,892.3245849609375,1122856,1122856,https://finance.yahoo.com/quote/LAURUSLABS.NS/
2025-09-18,Laurus Labs,LAURUSLABS.NS,921.5712890625,3054360,3054360,https://finance.yahoo.com/quote/LAURUSLABS.NS/
2025-09-19,Laurus Labs,LAURUSLABS.NS,930.4051513671875,3380153,3380153,https://finance.yahoo.com/quote/LAURUSLABS.NS/
2025-09-22,Laurus Labs,LAURUSLABS.NS,902.1566772460938,1771352,1771352,https://finance.yahoo.com/quote/LAURUSLABS.NS/
2025-09-23,Laurus Labs,LAURUSLABS.NS,908.395263671875,1599124,1599124,https://finance.yahoo.com/quote/LAURUSLABS.NS/
2025-09-24,Laurus Labs,LAURUSLABS.NS,908.0958251953125,1724529,1724529,https://finance.yahoo.com/quote/LAURUSLABS.NS/
2025-09-25,Laurus Labs,LAURUSLABS.NS,894.7201538085938,965496,965496,https://finance.yahoo.com/quote/LAURUSLABS.NS/
2025-09-26,Laurus Labs,LAURUSLABS.NS,830.78662109375,5612259,5612259,https://finance.yahoo.com/quote/LAURUSLABS.NS/
2025-09-29,Laurus Labs,LAURUSLABS.NS,839.4209594726562,2764351,2764351,https://finance.yahoo.com/quote/LAURUSLABS.NS/
2025-09-30,Laurus Labs,LAURUSLABS.NS,840.2693481445312,1844424,1844424,https://finance.yahoo.com/quote/LAURUSLABS.NS/
2025-10-01,Laurus Labs,LAURUSLABS.NS,870.4144897460938,2074466,2074466,https://finance.yahoo.com/quote/LAURUSLABS.NS/
2025-10-03,Laurus Labs,LAURUSLABS.NS,862.8283081054688,1995777,1995777,https://finance.yahoo.com/quote/LAURUSLABS.NS/
2025-10-06,Laurus Labs,LAURUSLABS.NS,861.4308471679688,1494313,1494313,https://finance.yahoo.com/quote/LAURUSLABS.NS/
2025-10-07,Laurus Labs,LAURUSLABS.NS,861.8301391601562,1833050,1833050,https://finance.yahoo.com/quote/LAURUSLABS.NS/
2025-10-08,Laurus Labs,LAURUSLABS.NS,852.2974243164062,1005858,1005858,https://finance.yahoo.com/quote/LAURUSLABS.NS/
2025-10-09,Laurus Labs,LAURUSLABS.NS,863.5269775390625,2609957,2609957,https://finance.yahoo.com/quote/LAURUSLABS.NS/
2025-10-10,Laurus Labs,LAURUSLABS.NS,875.1558227539062,3985430,3985430,https://finance.yahoo.com/quote/LAURUSLABS.NS/
2025-10-13,Laurus Labs,LAURUSLABS.NS,872.7102661132812,1985637,1985637,https://finance.yahoo.com/quote/LAURUSLABS.NS/
2025-10-14,Laurus Labs,LAURUSLABS.NS,876.3536987304688,3218266,3218266,https://finance.yahoo.com/quote/LAURUSLABS.NS/
2025-10-15,Laurus Labs,LAURUSLABS.NS,873.70849609375,781858,781858,https://finance.yahoo.com/quote/LAURUSLABS.NS/
2025-10-16,Laurus Labs,LAURUSLABS.NS,871.262939453125,1018243,1018243,https://finance.yahoo.com/quote/LAURUSLABS.NS/
2025-10-17,Laurus Labs,LAURUSLABS.NS,898.4134521484375,2517414,2517414,https://finance.yahoo.com/quote/LAURUSLABS.NS/
2025-10-20,Laurus Labs,LAURUSLABS.NS,918.97607421875,2200955,2200955,https://finance.yahoo.com/quote/LAURUSLABS.NS/
2025-10-21,Laurus Labs,LAURUSLABS.NS,922.2201538085938,522764,522764,https://finance.yahoo.com/quote/LAURUSLABS.NS/
2025-10-23,Laurus Labs,LAURUSLABS.NS,932.7010498046875,4121681,4121681,https://finance.yahoo.com/quote/LAURUSLABS.NS/
2025-10-24,Laurus Labs,LAURUSLABS.NS,924.715576171875,8920106,8920106,https://finance.yahoo.com/quote/LAURUSLABS.NS/
2025-10-27,Laurus Labs,LAURUSLABS.NS,938.4406127929688,4885418,4885418,https://finance.yahoo.com/quote/LAURUSLABS.NS/
2025-10-28,Laurus Labs,LAURUSLABS.NS,957.9051513671875,2716006,2716006,https://finance.yahoo.com/quote/LAURUSLABS.NS/
2025-10-29,Laurus Labs,LAURUSLABS.NS,959.951416015625,1555478,1555478,https://finance.yahoo.com/quote/LAURUSLABS.NS/
2025-10-30,Laurus Labs,LAURUSLABS.NS,968.5856323242188,2111499,2111499,https://finance.yahoo.com/quote/LAURUSLABS.NS/
2025-10-31,Laurus Labs,LAURUSLABS.NS,952.7014770507812,1545420,1545420,https://finance.yahoo.com/quote/LAURUSLABS.NS/
2025-11-03,Laurus Labs,LAURUSLABS.NS,974.4298706054688,1954182,1954182,https://finance.yahoo.com/quote/LAURUSLABS.NS/
2025-11-04,Laurus Labs,LAURUSLABS.NS,982.1721801757812,2347486,2347486,https://finance.yahoo.com/quote/LAURUSLABS.NS/
2025-11-06,Laurus Labs,LAURUSLABS.NS,978.825439453125,1667068,1667068,https://finance.yahoo.com/quote/LAURUSLABS.NS/
2025-11-07,Laurus Labs,LAURUSLABS.NS,981.1731567382812,1087182,1087182,https://finance.yahoo.com/quote/LAURUSLABS.NS/
2025-11-10,Laurus Labs,LAURUSLABS.NS,1000.0543212890625,1569187,1569187,https://finance.yahoo.com/quote/LAURUSLABS.NS/
2025-11-11,Laurus Labs,LAURUSLABS.NS,984.7196044921875,1828103,1828103,https://finance.yahoo.com/quote/LAURUSLABS.NS/
2025-11-12,Laurus Labs,LAURUSLABS.NS,988.2660522460938,1468376,1468376,https://finance.yahoo.com/quote/LAURUSLABS.NS/
2025-11-13,Laurus Labs,LAURUSLABS.NS,996.0582885742188,1039405,1039405,https://finance.yahoo.com/quote/LAURUSLABS.NS/
2025-11-14,Laurus Labs,LAURUSLABS.NS,998.00634765625,1785705,1785705,https://finance.yahoo.com/quote/LAURUSLABS.NS/
2025-11-17,Laurus Labs,LAURUSLABS.NS,1020.8336181640625,1696744,1696744,https://finance.yahoo.com/quote/LAURUSLABS.NS/
2025-11-18,Laurus Labs,LAURUSLABS.NS,1005.8985595703125,2922214,2922214,https://finance.yahoo.com/quote/LAURUSLABS.NS/
2025-11-19,Laurus Labs,LAURUSLABS.NS,986.517822265625,1288996,1288996,https://finance.yahoo.com/quote/LAURUSLABS.NS/
2025-11-20,Laurus Labs,LAURUSLABS.NS,986.1181640625,1375536,1375536,https://finance.yahoo.com/quote/LAURUSLABS.NS/
2025-11-21,Laurus Labs,LAURUSLABS.NS,977.22705078125,1425481,1425481,https://finance.yahoo.com/quote/LAURUSLABS.NS/
2025-11-24,Laurus Labs,LAURUSLABS.NS,978.57568359375,1348847,1348847,https://finance.yahoo.com/quote/LAURUSLABS.NS/
2025-11-25,Laurus Labs,LAURUSLABS.NS,976.5776977539062,1005154,1005154,https://finance.yahoo.com/quote/LAURUSLABS.NS/
2025-11-26,Laurus Labs,LAURUSLABS.NS,985.61865234375,2951910,2951910,https://finance.yahoo.com/quote/LAURUSLABS.NS/
2025-11-27,Laurus Labs,LAURUSLABS.NS,1002.2022094726562,2606483,2606483,https://finance.yahoo.com/quote/LAURUSLABS.NS/
2025-11-28,Laurus Labs,LAURUSLABS.NS,1030.32421875,2486519,2486519,https://finance.yahoo.com/quote/LAURUSLABS.NS/
2025-12-01,Laurus Labs,LAURUSLABS.NS,1028.376220703125,2002768,2002768,https://finance.yahoo.com/quote/LAURUSLABS.NS/
2025-12-02,Laurus Labs,LAURUSLABS.NS,1019.185302734375,1465264,1465264,https://finance.yahoo.com/quote/LAURUSLABS.NS/
2025-12-03,Laurus Labs,LAURUSLABS.NS,1015.4889526367188,972564,972564,https://finance.yahoo.com/quote/LAURUSLABS.NS/
2025-12-04,Laurus Labs,LAURUSLABS.NS,1012.491943359375,971897,971897,https://finance.yahoo.com/quote/LAURUSLABS.NS/
2025-12-05,Laurus Labs,LAURUSLABS.NS,1025.079345703125,936977,936977,https://finance.yahoo.com/quote/LAURUSLABS.NS/
2025-12-08,Laurus Labs,LAURUSLABS.NS,1003.1012573242188,1382140,1382140,https://finance.yahoo.com/quote/LAURUSLABS.NS/
2025-12-09,Laurus Labs,LAURUSLABS.NS,1020.3840942382812,1464780,1464780,https://finance.yahoo.com/quote/LAURUSLABS.NS/
2025-12-10,Laurus Labs,LAURUSLABS.NS,1017.3870849609375,1186441,1186441,https://finance.yahoo.com/quote/LAURUSLABS.NS/
2025-12-11,Laurus Labs,LAURUSLABS.NS,1018.2861938476562,818322,818322,https://finance.yahoo.com/quote/LAURUSLABS.NS/
2025-12-12,Laurus Labs,LAURUSLABS.NS,1011.2931518554688,1244218,1244218,https://finance.yahoo.com/quote/LAURUSLABS.NS/
2025-12-15,Laurus Labs,LAURUSLABS.NS,1003.9005126953125,895430,895430,https://finance.yahoo.com/quote/LAURUSLABS.NS/
2025-12-16,Laurus Labs,LAURUSLABS.NS,1000.3040771484375,945609,945609,https://finance.yahoo.com/quote/LAURUSLABS.NS/
2025-12-17,Laurus Labs,LAURUSLABS.NS,1008.9954223632812,1284797,1284797,https://finance.yahoo.com/quote/LAURUSLABS.NS/
2025-12-18,Laurus Labs,LAURUSLABS.NS,1014.489990234375,870778,870778,https://finance.yahoo.com/quote/LAURUSLABS.NS/
2025-12-19,Laurus Labs,LAURUSLABS.NS,1044.160400390625,2844049,2844049,https://finance.yahoo.com/quote/LAURUSLABS.NS/
2025-12-22,Laurus Labs,LAURUSLABS.NS,1063.1414794921875,1357581,1357581,https://finance.yahoo.com/quote/LAURUSLABS.NS/
2025-12-23,Laurus Labs,LAURUSLABS.NS,1067.33740234375,1229233,1229233,https://finance.yahoo.com/quote/LAURUSLABS.NS/
2025-12-24,Laurus Labs,LAURUSLABS.NS,1083.7210693359375,1711875,1711875,https://finance.yahoo.com/quote/LAURUSLABS.NS/
2025-12-26,Laurus Labs,LAURUSLABS.NS,1083.9207763671875,940862,940862,https://finance.yahoo.com/quote/LAURUSLABS.NS/
2025-12-29,Laurus Labs,LAURUSLABS.NS,1080.324462890625,1522054,1522054,https://finance.yahoo.com/quote/LAURUSLABS.NS/
2025-12-30,Laurus Labs,LAURUSLABS.NS,1090.81396484375,2806339,2806339,https://finance.yahoo.com/quote/LAURUSLABS.NS/
2025-12-31,Laurus Labs,LAURUSLABS.NS,1106.89794921875,1585443,1585443,https://finance.yahoo.com/quote/LAURUSLABS.NS/
2026-01-01,Laurus Labs,LAURUSLABS.NS,1109.295654296875,959580,959580,https://finance.yahoo.com/quote/LAURUSLABS.NS/
2026-01-02,Laurus Labs,LAURUSLABS.NS,1105.3994140625,953854,953854,https://finance.yahoo.com/quote/LAURUSLABS.NS/
2026-01-05,Laurus Labs,LAURUSLABS.NS,1102.1026611328125,1017074,1017074,https://finance.yahoo.com/quote/LAURUSLABS.NS/
2026-01-06,Laurus Labs,LAURUSLABS.NS,1114.7901611328125,1138196,1138196,https://finance.yahoo.com/quote/LAURUSLABS.NS/
2026-01-07,Laurus Labs,LAURUSLABS.NS,1127.3775634765625,1358594,1358594,https://finance.yahoo.com/quote/LAURUSLABS.NS/
2026-01-08,Laurus Labs,LAURUSLABS.NS,1099.8050537109375,1379464,1379464,https://finance.yahoo.com/quote/LAURUSLABS.NS/
2026-01-09,Laurus Labs,LAURUSLABS.NS,1081.9228515625,1612326,1612326,https://finance.yahoo.com/quote/LAURUSLABS.NS/
2026-01-12,Laurus Labs,LAURUSLABS.NS,1042.162353515625,2428156,2428156,https://finance.yahoo.com/quote/LAURUSLABS.NS/
2026-01-13,Laurus Labs,LAURUSLABS.NS,1057.2474365234375,1574593,1574593,https://finance.yahoo.com/quote/LAURUSLABS.NS/
2026-01-14,Laurus Labs,LAURUSLABS.NS,1089.4154052734375,2383234,2383234,https://finance.yahoo.com/quote/LAURUSLABS.NS/
2026-01-15,Laurus Labs,LAURUSLABS.NS,1089.4154052734375,0,0,https://finance.yahoo.com/quote/LAURUSLABS.NS/
2026-01-16,Laurus Labs,LAURUSLABS.NS,1075.72900390625,1410479,1410479,https://finance.yahoo.com/quote/LAURUSLABS.NS/
2026-01-19,Laurus Labs,LAURUSLABS.NS,1061.6429443359375,4147522,4147522,https://finance.yahoo.com/quote/LAURUSLABS.NS/
2026-01-20,Laurus Labs,LAURUSLABS.NS,1034.4700927734375,2915781,2915781,https://finance.yahoo.com/quote/LAURUSLABS.NS/
2026-01-21,Laurus Labs,LAURUSLABS.NS,986.9174194335938,2490377,2490377,https://finance.yahoo.com/quote/LAURUSLABS.NS/
2026-01-22,Laurus Labs,LAURUSLABS.NS,1004.7996215820312,4268831,4268831,https://finance.yahoo.com/quote/LAURUSLABS.NS/
2026-01-23,Laurus Labs,LAURUSLABS.NS,1015.3890991210938,4200801,4200801,https://finance.yahoo.com/quote/LAURUSLABS.NS/
2026-01-27,Laurus Labs,LAURUSLABS.NS,999.2052001953125,5389025,5389025,https://finance.yahoo.com/quote/LAURUSLABS.NS/
2026-01-28,Laurus Labs,LAURUSLABS.NS,998.00634765625,1981540,1981540,https://finance.yahoo.com/quote/LAURUSLABS.NS/
2026-01-29,Laurus Labs,LAURUSLABS.NS,972.3319091796875,2161278,2161278,https://finance.yahoo.com/quote/LAURUSLABS.NS/
2026-01-30,Laurus Labs,LAURUSLABS.NS,964.0401611328125,1976994,1976994,https://finance.yahoo.com/quote/LAURUSLABS.NS/
2026-02-02,Laurus Labs,LAURUSLABS.NS,953.001220703125,1745349,1745349,https://finance.yahoo.com/quote/LAURUSLABS.NS/
2026-02-03,Laurus Labs,LAURUSLABS.NS,974.629638671875,1922427,1922427,https://finance.yahoo.com/quote/LAURUSLABS.NS/
2026-02-04,Laurus Labs,LAURUSLABS.NS,979.324951171875,1157756,1157756,https://finance.yahoo.com/quote/LAURUSLABS.NS/
2026-02-05,Laurus Labs,LAURUSLABS.NS,962.9912719726562,1009240,1009240,https://finance.yahoo.com/quote/LAURUSLABS.NS/
2026-02-06,Laurus Labs,LAURUSLABS.NS,949.6045532226562,1261968,1261968,https://finance.yahoo.com/quote/LAURUSLABS.NS/
2026-02-09,Laurus Labs,LAURUSLABS.NS,984.519775390625,1493978,1493978,https://finance.yahoo.com/quote/LAURUSLABS.NS/
2026-02-10,Laurus Labs,LAURUSLABS.NS,965.3887939453125,1173485,1173485,https://finance.yahoo.com/quote/LAURUSLABS.NS/
2026-02-11,Laurus Labs,LAURUSLABS.NS,1012.641845703125,2286558,2286558,https://finance.yahoo.com/quote/LAURUSLABS.NS/
2026-02-12,Laurus Labs,LAURUSLABS.NS,1017.5868530273438,1833896,1833896,https://finance.yahoo.com/quote/LAURUSLABS.NS/
2026-02-13,Laurus Labs,LAURUSLABS.NS,1009.5947875976562,1053338,1053338,https://finance.yahoo.com/quote/LAURUSLABS.NS/
2026-02-16,Laurus Labs,LAURUSLABS.NS,1011.4429931640625,927968,927968,https://finance.yahoo.com/quote/LAURUSLABS.NS/
2026-02-17,Laurus Labs,LAURUSLABS.NS,1012.39208984375,600623,600623,https://finance.yahoo.com/quote/LAURUSLABS.NS/
2026-02-18,Laurus Labs,LAURUSLABS.NS,1036.4180908203125,1427372,1427372,https://finance.yahoo.com/quote/LAURUSLABS.NS/
2026-02-19,Laurus Labs,LAURUSLABS.NS,1020.184326171875,1153462,1153462,https://finance.yahoo.com/quote/LAURUSLABS.NS/
2026-02-20,Laurus Labs,LAURUSLABS.NS,1017.9864501953125,772468,772468,https://finance.yahoo.com/quote/LAURUSLABS.NS/
2026-02-23,Laurus Labs,LAURUSLABS.NS,1016.0383911132812,546049,546049,https://finance.yahoo.com/quote/LAURUSLABS.NS/
2026-02-24,Laurus Labs,LAURUSLABS.NS,1027.47705078125,1411849,1411849,https://finance.yahoo.com/quote/LAURUSLABS.NS/
2026-02-25,Laurus Labs,LAURUSLABS.NS,1075.2794189453125,2096497,2096497,https://finance.yahoo.com/quote/LAURUSLABS.NS/
2026-02-26,Laurus Labs,LAURUSLABS.NS,1091.6630859375,2451607,2451607,https://finance.yahoo.com/quote/LAURUSLABS.NS/
2026-02-27,Laurus Labs,LAURUSLABS.NS,1074.72998046875,1691058,1691058,https://finance.yahoo.com/quote/LAURUSLABS.NS/
2026-03-02,Laurus Labs,LAURUSLABS.NS,1063.940673828125,2261544,2261544,https://finance.yahoo.com/quote/LAURUSLABS.NS/
2026-03-04,Laurus Labs,LAURUSLABS.NS,1029.574951171875,1499364,1499364,https://finance.yahoo.com/quote/LAURUSLABS.NS/
2026-03-05,Laurus Labs,LAURUSLABS.NS,1044.8597412109375,938473,938473,https://finance.yahoo.com/quote/LAURUSLABS.NS/
2026-03-06,Laurus Labs,LAURUSLABS.NS,1025.1793212890625,810949,810949,https://finance.yahoo.com/quote/LAURUSLABS.NS/
2026-03-09,Laurus Labs,LAURUSLABS.NS,1019.9844970703125,1955333,1955333,https://finance.yahoo.com/quote/LAURUSLABS.NS/
2026-03-10,Laurus Labs,LAURUSLABS.NS,1036.967529296875,1367343,1367343,https://finance.yahoo.com/quote/LAURUSLABS.NS/
2026-03-11,Laurus Labs,LAURUSLABS.NS,1039.964599609375,1839756,1839756,https://finance.yahoo.com/quote/LAURUSLABS.NS/
2026-03-12,Laurus Labs,LAURUSLABS.NS,1045.7589111328125,1300644,1300644,https://finance.yahoo.com/quote/LAURUSLABS.NS/
2026-03-13,Laurus Labs,LAURUSLABS.NS,1002.4020385742188,3068139,3068139,https://finance.yahoo.com/quote/LAURUSLABS.NS/
2026-03-16,Laurus Labs,LAURUSLABS.NS,959.8443603515625,2979584,2979584,https://finance.yahoo.com/quote/LAURUSLABS.NS/
2026-03-17,Laurus Labs,LAURUSLABS.NS,967.7365112304688,1580678,1580678,https://finance.yahoo.com/quote/LAURUSLABS.NS/
2026-03-18,Laurus Labs,LAURUSLABS.NS,982.4219360351562,1187761,1187761,https://finance.yahoo.com/quote/LAURUSLABS.NS/
2026-03-19,Laurus Labs,LAURUSLABS.NS,943.960205078125,1329267,1329267,https://finance.yahoo.com/quote/LAURUSLABS.NS/
2026-03-20,Laurus Labs,LAURUSLABS.NS,986.2181396484375,1763554,1763554,https://finance.yahoo.com/quote/LAURUSLABS.NS/
2026-03-23,Laurus Labs,LAURUSLABS.NS,960.4437866210938,1068049,1068049,https://finance.yahoo.com/quote/LAURUSLABS.NS/
2026-03-24,Laurus Labs,LAURUSLABS.NS,991.6127319335938,1521765,1521765,https://finance.yahoo.com/quote/LAURUSLABS.NS/
2026-03-25,Laurus Labs,LAURUSLABS.NS,1022.4819946289062,1421805,1421805,https://finance.yahoo.com/quote/LAURUSLABS.NS/
2026-03-27,Laurus Labs,LAURUSLABS.NS,1007.796630859375,6517137,6517137,https://finance.yahoo.com/quote/LAURUSLABS.NS/
2026-03-30,Laurus Labs,LAURUSLABS.NS,991.712646484375,1517014,1517014,https://finance.yahoo.com/quote/LAURUSLABS.NS/
2026-04-01,Laurus Labs,LAURUSLABS.NS,1037.766845703125,2351992,2351992,https://finance.yahoo.com/quote/LAURUSLABS.NS/
2026-04-02,Laurus Labs,LAURUSLABS.NS,1041.86279296875,2919766,2919766,https://finance.yahoo.com/quote/LAURUSLABS.NS/
2026-04-06,Laurus Labs,LAURUSLABS.NS,1057.1474609375,1952469,1952469,https://finance.yahoo.com/quote/LAURUSLABS.NS/
2026-04-07,Laurus Labs,LAURUSLABS.NS,1056.398193359375,1562842,1562842,https://finance.yahoo.com/quote/LAURUSLABS.NS/
2026-04-08,Laurus Labs,LAURUSLABS.NS,1081.373291015625,1645757,1645757,https://finance.yahoo.com/quote/LAURUSLABS.NS/
2026-04-09,Laurus Labs,LAURUSLABS.NS,1082.6220703125,974649,974649,https://finance.yahoo.com/quote/LAURUSLABS.NS/
2026-04-10,Laurus Labs,LAURUSLABS.NS,1097.257568359375,1769594,1769594,https://finance.yahoo.com/quote/LAURUSLABS.NS/
2026-04-13,Laurus Labs,LAURUSLABS.NS,1086.7181396484375,1313173,1313173,https://finance.yahoo.com/quote/LAURUSLABS.NS/
2026-04-15,Laurus Labs,LAURUSLABS.NS,1116.4884033203125,1723052,1723052,https://finance.yahoo.com/quote/LAURUSLABS.NS/
2026-04-16,Laurus Labs,LAURUSLABS.NS,1127.2276611328125,1250244,1250244,https://finance.yahoo.com/quote/LAURUSLABS.NS/
2026-04-17,Laurus Labs,LAURUSLABS.NS,1134.620361328125,1232935,1232935,https://finance.yahoo.com/quote/LAURUSLABS.NS/
2026-04-20,Laurus Labs,LAURUSLABS.NS,1128.3765869140625,1180808,1180808,https://finance.yahoo.com/quote/LAURUSLABS.NS/
2026-04-21,Laurus Labs,LAURUSLABS.NS,1113.2415771484375,1493267,1493267,https://finance.yahoo.com/quote/LAURUSLABS.NS/
2026-04-22,Laurus Labs,LAURUSLABS.NS,1095.009765625,1916410,1916410,https://finance.yahoo.com/quote/LAURUSLABS.NS/
2026-04-23,Laurus Labs,LAURUSLABS.NS,1127.8770751953125,1920320,1920320,https://finance.yahoo.com/quote/LAURUSLABS.NS/
2026-04-24,Laurus Labs,LAURUSLABS.NS,1112.342529296875,1666180,1666180,https://finance.yahoo.com/quote/LAURUSLABS.NS/
2026-04-27,Laurus Labs,LAURUSLABS.NS,1122.4324951171875,1363246,1363246,https://finance.yahoo.com/quote/LAURUSLABS.NS/
2026-04-28,Laurus Labs,LAURUSLABS.NS,1089.3653564453125,2044775,2044775,https://finance.yahoo.com/quote/LAURUSLABS.NS/
2026-04-29,Laurus Labs,LAURUSLABS.NS,1104.9998779296875,1747114,1747114,https://finance.yahoo.com/quote/LAURUSLABS.NS/
2026-04-30,Laurus Labs,LAURUSLABS.NS,1099.85498046875,2364117,2364117,https://finance.yahoo.com/quote/LAURUSLABS.NS/
2026-05-01,Laurus Labs,LAURUSLABS.NS,1099.85498046875,0,0,https://finance.yahoo.com/quote/LAURUSLABS.NS/
2026-05-04,Laurus Labs,LAURUSLABS.NS,1165.2398681640625,4720716,4720716,https://finance.yahoo.com/quote/LAURUSLABS.NS/
2026-05-05,Laurus Labs,LAURUSLABS.NS,1162.942138671875,5271484,5271484,https://finance.yahoo.com/quote/LAURUSLABS.NS/
2026-05-06,Laurus Labs,LAURUSLABS.NS,1176.4287109375,3550499,3550499,https://finance.yahoo.com/quote/LAURUSLABS.NS/
2026-05-07,Laurus Labs,LAURUSLABS.NS,1205.2999267578125,2528893,2528893,https://finance.yahoo.com/quote/LAURUSLABS.NS/
2026-05-08,Laurus Labs,LAURUSLABS.NS,1228.300048828125,1958542,1958542,https://finance.yahoo.com/quote/LAURUSLABS.NS/
2026-05-11,Laurus Labs,LAURUSLABS.NS,1266.800048828125,3026020,3026020,https://finance.yahoo.com/quote/LAURUSLABS.NS/
2026-05-12,Laurus Labs,LAURUSLABS.NS,1268.0,2330669,2330669,https://finance.yahoo.com/quote/LAURUSLABS.NS/
2026-05-13,Laurus Labs,LAURUSLABS.NS,1280.5,3171882,3171882,https://finance.yahoo.com/quote/LAURUSLABS.NS/
2026-05-14,Laurus Labs,LAURUSLABS.NS,1315.5,2384098,2384098,https://finance.yahoo.com/quote/LAURUSLABS.NS/
2026-05-15,Laurus Labs,LAURUSLABS.NS,1323.5999755859375,2223101,2223101,https://finance.yahoo.com/quote/LAURUSLABS.NS/
2026-05-18,Laurus Labs,LAURUSLABS.NS,1327.300048828125,1925151,1925151,https://finance.yahoo.com/quote/LAURUSLABS.NS/
2026-05-19,Laurus Labs,LAURUSLABS.NS,1344.9000244140625,1880061,1880061,https://finance.yahoo.com/quote/LAURUSLABS.NS/
2026-05-20,Laurus Labs,LAURUSLABS.NS,1361.0999755859375,2103500,2103500,https://finance.yahoo.com/quote/LAURUSLABS.NS/
2026-05-21,Laurus Labs,LAURUSLABS.NS,1351.0,2056966,2056966,https://finance.yahoo.com/quote/LAURUSLABS.NS/
2026-05-22,Laurus Labs,LAURUSLABS.NS,1343.5,1698593,1698593,https://finance.yahoo.com/quote/LAURUSLABS.NS/
2026-05-25,Laurus Labs,LAURUSLABS.NS,1356.300048828125,1632496,1632496,https://finance.yahoo.com/quote/LAURUSLABS.NS/
2026-05-26,Laurus Labs,LAURUSLABS.NS,1373.9000244140625,1754325,1754325,https://finance.yahoo.com/quote/LAURUSLABS.NS/
2026-05-27,Laurus Labs,LAURUSLABS.NS,1381.699951171875,1311180,1311180,https://finance.yahoo.com/quote/LAURUSLABS.NS/
2026-05-28,Laurus Labs,LAURUSLABS.NS,1381.699951171875,0,0,https://finance.yahoo.com/quote/LAURUSLABS.NS/
2026-05-29,Laurus Labs,LAURUSLABS.NS,1362.0,1775559,1775559,https://finance.yahoo.com/quote/LAURUSLABS.NS/
2026-06-01,Laurus Labs,LAURUSLABS.NS,1388.4000244140625,2996514,2996514,https://finance.yahoo.com/quote/LAURUSLABS.NS/
2026-06-02,Laurus Labs,LAURUSLABS.NS,1382.5999755859375,2356089,2356089,https://finance.yahoo.com/quote/LAURUSLABS.NS/
2026-06-03,Laurus Labs,LAURUSLABS.NS,1394.300048828125,1443846,1443846,https://finance.yahoo.com/quote/LAURUSLABS.NS/
2026-06-04,Laurus Labs,LAURUSLABS.NS,1427.199951171875,1983191,1983191,https://finance.yahoo.com/quote/LAURUSLABS.NS/
2026-06-05,Laurus Labs,LAURUSLABS.NS,1446.800048828125,1515580,1515580,https://finance.yahoo.com/quote/LAURUSLABS.NS/
2026-06-08,Laurus Labs,LAURUSLABS.NS,1404.699951171875,2026791,2026791,https://finance.yahoo.com/quote/LAURUSLABS.NS/
2026-06-09,Laurus Labs,LAURUSLABS.NS,1424.4000244140625,1727331,1727331,https://finance.yahoo.com/quote/LAURUSLABS.NS/
2026-06-10,Laurus Labs,LAURUSLABS.NS,1385.699951171875,1334485,1334485,https://finance.yahoo.com/quote/LAURUSLABS.NS/
2026-06-11,Laurus Labs,LAURUSLABS.NS,1390.800048828125,1505571,1505571,https://finance.yahoo.com/quote/LAURUSLABS.NS/
2026-06-12,Laurus Labs,LAURUSLABS.NS,1394.300048828125,1207798,1207798,https://finance.yahoo.com/quote/LAURUSLABS.NS/
2026-06-15,Laurus Labs,LAURUSLABS.NS,1389.0999755859375,1241974,1241974,https://finance.yahoo.com/quote/LAURUSLABS.NS/
2026-06-16,Laurus Labs,LAURUSLABS.NS,1376.4000244140625,3447151,3447151,https://finance.yahoo.com/quote/LAURUSLABS.NS/
2026-06-17,Laurus Labs,LAURUSLABS.NS,1369.800048828125,1070660,1070660,https://finance.yahoo.com/quote/LAURUSLABS.NS/
2026-06-18,Laurus Labs,LAURUSLABS.NS,1368.800048828125,1650715,1650715,https://finance.yahoo.com/quote/LAURUSLABS.NS/
2026-06-19,Laurus Labs,LAURUSLABS.NS,1412.9000244140625,2349174,2349174,https://finance.yahoo.com/quote/LAURUSLABS.NS/
2026-06-22,Laurus Labs,LAURUSLABS.NS,1435.9000244140625,1721696,1721696,https://finance.yahoo.com/quote/LAURUSLABS.NS/
2026-06-23,Laurus Labs,LAURUSLABS.NS,1481.0,4012866,4012866,https://finance.yahoo.com/quote/LAURUSLABS.NS/
2026-06-24,Laurus Labs,LAURUSLABS.NS,1454.199951171875,2208134,2208134,https://finance.yahoo.com/quote/LAURUSLABS.NS/
2026-06-25,Laurus Labs,LAURUSLABS.NS,1450.0,1403450,1403450,https://finance.yahoo.com/quote/LAURUSLABS.NS/
2026-06-26,Laurus Labs,LAURUSLABS.NS,1450.0,0,0,https://finance.yahoo.com/quote/LAURUSLABS.NS/
2026-06-29,Laurus Labs,LAURUSLABS.NS,1500.300048828125,12321744,12321744,https://finance.yahoo.com/quote/LAURUSLABS.NS/
2026-06-30,Laurus Labs,LAURUSLABS.NS,1517.4000244140625,3274608,3274608,https://finance.yahoo.com/quote/LAURUSLABS.NS/
2026-07-01,Laurus Labs,LAURUSLABS.NS,1493.300048828125,2032970,2032970,https://finance.yahoo.com/quote/LAURUSLABS.NS/
2026-07-02,Laurus Labs,LAURUSLABS.NS,1528.0,2761759,2761759,https://finance.yahoo.com/quote/LAURUSLABS.NS/
2026-07-03,Laurus Labs,LAURUSLABS.NS,1542.300048828125,3334092,3334092,https://finance.yahoo.com/quote/LAURUSLABS.NS/
2026-07-06,Laurus Labs,LAURUSLABS.NS,1529.199951171875,1934695,1934695,https://finance.yahoo.com/quote/LAURUSLABS.NS/
2026-07-07,Laurus Labs,LAURUSLABS.NS,1477.4000244140625,2329480,2329480,https://finance.yahoo.com/quote/LAURUSLABS.NS/
2026-07-08,Laurus Labs,LAURUSLABS.NS,1469.199951171875,1918516,1918516,https://finance.yahoo.com/quote/LAURUSLABS.NS/
2026-07-09,Laurus Labs,LAURUSLABS.NS,1507.4000244140625,2035031,2035031,https://finance.yahoo.com/quote/LAURUSLABS.NS/
2026-07-10,Laurus Labs,LAURUSLABS.NS,1537.800048828125,2041624,2041624,https://finance.yahoo.com/quote/LAURUSLABS.NS/
2026-07-13,Laurus Labs,LAURUSLABS.NS,1558.5999755859375,1938466,1938466,https://finance.yahoo.com/quote/LAURUSLABS.NS/
2026-07-14,Laurus Labs,LAURUSLABS.NS,1560.699951171875,1288969,1288969,https://finance.yahoo.com/quote/LAURUSLABS.NS/
2026-07-15,Laurus Labs,LAURUSLABS.NS,1554.300048828125,1430478,1430478,https://finance.yahoo.com/quote/LAURUSLABS.NS/
2026-07-16,Laurus Labs,LAURUSLABS.NS,1557.5999755859375,1001677,1001677,https://finance.yahoo.com/quote/LAURUSLABS.NS/
2026-07-17,Laurus Labs,LAURUSLABS.NS,1529.800048828125,1011017,1011017,https://finance.yahoo.com/quote/LAURUSLABS.NS/
2026-07-20,Laurus Labs,LAURUSLABS.NS,1558.9000244140625,1235837,1235837,https://finance.yahoo.com/quote/LAURUSLABS.NS/
2026-07-21,Laurus Labs,LAURUSLABS.NS,1593.199951171875,1871739,1871739,https://finance.yahoo.com/quote/LAURUSLABS.NS/
2026-07-22,Laurus Labs,LAURUSLABS.NS,1577.800048828125,1183077,1183077,https://finance.yahoo.com/quote/LAURUSLABS.NS/
2026-07-23,Laurus Labs,LAURUSLABS.NS,1568.300048828125,1098268,1098268,https://finance.yahoo.com/quote/LAURUSLABS.NS/
2026-07-24,Laurus Labs,LAURUSLABS.NS,1601.199951171875,2647403,2647403,https://finance.yahoo.com/quote/LAURUSLABS.NS/
2026-07-27,Laurus Labs,LAURUSLABS.NS,1713.4000244140625,7989771,7989771,https://finance.yahoo.com/quote/LAURUSLABS.NS/
2026-07-28,Laurus Labs,LAURUSLABS.NS,1758.9000244140625,4407907,4407907,https://finance.yahoo.com/quote/LAURUSLABS.NS/
2026-07-29,Laurus Labs,LAURUSLABS.NS,1781.300048828125,3000811,3000811,https://finance.yahoo.com/quote/LAURUSLABS.NS/
2026-07-30,Laurus Labs,LAURUSLABS.NS,1781.300048828125,2402202,2402202,https://finance.yahoo.com/quote/LAURUSLABS.NS/
2026-07-31,Laurus Labs,LAURUSLABS.NS,1816.199951171875,2502579,2502579,https://finance.yahoo.com/quote/LAURUSLABS.NS/
2026-08-03,Laurus Labs,LAURUSLABS.NS,1811.4000244140625,1919384,1919384,https://finance.yahoo.com/quote/LAURUSLABS.NS/
2026-08-04,Laurus Labs,LAURUSLABS.NS,1850.0,1405192,1405192,https://finance.yahoo.com/quote/LAURUSLABS.NS/
2026-08-05,Laurus Labs,LAURUSLABS.NS,1835.0,2090998,2090998,https://finance.yahoo.com/quote/LAURUSLABS.NS/
2026-08-06,Laurus Labs,LAURUSLABS.NS,1830.0,2037418,2037418,https://finance.yahoo.com/quote/LAURUSLABS.NS/
2026-08-07,Laurus Labs,LAURUSLABS.NS,1844.300048828125,1553067,1553067,https://finance.yahoo.com/quote/LAURUSLABS.NS/
2026-08-10,Laurus Labs,LAURUSLABS.NS,1854.0,1386592,1386592,https://finance.yahoo.com/quote/LAURUSLABS.NS/
2026-08-11,Laurus Labs,LAURUSLABS.NS,1858.0,1514239,1514239,https://finance.yahoo.com/quote/LAURUSLABS.NS/
2026-08-12,Laurus Labs,LAURUSLABS.NS,1850.0,1088545,1088545,https://finance.yahoo.com/quote/LAURUSLABS.NS/
2026-08-13,Laurus Labs,LAURUSLABS.NS,1851.699951171875,1345856,1345856,https://finance.yahoo.com/quote/LAURUSLABS.NS/
2026-08-14,Laurus Labs,LAURUSLABS.NS,1787.300048828125,1581352,1581352,https://finance.yahoo.com/quote/LAURUSLABS.NS/
2026-08-17,Laurus Labs,LAURUSLABS.NS,1809.699951171875,1631767,1631767,https://finance.yahoo.com/quote/LAURUSLABS.NS/
2026-08-18,Laurus Labs,LAURUSLABS.NS,1814.0,1291914,1291914,https://finance.yahoo.com/quote/LAURUSLABS.NS/
2026-08-19,Laurus Labs,LAURUSLABS.NS,1801.800048828125,1426377,1426377,https://finance.yahoo.com/quote/LAURUSLABS.NS/
2026-08-20,Laurus Labs,LAURUSLABS.NS,1825.0,1315065,1315065,https://finance.yahoo.com/quote/LAURUSLABS.NS/
2026-08-21,Laurus Labs,LAURUSLABS.NS,1802.0,1401995,1401995,https://finance.yahoo.com/quote/LAURUSLABS.NS/
2026-08-24,Laurus Labs,LAURUSLABS.NS,1801.0,2894242,2894242,https://finance.yahoo.com/quote/LAURUSLABS.NS/
2026-08-25,Laurus Labs,LAURUSLABS.NS,1866.199951171875,3550945,3550945,https://finance.yahoo.com/quote/LAURUSLABS.NS/
2026-08-26,Laurus Labs,LAURUSLABS.NS,1887.0,3334188,3334188,https://finance.yahoo.com/quote/LAURUSLABS.NS/
2026-08-27,Laurus Labs,LAURUSLABS.NS,1929.4000244140625,4249869,4249869,https://finance.yahoo.com/quote/LAURUSLABS.NS/
2026-08-28,Laurus Labs,LAURUSLABS.NS,1938.5,2231476,2231476,https://finance.yahoo.com/quote/LAURUSLABS.NS/
2026-08-31,Laurus Labs,LAURUSLABS.NS,1915.0,30995343,30995343,https://finance.yahoo.com/quote/LAURUSLABS.NS/
2026-09-01,Laurus Labs,LAURUSLABS.NS,1861.5999755859375,3530385,3530385,https://finance.yahoo.com/quote/LAURUSLABS.NS/
2026-09-02,Laurus Labs,LAURUSLABS.NS,1864.0,2265630,2265630,https://finance.yahoo.com/quote/LAURUSLABS.NS/
2026-09-03,Laurus Labs,LAURUSLABS.NS,1868.5,1506361,1506361,https://finance.yahoo.com/quote/LAURUSLABS.NS/
2026-09-04,Laurus Labs,LAURUSLABS.NS,1840.0,1075943,1075943,https://finance.yahoo.com/quote/LAURUSLABS.NS/
2026-09-07,Laurus Labs,LAURUSLABS.NS,1876.699951171875,1148664,1148664,https://finance.yahoo.com/quote/LAURUSLABS.NS/
2026-09-08,Laurus Labs,LAURUSLABS.NS,1946.9000244140625,2115447,2115447,https://finance.yahoo.com/quote/LAURUSLABS.NS/
2026-09-09,Laurus Labs,LAURUSLABS.NS,1937.0,1822218,1822218,https://finance.yahoo.com/quote/LAURUSLABS.NS/
2026-09-10,Laurus Labs,LAURUSLABS.NS,1945.0,1067622,1067622,https://finance.yahoo.com/quote/LAURUSLABS.NS/
2026-09-11,Laurus Labs,LAURUSLABS.NS,1969.0,2277375,2277375,https://finance.yahoo.com/quote/LAURUSLABS.NS/
2026-09-14,Laurus Labs,LAURUSLABS.NS,1969.0,0,0,https://finance.yahoo.com/quote/LAURUSLABS.NS/
2026-09-15,Laurus Labs,LAURUSLABS.NS,1926.9000244140625,1538262,1538262,https://finance.yahoo.com/quote/LAURUSLABS.NS/
2026-09-16,Laurus Labs,LAURUSLABS.NS,1905.5,2871410,2871410,https://finance.yahoo.com/quote/LAURUSLABS.NS/
2026-09-17,Laurus Labs,LAURUSLABS.NS,1948.0999755859375,1645108,1645108,https://finance.yahoo.com/quote/LAURUSLABS.NS/
2026-09-18,Laurus Labs,LAURUSLABS.NS,1954.0,2655873,2655873,https://finance.yahoo.com/quote/LAURUSLABS.NS/
2026-09-21,Laurus Labs,LAURUSLABS.NS,2017.5,2170267,2170267,https://finance.yahoo.com/quote/LAURUSLABS.NS/
2026-09-22,Laurus Labs,LAURUSLABS.NS,2006.5,1487044,1487044,https://finance.yahoo.com/quote/LAURUSLABS.NS/
2026-09-23,Laurus Labs,LAURUSLABS.NS,2034.0,1363988,1363988,https://finance.yahoo.com/quote/LAURUSLABS.NS/
2026-09-24,Laurus Labs,LAURUSLABS.NS,2026.199951171875,1388039,1388039,https://finance.yahoo.com/quote/LAURUSLABS.NS/
2026-09-25,Laurus Labs,LAURUSLABS.NS,2007.0,1442142,1442142,https://finance.yahoo.com/quote/LAURUSLABS.NS/
2026-09-28,Laurus Labs,LAURUSLABS.NS,2010.699951171875,950451,950451,https://finance.yahoo.com/quote/LAURUSLABS.NS/
2026-09-29,Laurus Labs,LAURUSLABS.NS,1979.0,2431575,2431575,https://finance.yahoo.com/quote/LAURUSLABS.NS/
2026-09-30,Laurus Labs,LAURUSLABS.NS,1980.0,1397926,1397926,https://finance.yahoo.com/quote/LAURUSLABS.NS/
2026-10-01,Laurus Labs,LAURUSLABS.NS,1984.0,1459687,1459687,https://finance.yahoo.com/quote/LAURUSLABS.NS/
2025-04-02,Lupin,LUPIN.NS,1982.900146484375,1464336,1464336,https://finance.yahoo.com/quote/LUPIN.NS/
2025-04-03,Lupin,LUPIN.NS,2067.753173828125,3329584,3329584,https://finance.yahoo.com/quote/LUPIN.NS/
2025-04-04,Lupin,LUPIN.NS,1944.765625,3086633,3086633,https://finance.yahoo.com/quote/LUPIN.NS/
2025-04-07,Lupin,LUPIN.NS,1897.40576171875,1989646,1989646,https://finance.yahoo.com/quote/LUPIN.NS/
2025-04-08,Lupin,LUPIN.NS,1956.2109375,796915,796915,https://finance.yahoo.com/quote/LUPIN.NS/
2025-04-09,Lupin,LUPIN.NS,1894.1004638671875,1112795,1112795,https://finance.yahoo.com/quote/LUPIN.NS/
2025-04-11,Lupin,LUPIN.NS,1942.98974609375,1084881,1084881,https://finance.yahoo.com/quote/LUPIN.NS/
2025-04-15,Lupin,LUPIN.NS,1985.9588623046875,1250417,1250417,https://finance.yahoo.com/quote/LUPIN.NS/
2025-04-16,Lupin,LUPIN.NS,1908.406982421875,2011566,2011566,https://finance.yahoo.com/quote/LUPIN.NS/
2025-04-17,Lupin,LUPIN.NS,1911.366943359375,1443207,1443207,https://finance.yahoo.com/quote/LUPIN.NS/
2025-04-21,Lupin,LUPIN.NS,1982.4068603515625,966828,966828,https://finance.yahoo.com/quote/LUPIN.NS/
2025-04-22,Lupin,LUPIN.NS,2019.4068603515625,1256110,1256110,https://finance.yahoo.com/quote/LUPIN.NS/
2025-04-23,Lupin,LUPIN.NS,2061.635986328125,1092068,1092068,https://finance.yahoo.com/quote/LUPIN.NS/
2025-04-24,Lupin,LUPIN.NS,2076.04150390625,1580520,1580520,https://finance.yahoo.com/quote/LUPIN.NS/
2025-04-25,Lupin,LUPIN.NS,1992.668212890625,725961,725961,https://finance.yahoo.com/quote/LUPIN.NS/
2025-04-28,Lupin,LUPIN.NS,2077.323974609375,1393395,1393395,https://finance.yahoo.com/quote/LUPIN.NS/
2025-04-29,Lupin,LUPIN.NS,2039.5347900390625,1122651,1122651,https://finance.yahoo.com/quote/LUPIN.NS/
2025-04-30,Lupin,LUPIN.NS,2067.65478515625,1018611,1018611,https://finance.yahoo.com/quote/LUPIN.NS/
2025-05-02,Lupin,LUPIN.NS,2031.5428466796875,577972,577972,https://finance.yahoo.com/quote/LUPIN.NS/
2025-05-05,Lupin,LUPIN.NS,2057.4921875,1091556,1091556,https://finance.yahoo.com/quote/LUPIN.NS/
2025-05-06,Lupin,LUPIN.NS,2021.6761474609375,705896,705896,https://finance.yahoo.com/quote/LUPIN.NS/
2025-05-07,Lupin,LUPIN.NS,2043.7774658203125,687550,687550,https://finance.yahoo.com/quote/LUPIN.NS/
2025-05-08,Lupin,LUPIN.NS,1987.9322509765625,878435,878435,https://finance.yahoo.com/quote/LUPIN.NS/
2025-05-09,Lupin,LUPIN.NS,2010.23095703125,558130,558130,https://finance.yahoo.com/quote/LUPIN.NS/
2025-05-12,Lupin,LUPIN.NS,2012.598876953125,1207946,1207946,https://finance.yahoo.com/quote/LUPIN.NS/
2025-05-13,Lupin,LUPIN.NS,2036.8707275390625,1373008,1373008,https://finance.yahoo.com/quote/LUPIN.NS/
2025-05-14,Lupin,LUPIN.NS,2043.7774658203125,1196372,1196372,https://finance.yahoo.com/quote/LUPIN.NS/
2025-05-15,Lupin,LUPIN.NS,2045.2574462890625,2268766,2268766,https://finance.yahoo.com/quote/LUPIN.NS/
2025-05-16,Lupin,LUPIN.NS,2040.8175048828125,2099648,2099648,https://finance.yahoo.com/quote/LUPIN.NS/
2025-05-19,Lupin,LUPIN.NS,2002.534912109375,824580,824580,https://finance.yahoo.com/quote/LUPIN.NS/
2025-05-20,Lupin,LUPIN.NS,1940.6710205078125,1568846,1568846,https://finance.yahoo.com/quote/LUPIN.NS/
2025-05-21,Lupin,LUPIN.NS,1969.3829345703125,1555298,1555298,https://finance.yahoo.com/quote/LUPIN.NS/
2025-05-22,Lupin,LUPIN.NS,1942.4468994140625,989503,989503,https://finance.yahoo.com/quote/LUPIN.NS/
2025-05-23,Lupin,LUPIN.NS,1952.510986328125,587965,587965,https://finance.yahoo.com/quote/LUPIN.NS/
2025-05-26,Lupin,LUPIN.NS,1960.799072265625,1159667,1159667,https://finance.yahoo.com/quote/LUPIN.NS/
2025-05-27,Lupin,LUPIN.NS,1943.9268798828125,672238,672238,https://finance.yahoo.com/quote/LUPIN.NS/
2025-05-28,Lupin,LUPIN.NS,1915.7083740234375,932231,932231,https://finance.yahoo.com/quote/LUPIN.NS/
2025-05-29,Lupin,LUPIN.NS,1943.828369140625,1008723,1008723,https://finance.yahoo.com/quote/LUPIN.NS/
2025-05-30,Lupin,LUPIN.NS,1931.5936279296875,1340964,1340964,https://finance.yahoo.com/quote/LUPIN.NS/
2025-06-02,Lupin,LUPIN.NS,1934.9482421875,498677,498677,https://finance.yahoo.com/quote/LUPIN.NS/
2025-06-03,Lupin,LUPIN.NS,1927.9429931640625,681118,681118,https://finance.yahoo.com/quote/LUPIN.NS/
2025-06-04,Lupin,LUPIN.NS,1918.076416015625,551337,551337,https://finance.yahoo.com/quote/LUPIN.NS/
2025-06-05,Lupin,LUPIN.NS,1968.5936279296875,1130246,1130246,https://finance.yahoo.com/quote/LUPIN.NS/
2025-06-06,Lupin,LUPIN.NS,1972.9349365234375,1289550,1289550,https://finance.yahoo.com/quote/LUPIN.NS/
2025-06-09,Lupin,LUPIN.NS,1968.0015869140625,1044214,1044214,https://finance.yahoo.com/quote/LUPIN.NS/
2025-06-10,Lupin,LUPIN.NS,1978.0655517578125,733750,733750,https://finance.yahoo.com/quote/LUPIN.NS/
2025-06-11,Lupin,LUPIN.NS,1999.574951171875,983172,983172,https://finance.yahoo.com/quote/LUPIN.NS/
2025-06-12,Lupin,LUPIN.NS,1996.22021484375,1391074,1391074,https://finance.yahoo.com/quote/LUPIN.NS/
2025-06-13,Lupin,LUPIN.NS,1972.9349365234375,475900,475900,https://finance.yahoo.com/quote/LUPIN.NS/
2025-06-16,Lupin,LUPIN.NS,1984.0843505859375,513550,513550,https://finance.yahoo.com/quote/LUPIN.NS/
2025-06-17,Lupin,LUPIN.NS,1918.076416015625,1196883,1196883,https://finance.yahoo.com/quote/LUPIN.NS/
2025-06-18,Lupin,LUPIN.NS,1927.9429931640625,994189,994189,https://finance.yahoo.com/quote/LUPIN.NS/
2025-06-19,Lupin,LUPIN.NS,1906.0391845703125,617836,617836,https://finance.yahoo.com/quote/LUPIN.NS/
2025-06-20,Lupin,LUPIN.NS,1922.0230712890625,753312,753312,https://finance.yahoo.com/quote/LUPIN.NS/
2025-06-23,Lupin,LUPIN.NS,1901.5003662109375,615853,615853,https://finance.yahoo.com/quote/LUPIN.NS/
2025-06-24,Lupin,LUPIN.NS,1905.052490234375,594546,594546,https://finance.yahoo.com/quote/LUPIN.NS/
2025-06-25,Lupin,LUPIN.NS,1909.492431640625,585479,585479,https://finance.yahoo.com/quote/LUPIN.NS/
2025-06-26,Lupin,LUPIN.NS,1902.9803466796875,1733659,1733659,https://finance.yahoo.com/quote/LUPIN.NS/
2025-06-27,Lupin,LUPIN.NS,1909.3936767578125,3591856,3591856,https://finance.yahoo.com/quote/LUPIN.NS/
2025-06-30,Lupin,LUPIN.NS,1912.1563720703125,747414,747414,https://finance.yahoo.com/quote/LUPIN.NS/
2025-07-01,Lupin,LUPIN.NS,1934.7509765625,1092022,1092022,https://finance.yahoo.com/quote/LUPIN.NS/
2025-07-02,Lupin,LUPIN.NS,1942.151123046875,1446106,1446106,https://finance.yahoo.com/quote/LUPIN.NS/
2025-07-03,Lupin,LUPIN.NS,1928.732421875,739865,739865,https://finance.yahoo.com/quote/LUPIN.NS/
2025-07-04,Lupin,LUPIN.NS,1954.484375,934950,934950,https://finance.yahoo.com/quote/LUPIN.NS/
2025-07-07,Lupin,LUPIN.NS,1952.2149658203125,475907,475907,https://finance.yahoo.com/quote/LUPIN.NS/
2025-07-08,Lupin,LUPIN.NS,1896.4683837890625,1904205,1904205,https://finance.yahoo.com/quote/LUPIN.NS/
2025-07-09,Lupin,LUPIN.NS,1888.6737060546875,1578005,1578005,https://finance.yahoo.com/quote/LUPIN.NS/
2025-07-10,Lupin,LUPIN.NS,1869.532470703125,2074057,2074057,https://finance.yahoo.com/quote/LUPIN.NS/
2025-07-11,Lupin,LUPIN.NS,1869.4337158203125,1511071,1511071,https://finance.yahoo.com/quote/LUPIN.NS/
2025-07-14,Lupin,LUPIN.NS,1900.4150390625,624180,624180,https://finance.yahoo.com/quote/LUPIN.NS/
2025-07-15,Lupin,LUPIN.NS,1924.68701171875,989778,989778,https://finance.yahoo.com/quote/LUPIN.NS/
2025-07-16,Lupin,LUPIN.NS,1904.3616943359375,562381,562381,https://finance.yahoo.com/quote/LUPIN.NS/
2025-07-17,Lupin,LUPIN.NS,1929.620361328125,582993,582993,https://finance.yahoo.com/quote/LUPIN.NS/
2025-07-18,Lupin,LUPIN.NS,1906.4337158203125,642199,642199,https://finance.yahoo.com/quote/LUPIN.NS/
2025-07-21,Lupin,LUPIN.NS,1895.383056640625,508571,508571,https://finance.yahoo.com/quote/LUPIN.NS/
2025-07-22,Lupin,LUPIN.NS,1877.8204345703125,2218870,2218870,https://finance.yahoo.com/quote/LUPIN.NS/
2025-07-23,Lupin,LUPIN.NS,1894.8897705078125,374768,374768,https://finance.yahoo.com/quote/LUPIN.NS/
2025-07-24,Lupin,LUPIN.NS,1915.5111083984375,667641,667641,https://finance.yahoo.com/quote/LUPIN.NS/
2025-07-25,Lupin,LUPIN.NS,1936.95556640625,681217,681217,https://finance.yahoo.com/quote/LUPIN.NS/
2025-07-28,Lupin,LUPIN.NS,1946.38720703125,784930,784930,https://finance.yahoo.com/quote/LUPIN.NS/
2025-07-29,Lupin,LUPIN.NS,1970.313720703125,907495,907495,https://finance.yahoo.com/quote/LUPIN.NS/
2025-07-30,Lupin,LUPIN.NS,1970.313720703125,754124,754124,https://finance.yahoo.com/quote/LUPIN.NS/
2025-07-31,Lupin,LUPIN.NS,1915.2132568359375,1105512,1105512,https://finance.yahoo.com/quote/LUPIN.NS/
2025-08-01,Lupin,LUPIN.NS,1853.858154296875,1243065,1243065,https://finance.yahoo.com/quote/LUPIN.NS/
2025-08-04,Lupin,LUPIN.NS,1868.6507568359375,515426,515426,https://finance.yahoo.com/quote/LUPIN.NS/
2025-08-05,Lupin,LUPIN.NS,1851.0782470703125,877812,877812,https://finance.yahoo.com/quote/LUPIN.NS/
2025-08-06,Lupin,LUPIN.NS,1838.4697265625,2735877,2735877,https://finance.yahoo.com/quote/LUPIN.NS/
2025-08-07,Lupin,LUPIN.NS,1930.2044677734375,4166570,4166570,https://finance.yahoo.com/quote/LUPIN.NS/
2025-08-08,Lupin,LUPIN.NS,1904.193115234375,1159423,1159423,https://finance.yahoo.com/quote/LUPIN.NS/
2025-08-11,Lupin,LUPIN.NS,1930.80029296875,1016105,1016105,https://finance.yahoo.com/quote/LUPIN.NS/
2025-08-12,Lupin,LUPIN.NS,1929.8074951171875,1091418,1091418,https://finance.yahoo.com/quote/LUPIN.NS/
2025-08-13,Lupin,LUPIN.NS,1975.476318359375,875771,875771,https://finance.yahoo.com/quote/LUPIN.NS/
2025-08-14,Lupin,LUPIN.NS,1947.479248046875,859101,859101,https://finance.yahoo.com/quote/LUPIN.NS/
2025-08-18,Lupin,LUPIN.NS,1954.131103515625,711882,711882,https://finance.yahoo.com/quote/LUPIN.NS/
2025-08-19,Lupin,LUPIN.NS,1954.4288330078125,475802,475802,https://finance.yahoo.com/quote/LUPIN.NS/
2025-08-20,Lupin,LUPIN.NS,1926.3326416015625,562011,562011,https://finance.yahoo.com/quote/LUPIN.NS/
2025-08-21,Lupin,LUPIN.NS,1948.372802734375,1128325,1128325,https://finance.yahoo.com/quote/LUPIN.NS/
2025-08-22,Lupin,LUPIN.NS,1960.4849853515625,380574,380574,https://finance.yahoo.com/quote/LUPIN.NS/
2025-08-25,Lupin,LUPIN.NS,1952.1455078125,322362,322362,https://finance.yahoo.com/quote/LUPIN.NS/
2025-08-26,Lupin,LUPIN.NS,1910.74560546875,1523467,1523467,https://finance.yahoo.com/quote/LUPIN.NS/
2025-08-28,Lupin,LUPIN.NS,1888.7054443359375,503381,503381,https://finance.yahoo.com/quote/LUPIN.NS/
2025-08-29,Lupin,LUPIN.NS,1881.2593994140625,865960,865960,https://finance.yahoo.com/quote/LUPIN.NS/
2025-09-01,Lupin,LUPIN.NS,1884.337158203125,482030,482030,https://finance.yahoo.com/quote/LUPIN.NS/
2025-09-02,Lupin,LUPIN.NS,1876.0968017578125,405325,405325,https://finance.yahoo.com/quote/LUPIN.NS/
2025-09-03,Lupin,LUPIN.NS,1937.0548095703125,607223,607223,https://finance.yahoo.com/quote/LUPIN.NS/
2025-09-04,Lupin,LUPIN.NS,1925.240478515625,382655,382655,https://finance.yahoo.com/quote/LUPIN.NS/
2025-09-05,Lupin,LUPIN.NS,1929.90673828125,319959,319959,https://finance.yahoo.com/quote/LUPIN.NS/
2025-09-08,Lupin,LUPIN.NS,1933.182861328125,329889,329889,https://finance.yahoo.com/quote/LUPIN.NS/
2025-09-09,Lupin,LUPIN.NS,1943.2103271484375,486792,486792,https://finance.yahoo.com/quote/LUPIN.NS/
2025-09-10,Lupin,LUPIN.NS,1965.448974609375,849638,849638,https://finance.yahoo.com/quote/LUPIN.NS/
2025-09-11,Lupin,LUPIN.NS,1973.689208984375,565708,565708,https://finance.yahoo.com/quote/LUPIN.NS/
2025-09-12,Lupin,LUPIN.NS,2028.6904296875,1611446,1611446,https://finance.yahoo.com/quote/LUPIN.NS/
2025-09-15,Lupin,LUPIN.NS,2031.271728515625,594605,594605,https://finance.yahoo.com/quote/LUPIN.NS/
2025-09-16,Lupin,LUPIN.NS,2037.030029296875,520267,520267,https://finance.yahoo.com/quote/LUPIN.NS/
2025-09-17,Lupin,LUPIN.NS,2016.5782470703125,672304,672304,https://finance.yahoo.com/quote/LUPIN.NS/
2025-09-18,Lupin,LUPIN.NS,2031.867431640625,453509,453509,https://finance.yahoo.com/quote/LUPIN.NS/
2025-09-19,Lupin,LUPIN.NS,2040.802734375,712388,712388,https://finance.yahoo.com/quote/LUPIN.NS/
2025-09-22,Lupin,LUPIN.NS,1989.97119140625,548456,548456,https://finance.yahoo.com/quote/LUPIN.NS/
2025-09-23,Lupin,LUPIN.NS,1992.552490234375,454836,454836,https://finance.yahoo.com/quote/LUPIN.NS/
2025-09-24,Lupin,LUPIN.NS,1976.568359375,403694,403694,https://finance.yahoo.com/quote/LUPIN.NS/
2025-09-25,Lupin,LUPIN.NS,1949.3656005859375,1382226,1382226,https://finance.yahoo.com/quote/LUPIN.NS/
2025-09-26,Lupin,LUPIN.NS,1905.980224609375,1121424,1121424,https://finance.yahoo.com/quote/LUPIN.NS/
2025-09-29,Lupin,LUPIN.NS,1919.28369140625,1513775,1513775,https://finance.yahoo.com/quote/LUPIN.NS/
2025-09-30,Lupin,LUPIN.NS,1897.5413818359375,1027361,1027361,https://finance.yahoo.com/quote/LUPIN.NS/
2025-10-01,Lupin,LUPIN.NS,1967.0374755859375,2121653,2121653,https://finance.yahoo.com/quote/LUPIN.NS/
2025-10-03,Lupin,LUPIN.NS,1959.392822265625,763789,763789,https://finance.yahoo.com/quote/LUPIN.NS/
2025-10-06,Lupin,LUPIN.NS,1923.354248046875,1001317,1001317,https://finance.yahoo.com/quote/LUPIN.NS/
2025-10-07,Lupin,LUPIN.NS,1910.9442138671875,665614,665614,https://finance.yahoo.com/quote/LUPIN.NS/
2025-10-08,Lupin,LUPIN.NS,1891.88232421875,556107,556107,https://finance.yahoo.com/quote/LUPIN.NS/
2025-10-09,Lupin,LUPIN.NS,1943.508056640625,2308301,2308301,https://finance.yahoo.com/quote/LUPIN.NS/
2025-10-10,Lupin,LUPIN.NS,1945.1959228515625,855550,855550,https://finance.yahoo.com/quote/LUPIN.NS/
2025-10-13,Lupin,LUPIN.NS,1958.2015380859375,530857,530857,https://finance.yahoo.com/quote/LUPIN.NS/
2025-10-14,Lupin,LUPIN.NS,1923.354248046875,751565,751565,https://finance.yahoo.com/quote/LUPIN.NS/
2025-10-15,Lupin,LUPIN.NS,1926.5311279296875,636814,636814,https://finance.yahoo.com/quote/LUPIN.NS/
2025-10-16,Lupin,LUPIN.NS,1937.154052734375,375071,375071,https://finance.yahoo.com/quote/LUPIN.NS/
2025-10-17,Lupin,LUPIN.NS,1926.0347900390625,869998,869998,https://finance.yahoo.com/quote/LUPIN.NS/
2025-10-20,Lupin,LUPIN.NS,1929.8074951171875,882938,882938,https://finance.yahoo.com/quote/LUPIN.NS/
2025-10-21,Lupin,LUPIN.NS,1928.3182373046875,45815,45815,https://finance.yahoo.com/quote/LUPIN.NS/
2025-10-23,Lupin,LUPIN.NS,1925.8363037109375,803342,803342,https://finance.yahoo.com/quote/LUPIN.NS/
2025-10-24,Lupin,LUPIN.NS,1917.298095703125,465760,465760,https://finance.yahoo.com/quote/LUPIN.NS/
2025-10-27,Lupin,LUPIN.NS,1909.057861328125,242757,242757,https://finance.yahoo.com/quote/LUPIN.NS/
2025-10-28,Lupin,LUPIN.NS,1904.8880615234375,669159,669159,https://finance.yahoo.com/quote/LUPIN.NS/
2025-10-29,Lupin,LUPIN.NS,1941.8203125,845205,845205,https://finance.yahoo.com/quote/LUPIN.NS/
2025-10-30,Lupin,LUPIN.NS,1931.7930908203125,943924,943924,https://finance.yahoo.com/quote/LUPIN.NS/
2025-10-31,Lupin,LUPIN.NS,1949.3656005859375,1017447,1017447,https://finance.yahoo.com/quote/LUPIN.NS/
2025-11-03,Lupin,LUPIN.NS,1969.51953125,1766857,1766857,https://finance.yahoo.com/quote/LUPIN.NS/
2025-11-04,Lupin,LUPIN.NS,1982.62451171875,1202638,1202638,https://finance.yahoo.com/quote/LUPIN.NS/
2025-11-06,Lupin,LUPIN.NS,1941.4232177734375,1405493,1405493,https://finance.yahoo.com/quote/LUPIN.NS/
2025-11-07,Lupin,LUPIN.NS,1957.60595703125,3553381,3553381,https://finance.yahoo.com/quote/LUPIN.NS/
2025-11-10,Lupin,LUPIN.NS,1975.8734130859375,1717376,1717376,https://finance.yahoo.com/quote/LUPIN.NS/
2025-11-11,Lupin,LUPIN.NS,1961.6763916015625,1666173,1666173,https://finance.yahoo.com/quote/LUPIN.NS/
2025-11-12,Lupin,LUPIN.NS,2019.2587890625,1490995,1490995,https://finance.yahoo.com/quote/LUPIN.NS/
2025-11-13,Lupin,LUPIN.NS,2038.1219482421875,1386426,1386426,https://finance.yahoo.com/quote/LUPIN.NS/
2025-11-14,Lupin,LUPIN.NS,2040.5048828125,591657,591657,https://finance.yahoo.com/quote/LUPIN.NS/
2025-11-17,Lupin,LUPIN.NS,2037.327880859375,989649,989649,https://finance.yahoo.com/quote/LUPIN.NS/
2025-11-18,Lupin,LUPIN.NS,2032.66162109375,1357360,1357360,https://finance.yahoo.com/quote/LUPIN.NS/
2025-11-19,Lupin,LUPIN.NS,2010.820068359375,684024,684024,https://finance.yahoo.com/quote/LUPIN.NS/
2025-11-20,Lupin,LUPIN.NS,2016.18115234375,603128,603128,https://finance.yahoo.com/quote/LUPIN.NS/
2025-11-21,Lupin,LUPIN.NS,2014.791259765625,2372385,2372385,https://finance.yahoo.com/quote/LUPIN.NS/
2025-11-24,Lupin,LUPIN.NS,1985.2056884765625,3126857,3126857,https://finance.yahoo.com/quote/LUPIN.NS/
2025-11-25,Lupin,LUPIN.NS,2027.598388671875,1446889,1446889,https://finance.yahoo.com/quote/LUPIN.NS/
2025-11-26,Lupin,LUPIN.NS,2056.6875,615108,615108,https://finance.yahoo.com/quote/LUPIN.NS/
2025-11-27,Lupin,LUPIN.NS,2056.48876953125,684337,684337,https://finance.yahoo.com/quote/LUPIN.NS/
2025-11-28,Lupin,LUPIN.NS,2067.211181640625,822625,822625,https://finance.yahoo.com/quote/LUPIN.NS/
2025-12-01,Lupin,LUPIN.NS,2066.9130859375,753627,753627,https://finance.yahoo.com/quote/LUPIN.NS/
2025-12-02,Lupin,LUPIN.NS,2067.70751953125,1195482,1195482,https://finance.yahoo.com/quote/LUPIN.NS/
2025-12-03,Lupin,LUPIN.NS,2065.12646484375,1097912,1097912,https://finance.yahoo.com/quote/LUPIN.NS/
2025-12-04,Lupin,LUPIN.NS,2076.940673828125,696481,696481,https://finance.yahoo.com/quote/LUPIN.NS/
2025-12-05,Lupin,LUPIN.NS,2083.691650390625,971873,971873,https://finance.yahoo.com/quote/LUPIN.NS/
2025-12-08,Lupin,LUPIN.NS,2055.7939453125,1254639,1254639,https://finance.yahoo.com/quote/LUPIN.NS/
2025-12-09,Lupin,LUPIN.NS,2037.030029296875,948623,948623,https://finance.yahoo.com/quote/LUPIN.NS/
2025-12-10,Lupin,LUPIN.NS,2040.60400390625,958328,958328,https://finance.yahoo.com/quote/LUPIN.NS/
2025-12-11,Lupin,LUPIN.NS,2066.81396484375,585053,585053,https://finance.yahoo.com/quote/LUPIN.NS/
2025-12-12,Lupin,LUPIN.NS,2098.682861328125,574240,574240,https://finance.yahoo.com/quote/LUPIN.NS/
2025-12-15,Lupin,LUPIN.NS,2077.536376953125,492484,492484,https://finance.yahoo.com/quote/LUPIN.NS/
2025-12-16,Lupin,LUPIN.NS,2075.55078125,604167,604167,https://finance.yahoo.com/quote/LUPIN.NS/
2025-12-17,Lupin,LUPIN.NS,2097.888916015625,784183,784183,https://finance.yahoo.com/quote/LUPIN.NS/
2025-12-18,Lupin,LUPIN.NS,2103.845703125,515063,515063,https://finance.yahoo.com/quote/LUPIN.NS/
2025-12-19,Lupin,LUPIN.NS,2110.497314453125,595995,595995,https://finance.yahoo.com/quote/LUPIN.NS/
2025-12-22,Lupin,LUPIN.NS,2110.99365234375,476091,476091,https://finance.yahoo.com/quote/LUPIN.NS/
2025-12-23,Lupin,LUPIN.NS,2098.285888671875,212827,212827,https://finance.yahoo.com/quote/LUPIN.NS/
2025-12-24,Lupin,LUPIN.NS,2091.83251953125,473286,473286,https://finance.yahoo.com/quote/LUPIN.NS/
2025-12-26,Lupin,LUPIN.NS,2097.193603515625,987508,987508,https://finance.yahoo.com/quote/LUPIN.NS/
2025-12-29,Lupin,LUPIN.NS,2067.112060546875,639376,639376,https://finance.yahoo.com/quote/LUPIN.NS/
2025-12-30,Lupin,LUPIN.NS,2065.424072265625,1710128,1710128,https://finance.yahoo.com/quote/LUPIN.NS/
2025-12-31,Lupin,LUPIN.NS,2094.314697265625,645858,645858,https://finance.yahoo.com/quote/LUPIN.NS/
2026-01-01,Lupin,LUPIN.NS,2087.662841796875,380593,380593,https://finance.yahoo.com/quote/LUPIN.NS/
2026-01-02,Lupin,LUPIN.NS,2090.144775390625,252908,252908,https://finance.yahoo.com/quote/LUPIN.NS/
2026-01-05,Lupin,LUPIN.NS,2068.7001953125,574277,574277,https://finance.yahoo.com/quote/LUPIN.NS/
2026-01-06,Lupin,LUPIN.NS,2134.22509765625,1795864,1795864,https://finance.yahoo.com/quote/LUPIN.NS/
2026-01-07,Lupin,LUPIN.NS,2198.3603515625,1368118,1368118,https://finance.yahoo.com/quote/LUPIN.NS/
2026-01-08,Lupin,LUPIN.NS,2175.128662109375,838882,838882,https://finance.yahoo.com/quote/LUPIN.NS/
2026-01-09,Lupin,LUPIN.NS,2166.4912109375,929502,929502,https://finance.yahoo.com/quote/LUPIN.NS/
2026-01-12,Lupin,LUPIN.NS,2172.646484375,623831,623831,https://finance.yahoo.com/quote/LUPIN.NS/
2026-01-13,Lupin,LUPIN.NS,2163.314208984375,892652,892652,https://finance.yahoo.com/quote/LUPIN.NS/
2026-01-14,Lupin,LUPIN.NS,2180.092529296875,737880,737880,https://finance.yahoo.com/quote/LUPIN.NS/
2026-01-15,Lupin,LUPIN.NS,2180.092529296875,0,0,https://finance.yahoo.com/quote/LUPIN.NS/
2026-01-16,Lupin,LUPIN.NS,2162.22216796875,1011431,1011431,https://finance.yahoo.com/quote/LUPIN.NS/
2026-01-19,Lupin,LUPIN.NS,2161.427978515625,792609,792609,https://finance.yahoo.com/quote/LUPIN.NS/
2026-01-20,Lupin,LUPIN.NS,2152.69140625,873360,873360,https://finance.yahoo.com/quote/LUPIN.NS/
2026-01-21,Lupin,LUPIN.NS,2125.2900390625,1009184,1009184,https://finance.yahoo.com/quote/LUPIN.NS/
2026-01-22,Lupin,LUPIN.NS,2147.6279296875,635760,635760,https://finance.yahoo.com/quote/LUPIN.NS/
2026-01-23,Lupin,LUPIN.NS,2121.815185546875,578417,578417,https://finance.yahoo.com/quote/LUPIN.NS/
2026-01-27,Lupin,LUPIN.NS,2135.01953125,842777,842777,https://finance.yahoo.com/quote/LUPIN.NS/
2026-01-28,Lupin,LUPIN.NS,2114.170654296875,926440,926440,https://finance.yahoo.com/quote/LUPIN.NS/
2026-01-29,Lupin,LUPIN.NS,2116.751953125,694722,694722,https://finance.yahoo.com/quote/LUPIN.NS/
2026-01-30,Lupin,LUPIN.NS,2137.302978515625,1149131,1149131,https://finance.yahoo.com/quote/LUPIN.NS/
2026-02-02,Lupin,LUPIN.NS,2114.0712890625,567484,567484,https://finance.yahoo.com/quote/LUPIN.NS/
2026-02-03,Lupin,LUPIN.NS,2170.16455078125,1252989,1252989,https://finance.yahoo.com/quote/LUPIN.NS/
2026-02-04,Lupin,LUPIN.NS,2179.397705078125,984948,984948,https://finance.yahoo.com/quote/LUPIN.NS/
2026-02-05,Lupin,LUPIN.NS,2202.530029296875,1046965,1046965,https://finance.yahoo.com/quote/LUPIN.NS/
2026-02-06,Lupin,LUPIN.NS,2158.052490234375,600785,600785,https://finance.yahoo.com/quote/LUPIN.NS/
2026-02-09,Lupin,LUPIN.NS,2180.986328125,619264,619264,https://finance.yahoo.com/quote/LUPIN.NS/
2026-02-10,Lupin,LUPIN.NS,2188.233642578125,692201,692201,https://finance.yahoo.com/quote/LUPIN.NS/
2026-02-11,Lupin,LUPIN.NS,2193.19775390625,560095,560095,https://finance.yahoo.com/quote/LUPIN.NS/
2026-02-12,Lupin,LUPIN.NS,2195.183349609375,804229,804229,https://finance.yahoo.com/quote/LUPIN.NS/
2026-02-13,Lupin,LUPIN.NS,2183.46826171875,1126141,1126141,https://finance.yahoo.com/quote/LUPIN.NS/
2026-02-16,Lupin,LUPIN.NS,2205.50830078125,1256981,1256981,https://finance.yahoo.com/quote/LUPIN.NS/
2026-02-17,Lupin,LUPIN.NS,2231.3212890625,932836,932836,https://finance.yahoo.com/quote/LUPIN.NS/
2026-02-18,Lupin,LUPIN.NS,2210.6708984375,381520,381520,https://finance.yahoo.com/quote/LUPIN.NS/
2026-02-19,Lupin,LUPIN.NS,2212.656494140625,492280,492280,https://finance.yahoo.com/quote/LUPIN.NS/
2026-02-20,Lupin,LUPIN.NS,2203.42333984375,509573,509573,https://finance.yahoo.com/quote/LUPIN.NS/
2026-02-23,Lupin,LUPIN.NS,2225.26513671875,745467,745467,https://finance.yahoo.com/quote/LUPIN.NS/
2026-02-24,Lupin,LUPIN.NS,2234.001708984375,1074791,1074791,https://finance.yahoo.com/quote/LUPIN.NS/
2026-02-25,Lupin,LUPIN.NS,2275.699462890625,1104224,1104224,https://finance.yahoo.com/quote/LUPIN.NS/
2026-02-26,Lupin,LUPIN.NS,2306.476318359375,914955,914955,https://finance.yahoo.com/quote/LUPIN.NS/
2026-02-27,Lupin,LUPIN.NS,2285.32958984375,955385,955385,https://finance.yahoo.com/quote/LUPIN.NS/
2026-03-02,Lupin,LUPIN.NS,2294.46337890625,580930,580930,https://finance.yahoo.com/quote/LUPIN.NS/
2026-03-04,Lupin,LUPIN.NS,2288.307861328125,1343538,1343538,https://finance.yahoo.com/quote/LUPIN.NS/
2026-03-05,Lupin,LUPIN.NS,2316.1064453125,1683119,1683119,https://finance.yahoo.com/quote/LUPIN.NS/
2026-03-06,Lupin,LUPIN.NS,2326.927978515625,1374145,1374145,https://finance.yahoo.com/quote/LUPIN.NS/
2026-03-09,Lupin,LUPIN.NS,2286.52099609375,852490,852490,https://finance.yahoo.com/quote/LUPIN.NS/
2026-03-10,Lupin,LUPIN.NS,2320.573974609375,1118753,1118753,https://finance.yahoo.com/quote/LUPIN.NS/
2026-03-11,Lupin,LUPIN.NS,2327.722412109375,985107,985107,https://finance.yahoo.com/quote/LUPIN.NS/
2026-03-12,Lupin,LUPIN.NS,2340.330810546875,870863,870863,https://finance.yahoo.com/quote/LUPIN.NS/
2026-03-13,Lupin,LUPIN.NS,2298.23583984375,695882,695882,https://finance.yahoo.com/quote/LUPIN.NS/
2026-03-16,Lupin,LUPIN.NS,2273.912353515625,614808,614808,https://finance.yahoo.com/quote/LUPIN.NS/
2026-03-17,Lupin,LUPIN.NS,2281.65625,723707,723707,https://finance.yahoo.com/quote/LUPIN.NS/
2026-03-18,Lupin,LUPIN.NS,2285.825927734375,1168283,1168283,https://finance.yahoo.com/quote/LUPIN.NS/
2026-03-19,Lupin,LUPIN.NS,2235.29248046875,372325,372325,https://finance.yahoo.com/quote/LUPIN.NS/
2026-03-20,Lupin,LUPIN.NS,2305.78125,1089433,1089433,https://finance.yahoo.com/quote/LUPIN.NS/
2026-03-23,Lupin,LUPIN.NS,2280.1669921875,1092156,1092156,https://finance.yahoo.com/quote/LUPIN.NS/
2026-03-24,Lupin,LUPIN.NS,2315.014404296875,1275818,1275818,https://finance.yahoo.com/quote/LUPIN.NS/
2026-03-25,Lupin,LUPIN.NS,2330.70068359375,1159296,1159296,https://finance.yahoo.com/quote/LUPIN.NS/
2026-03-27,Lupin,LUPIN.NS,2317.992919921875,951114,951114,https://finance.yahoo.com/quote/LUPIN.NS/
2026-03-30,Lupin,LUPIN.NS,2297.2431640625,1593494,1593494,https://finance.yahoo.com/quote/LUPIN.NS/
2026-04-01,Lupin,LUPIN.NS,2258.52392578125,2010354,2010354,https://finance.yahoo.com/quote/LUPIN.NS/
2026-04-02,Lupin,LUPIN.NS,2258.126953125,1231890,1231890,https://finance.yahoo.com/quote/LUPIN.NS/
2026-04-06,Lupin,LUPIN.NS,2263.48779296875,792605,792605,https://finance.yahoo.com/quote/LUPIN.NS/
2026-04-07,Lupin,LUPIN.NS,2281.755615234375,546081,546081,https://finance.yahoo.com/quote/LUPIN.NS/
2026-04-08,Lupin,LUPIN.NS,2277.5859375,1850253,1850253,https://finance.yahoo.com/quote/LUPIN.NS/
2026-04-09,Lupin,LUPIN.NS,2278.57861328125,2196761,2196761,https://finance.yahoo.com/quote/LUPIN.NS/
2026-04-10,Lupin,LUPIN.NS,2317.0,1268810,1268810,https://finance.yahoo.com/quote/LUPIN.NS/
2026-04-13,Lupin,LUPIN.NS,2298.4345703125,746223,746223,https://finance.yahoo.com/quote/LUPIN.NS/
2026-04-15,Lupin,LUPIN.NS,2322.063232421875,908344,908344,https://finance.yahoo.com/quote/LUPIN.NS/
2026-04-16,Lupin,LUPIN.NS,2310.2490234375,985698,985698,https://finance.yahoo.com/quote/LUPIN.NS/
2026-04-17,Lupin,LUPIN.NS,2309.35546875,999957,999957,https://finance.yahoo.com/quote/LUPIN.NS/
2026-04-20,Lupin,LUPIN.NS,2311.9365234375,720175,720175,https://finance.yahoo.com/quote/LUPIN.NS/
2026-04-21,Lupin,LUPIN.NS,2294.860595703125,527927,527927,https://finance.yahoo.com/quote/LUPIN.NS/
2026-04-22,Lupin,LUPIN.NS,2291.286376953125,989132,989132,https://finance.yahoo.com/quote/LUPIN.NS/
2026-04-23,Lupin,LUPIN.NS,2324.545166015625,1116471,1116471,https://finance.yahoo.com/quote/LUPIN.NS/
2026-04-24,Lupin,LUPIN.NS,2279.571533203125,1299351,1299351,https://finance.yahoo.com/quote/LUPIN.NS/
2026-04-27,Lupin,LUPIN.NS,2307.766845703125,898638,898638,https://finance.yahoo.com/quote/LUPIN.NS/
2026-04-28,Lupin,LUPIN.NS,2286.123779296875,1261666,1261666,https://finance.yahoo.com/quote/LUPIN.NS/
2026-04-29,Lupin,LUPIN.NS,2294.76123046875,706510,706510,https://finance.yahoo.com/quote/LUPIN.NS/
2026-04-30,Lupin,LUPIN.NS,2288.605712890625,1095515,1095515,https://finance.yahoo.com/quote/LUPIN.NS/
2026-05-01,Lupin,LUPIN.NS,2288.605712890625,0,0,https://finance.yahoo.com/quote/LUPIN.NS/
2026-05-04,Lupin,LUPIN.NS,2331.89208984375,1305028,1305028,https://finance.yahoo.com/quote/LUPIN.NS/
2026-05-05,Lupin,LUPIN.NS,2326.431640625,1419075,1419075,https://finance.yahoo.com/quote/LUPIN.NS/
2026-05-06,Lupin,LUPIN.NS,2425.314453125,2886186,2886186,https://finance.yahoo.com/quote/LUPIN.NS/
2026-05-07,Lupin,LUPIN.NS,2442.390869140625,1409904,1409904,https://finance.yahoo.com/quote/LUPIN.NS/
2026-05-08,Lupin,LUPIN.NS,2362.37109375,3207239,3207239,https://finance.yahoo.com/quote/LUPIN.NS/
2026-05-11,Lupin,LUPIN.NS,2239.66064453125,3278889,3278889,https://finance.yahoo.com/quote/LUPIN.NS/
2026-05-12,Lupin,LUPIN.NS,2229.236328125,1412650,1412650,https://finance.yahoo.com/quote/LUPIN.NS/
2026-05-13,Lupin,LUPIN.NS,2199.65087890625,1323687,1323687,https://finance.yahoo.com/quote/LUPIN.NS/
2026-05-14,Lupin,LUPIN.NS,2241.944091796875,1452555,1452555,https://finance.yahoo.com/quote/LUPIN.NS/
2026-05-15,Lupin,LUPIN.NS,2259.814453125,2059751,2059751,https://finance.yahoo.com/quote/LUPIN.NS/
2026-05-18,Lupin,LUPIN.NS,2236.185791015625,907343,907343,https://finance.yahoo.com/quote/LUPIN.NS/
2026-05-19,Lupin,LUPIN.NS,2270.933837890625,1242712,1242712,https://finance.yahoo.com/quote/LUPIN.NS/
2026-05-20,Lupin,LUPIN.NS,2269.047607421875,1189737,1189737,https://finance.yahoo.com/quote/LUPIN.NS/
2026-05-21,Lupin,LUPIN.NS,2268.054931640625,1224058,1224058,https://finance.yahoo.com/quote/LUPIN.NS/
2026-05-22,Lupin,LUPIN.NS,2265.374267578125,1225221,1225221,https://finance.yahoo.com/quote/LUPIN.NS/
2026-05-25,Lupin,LUPIN.NS,2270.7353515625,773725,773725,https://finance.yahoo.com/quote/LUPIN.NS/
2026-05-26,Lupin,LUPIN.NS,2249.68798828125,889172,889172,https://finance.yahoo.com/quote/LUPIN.NS/
2026-05-27,Lupin,LUPIN.NS,2260.01318359375,568728,568728,https://finance.yahoo.com/quote/LUPIN.NS/
2026-05-28,Lupin,LUPIN.NS,2260.01318359375,0,0,https://finance.yahoo.com/quote/LUPIN.NS/
2026-05-29,Lupin,LUPIN.NS,2251.375732421875,2937904,2937904,https://finance.yahoo.com/quote/LUPIN.NS/
2026-06-01,Lupin,LUPIN.NS,2246.6103515625,1482207,1482207,https://finance.yahoo.com/quote/LUPIN.NS/
2026-06-02,Lupin,LUPIN.NS,2233.604736328125,822811,822811,https://finance.yahoo.com/quote/LUPIN.NS/
2026-06-03,Lupin,LUPIN.NS,2244.922607421875,570270,570270,https://finance.yahoo.com/quote/LUPIN.NS/
2026-06-04,Lupin,LUPIN.NS,2233.604736328125,663261,663261,https://finance.yahoo.com/quote/LUPIN.NS/
2026-06-05,Lupin,LUPIN.NS,2251.375732421875,1024417,1024417,https://finance.yahoo.com/quote/LUPIN.NS/
2026-06-08,Lupin,LUPIN.NS,2238.270751953125,445006,445006,https://finance.yahoo.com/quote/LUPIN.NS/
2026-06-09,Lupin,LUPIN.NS,2247.90087890625,732939,732939,https://finance.yahoo.com/quote/LUPIN.NS/
2026-06-10,Lupin,LUPIN.NS,2231.0234375,734927,734927,https://finance.yahoo.com/quote/LUPIN.NS/
2026-06-11,Lupin,LUPIN.NS,2256.935546875,1038391,1038391,https://finance.yahoo.com/quote/LUPIN.NS/
2026-06-12,Lupin,LUPIN.NS,2276.79150390625,613853,613853,https://finance.yahoo.com/quote/LUPIN.NS/
2026-06-15,Lupin,LUPIN.NS,2256.737060546875,696820,696820,https://finance.yahoo.com/quote/LUPIN.NS/
2026-06-16,Lupin,LUPIN.NS,2261.403076171875,388578,388578,https://finance.yahoo.com/quote/LUPIN.NS/
2026-06-17,Lupin,LUPIN.NS,2255.644775390625,594226,594226,https://finance.yahoo.com/quote/LUPIN.NS/
2026-06-18,Lupin,LUPIN.NS,2310.348388671875,934007,934007,https://finance.yahoo.com/quote/LUPIN.NS/
2026-06-19,Lupin,LUPIN.NS,2334.671875,1186959,1186959,https://finance.yahoo.com/quote/LUPIN.NS/
2026-06-22,Lupin,LUPIN.NS,2323.1552734375,719167,719167,https://finance.yahoo.com/quote/LUPIN.NS/
2026-06-23,Lupin,LUPIN.NS,2340.8271484375,830828,830828,https://finance.yahoo.com/quote/LUPIN.NS/
2026-06-24,Lupin,LUPIN.NS,2350.556640625,789891,789891,https://finance.yahoo.com/quote/LUPIN.NS/
2026-06-25,Lupin,LUPIN.NS,2326.630126953125,317469,317469,https://finance.yahoo.com/quote/LUPIN.NS/
2026-06-26,Lupin,LUPIN.NS,2326.630126953125,0,0,https://finance.yahoo.com/quote/LUPIN.NS/
2026-06-29,Lupin,LUPIN.NS,2391.95654296875,2044185,2044185,https://finance.yahoo.com/quote/LUPIN.NS/
2026-06-30,Lupin,LUPIN.NS,2401.586669921875,1412728,1412728,https://finance.yahoo.com/quote/LUPIN.NS/
2026-07-01,Lupin,LUPIN.NS,2380.241455078125,470880,470880,https://finance.yahoo.com/quote/LUPIN.NS/
2026-07-02,Lupin,LUPIN.NS,2382.326416015625,584679,584679,https://finance.yahoo.com/quote/LUPIN.NS/
2026-07-03,Lupin,LUPIN.NS,2458.17626953125,939595,939595,https://finance.yahoo.com/quote/LUPIN.NS/
2026-07-06,Lupin,LUPIN.NS,2473.6640625,430477,430477,https://finance.yahoo.com/quote/LUPIN.NS/
2026-07-07,Lupin,LUPIN.NS,2472.274169921875,672247,672247,https://finance.yahoo.com/quote/LUPIN.NS/
2026-07-08,Lupin,LUPIN.NS,2441.298828125,1198711,1198711,https://finance.yahoo.com/quote/LUPIN.NS/
2026-07-09,Lupin,LUPIN.NS,2485.27978515625,570462,570462,https://finance.yahoo.com/quote/LUPIN.NS/
2026-07-10,Lupin,LUPIN.NS,2478.330322265625,568432,568432,https://finance.yahoo.com/quote/LUPIN.NS/
2026-07-13,Lupin,LUPIN.NS,2474.656982421875,672899,672899,https://finance.yahoo.com/quote/LUPIN.NS/
2026-07-14,Lupin,LUPIN.NS,2451.42529296875,811541,811541,https://finance.yahoo.com/quote/LUPIN.NS/
2026-07-15,Lupin,LUPIN.NS,2475.053955078125,821069,821069,https://finance.yahoo.com/quote/LUPIN.NS/
2026-07-16,Lupin,LUPIN.NS,2482.5,626383,626383,https://finance.yahoo.com/quote/LUPIN.NS/
2026-07-17,Lupin,LUPIN.NS,2443.199951171875,678414,678414,https://finance.yahoo.com/quote/LUPIN.NS/
2026-07-20,Lupin,LUPIN.NS,2478.5,688779,688779,https://finance.yahoo.com/quote/LUPIN.NS/
2026-07-21,Lupin,LUPIN.NS,2514.800048828125,782143,782143,https://finance.yahoo.com/quote/LUPIN.NS/
2026-07-22,Lupin,LUPIN.NS,2406.89990234375,1224924,1224924,https://finance.yahoo.com/quote/LUPIN.NS/
2026-07-23,Lupin,LUPIN.NS,2396.300048828125,684405,684405,https://finance.yahoo.com/quote/LUPIN.NS/
2026-07-24,Lupin,LUPIN.NS,2370.5,725528,725528,https://finance.yahoo.com/quote/LUPIN.NS/
2026-07-27,Lupin,LUPIN.NS,2410.0,1179096,1179096,https://finance.yahoo.com/quote/LUPIN.NS/
2026-07-28,Lupin,LUPIN.NS,2395.800048828125,607756,607756,https://finance.yahoo.com/quote/LUPIN.NS/
2026-07-29,Lupin,LUPIN.NS,2447.0,1139331,1139331,https://finance.yahoo.com/quote/LUPIN.NS/
2026-07-30,Lupin,LUPIN.NS,2421.199951171875,1069773,1069773,https://finance.yahoo.com/quote/LUPIN.NS/
2026-07-31,Lupin,LUPIN.NS,2415.0,1006308,1006308,https://finance.yahoo.com/quote/LUPIN.NS/
2026-08-03,Lupin,LUPIN.NS,2393.0,1717110,1717110,https://finance.yahoo.com/quote/LUPIN.NS/
2026-08-04,Lupin,LUPIN.NS,2410.0,1169093,1169093,https://finance.yahoo.com/quote/LUPIN.NS/
2026-08-05,Lupin,LUPIN.NS,2388.0,1494574,1494574,https://finance.yahoo.com/quote/LUPIN.NS/
2026-08-06,Lupin,LUPIN.NS,2385.0,1185492,1185492,https://finance.yahoo.com/quote/LUPIN.NS/
2026-08-07,Lupin,LUPIN.NS,2363.5,2046981,2046981,https://finance.yahoo.com/quote/LUPIN.NS/
2026-08-10,Lupin,LUPIN.NS,2300.0,3762236,3762236,https://finance.yahoo.com/quote/LUPIN.NS/
2026-08-11,Lupin,LUPIN.NS,2278.89990234375,1304449,1304449,https://finance.yahoo.com/quote/LUPIN.NS/
2026-08-12,Lupin,LUPIN.NS,2281.0,861217,861217,https://finance.yahoo.com/quote/LUPIN.NS/
2026-08-13,Lupin,LUPIN.NS,2250.300048828125,583016,583016,https://finance.yahoo.com/quote/LUPIN.NS/
2026-08-14,Lupin,LUPIN.NS,2235.0,591412,591412,https://finance.yahoo.com/quote/LUPIN.NS/
2026-08-17,Lupin,LUPIN.NS,2259.0,730234,730234,https://finance.yahoo.com/quote/LUPIN.NS/
2026-08-18,Lupin,LUPIN.NS,2232.0,694324,694324,https://finance.yahoo.com/quote/LUPIN.NS/
2026-08-19,Lupin,LUPIN.NS,2225.0,781480,781480,https://finance.yahoo.com/quote/LUPIN.NS/
2026-08-20,Lupin,LUPIN.NS,2201.5,531963,531963,https://finance.yahoo.com/quote/LUPIN.NS/
2026-08-21,Lupin,LUPIN.NS,2201.800048828125,770287,770287,https://finance.yahoo.com/quote/LUPIN.NS/
2026-08-24,Lupin,LUPIN.NS,2188.0,475169,475169,https://finance.yahoo.com/quote/LUPIN.NS/
2026-08-25,Lupin,LUPIN.NS,2175.5,545272,545272,https://finance.yahoo.com/quote/LUPIN.NS/
2026-08-26,Lupin,LUPIN.NS,2185.0,1230081,1230081,https://finance.yahoo.com/quote/LUPIN.NS/
2026-08-27,Lupin,LUPIN.NS,2158.10009765625,964354,964354,https://finance.yahoo.com/quote/LUPIN.NS/
2026-08-28,Lupin,LUPIN.NS,2171.5,348121,348121,https://finance.yahoo.com/quote/LUPIN.NS/
2026-08-31,Lupin,LUPIN.NS,2188.39990234375,1010826,1010826,https://finance.yahoo.com/quote/LUPIN.NS/
2026-09-01,Lupin,LUPIN.NS,2153.0,1298356,1298356,https://finance.yahoo.com/quote/LUPIN.NS/
2026-09-02,Lupin,LUPIN.NS,2155.199951171875,714232,714232,https://finance.yahoo.com/quote/LUPIN.NS/
2026-09-03,Lupin,LUPIN.NS,2132.0,474600,474600,https://finance.yahoo.com/quote/LUPIN.NS/
2026-09-04,Lupin,LUPIN.NS,2110.0,862828,862828,https://finance.yahoo.com/quote/LUPIN.NS/
2026-09-07,Lupin,LUPIN.NS,2105.0,819621,819621,https://finance.yahoo.com/quote/LUPIN.NS/
2026-09-08,Lupin,LUPIN.NS,2104.699951171875,713131,713131,https://finance.yahoo.com/quote/LUPIN.NS/
2026-09-09,Lupin,LUPIN.NS,2100.0,596996,596996,https://finance.yahoo.com/quote/LUPIN.NS/
2026-09-10,Lupin,LUPIN.NS,2077.800048828125,624838,624838,https://finance.yahoo.com/quote/LUPIN.NS/
2026-09-11,Lupin,LUPIN.NS,2095.0,621899,621899,https://finance.yahoo.com/quote/LUPIN.NS/
2026-09-14,Lupin,LUPIN.NS,2095.0,0,0,https://finance.yahoo.com/quote/LUPIN.NS/
2026-09-15,Lupin,LUPIN.NS,2063.199951171875,599677,599677,https://finance.yahoo.com/quote/LUPIN.NS/
2026-09-16,Lupin,LUPIN.NS,2045.0,789895,789895,https://finance.yahoo.com/quote/LUPIN.NS/
2026-09-17,Lupin,LUPIN.NS,2098.10009765625,525909,525909,https://finance.yahoo.com/quote/LUPIN.NS/
2026-09-18,Lupin,LUPIN.NS,2083.0,1194290,1194290,https://finance.yahoo.com/quote/LUPIN.NS/
2026-09-21,Lupin,LUPIN.NS,2124.5,429137,429137,https://finance.yahoo.com/quote/LUPIN.NS/
2026-09-22,Lupin,LUPIN.NS,2135.0,597568,597568,https://finance.yahoo.com/quote/LUPIN.NS/
2026-09-23,Lupin,LUPIN.NS,2102.800048828125,648814,648814,https://finance.yahoo.com/quote/LUPIN.NS/
2026-09-24,Lupin,LUPIN.NS,2100.699951171875,533164,533164,https://finance.yahoo.com/quote/LUPIN.NS/
2026-09-25,Lupin,LUPIN.NS,2092.0,431672,431672,https://finance.yahoo.com/quote/LUPIN.NS/
2026-09-28,Lupin,LUPIN.NS,2062.0,529550,529550,https://finance.yahoo.com/quote/LUPIN.NS/
2026-09-29,Lupin,LUPIN.NS,2052.10009765625,942745,942745,https://finance.yahoo.com/quote/LUPIN.NS/
2026-09-30,Lupin,LUPIN.NS,2030.199951171875,1085192,1085192,https://finance.yahoo.com/quote/LUPIN.NS/
2026-10-01,Lupin,LUPIN.NS,2031.199951171875,825892,825892,https://finance.yahoo.com/quote/LUPIN.NS/
2025-04-02,Mankind Pharma,MANKIND.NS,2420.945556640625,180549,180549,https://finance.yahoo.com/quote/MANKIND.NS/
2025-04-03,Mankind Pharma,MANKIND.NS,2426.743408203125,446510,446510,https://finance.yahoo.com/quote/MANKIND.NS/
2025-04-04,Mankind Pharma,MANKIND.NS,2450.234130859375,393371,393371,https://finance.yahoo.com/quote/MANKIND.NS/
2025-04-07,Mankind Pharma,MANKIND.NS,2382.5107421875,880194,880194,https://finance.yahoo.com/quote/MANKIND.NS/
2025-04-08,Mankind Pharma,MANKIND.NS,2346.574951171875,527892,527892,https://finance.yahoo.com/quote/MANKIND.NS/
2025-04-09,Mankind Pharma,MANKIND.NS,2313.0380859375,566926,566926,https://finance.yahoo.com/quote/MANKIND.NS/
2025-04-11,Mankind Pharma,MANKIND.NS,2349.57373046875,298765,298765,https://finance.yahoo.com/quote/MANKIND.NS/
2025-04-15,Mankind Pharma,MANKIND.NS,2425.14404296875,362005,362005,https://finance.yahoo.com/quote/MANKIND.NS/
2025-04-16,Mankind Pharma,MANKIND.NS,2519.007080078125,764066,764066,https://finance.yahoo.com/quote/MANKIND.NS/
2025-04-17,Mankind Pharma,MANKIND.NS,2580.582763671875,489420,489420,https://finance.yahoo.com/quote/MANKIND.NS/
2025-04-21,Mankind Pharma,MANKIND.NS,2587.3798828125,342055,342055,https://finance.yahoo.com/quote/MANKIND.NS/
2025-04-22,Mankind Pharma,MANKIND.NS,2578.483642578125,459584,459584,https://finance.yahoo.com/quote/MANKIND.NS/
2025-04-23,Mankind Pharma,MANKIND.NS,2544.4970703125,418141,418141,https://finance.yahoo.com/quote/MANKIND.NS/
2025-04-24,Mankind Pharma,MANKIND.NS,2598.17578125,377790,377790,https://finance.yahoo.com/quote/MANKIND.NS/
2025-04-25,Mankind Pharma,MANKIND.NS,2556.4921875,459518,459518,https://finance.yahoo.com/quote/MANKIND.NS/
2025-04-28,Mankind Pharma,MANKIND.NS,2559.390869140625,113759,113759,https://finance.yahoo.com/quote/MANKIND.NS/
2025-04-29,Mankind Pharma,MANKIND.NS,2555.892333984375,105474,105474,https://finance.yahoo.com/quote/MANKIND.NS/
2025-04-30,Mankind Pharma,MANKIND.NS,2464.32861328125,734527,734527,https://finance.yahoo.com/quote/MANKIND.NS/
2025-05-02,Mankind Pharma,MANKIND.NS,2379.56201171875,325490,325490,https://finance.yahoo.com/quote/MANKIND.NS/
2025-05-05,Mankind Pharma,MANKIND.NS,2414.4482421875,120712,120712,https://finance.yahoo.com/quote/MANKIND.NS/
2025-05-06,Mankind Pharma,MANKIND.NS,2367.7666015625,189736,189736,https://finance.yahoo.com/quote/MANKIND.NS/
2025-05-07,Mankind Pharma,MANKIND.NS,2431.44140625,315259,315259,https://finance.yahoo.com/quote/MANKIND.NS/
2025-05-08,Mankind Pharma,MANKIND.NS,2438.538818359375,272988,272988,https://finance.yahoo.com/quote/MANKIND.NS/
2025-05-09,Mankind Pharma,MANKIND.NS,2407.2509765625,567789,567789,https://finance.yahoo.com/quote/MANKIND.NS/
2025-05-12,Mankind Pharma,MANKIND.NS,2499.014892578125,445726,445726,https://finance.yahoo.com/quote/MANKIND.NS/
2025-05-13,Mankind Pharma,MANKIND.NS,2546.29638671875,401730,401730,https://finance.yahoo.com/quote/MANKIND.NS/
2025-05-14,Mankind Pharma,MANKIND.NS,2553.593505859375,307285,307285,https://finance.yahoo.com/quote/MANKIND.NS/
2025-05-15,Mankind Pharma,MANKIND.NS,2558.89111328125,141156,141156,https://finance.yahoo.com/quote/MANKIND.NS/
2025-05-16,Mankind Pharma,MANKIND.NS,2571.686279296875,182619,182619,https://finance.yahoo.com/quote/MANKIND.NS/
2025-05-19,Mankind Pharma,MANKIND.NS,2563.189453125,352051,352051,https://finance.yahoo.com/quote/MANKIND.NS/
2025-05-20,Mankind Pharma,MANKIND.NS,2548.195556640625,372767,372767,https://finance.yahoo.com/quote/MANKIND.NS/
2025-05-21,Mankind Pharma,MANKIND.NS,2530.40234375,162763,162763,https://finance.yahoo.com/quote/MANKIND.NS/
2025-05-22,Mankind Pharma,MANKIND.NS,2438.23876953125,943967,943967,https://finance.yahoo.com/quote/MANKIND.NS/
2025-05-23,Mankind Pharma,MANKIND.NS,2431.44140625,224680,224680,https://finance.yahoo.com/quote/MANKIND.NS/
2025-05-26,Mankind Pharma,MANKIND.NS,2429.34228515625,159715,159715,https://finance.yahoo.com/quote/MANKIND.NS/
2025-05-27,Mankind Pharma,MANKIND.NS,2453.832763671875,194408,194408,https://finance.yahoo.com/quote/MANKIND.NS/
2025-05-28,Mankind Pharma,MANKIND.NS,2482.8212890625,201645,201645,https://finance.yahoo.com/quote/MANKIND.NS/
2025-05-29,Mankind Pharma,MANKIND.NS,2460.830078125,208431,208431,https://finance.yahoo.com/quote/MANKIND.NS/
2025-05-30,Mankind Pharma,MANKIND.NS,2466.7275390625,821542,821542,https://finance.yahoo.com/quote/MANKIND.NS/
2025-06-02,Mankind Pharma,MANKIND.NS,2413.3486328125,386766,386766,https://finance.yahoo.com/quote/MANKIND.NS/
2025-06-03,Mankind Pharma,MANKIND.NS,2351.472900390625,526559,526559,https://finance.yahoo.com/quote/MANKIND.NS/
2025-06-04,Mankind Pharma,MANKIND.NS,2344.9755859375,370892,370892,https://finance.yahoo.com/quote/MANKIND.NS/
2025-06-05,Mankind Pharma,MANKIND.NS,2358.270263671875,190412,190412,https://finance.yahoo.com/quote/MANKIND.NS/
2025-06-06,Mankind Pharma,MANKIND.NS,2351.472900390625,353199,353199,https://finance.yahoo.com/quote/MANKIND.NS/
2025-06-09,Mankind Pharma,MANKIND.NS,2355.771240234375,324305,324305,https://finance.yahoo.com/quote/MANKIND.NS/
2025-06-10,Mankind Pharma,MANKIND.NS,2375.46337890625,511331,511331,https://finance.yahoo.com/quote/MANKIND.NS/
2025-06-11,Mankind Pharma,MANKIND.NS,2377.86279296875,536276,536276,https://finance.yahoo.com/quote/MANKIND.NS/
2025-06-12,Mankind Pharma,MANKIND.NS,2389.058349609375,449429,449429,https://finance.yahoo.com/quote/MANKIND.NS/
2025-06-13,Mankind Pharma,MANKIND.NS,2380.36181640625,192187,192187,https://finance.yahoo.com/quote/MANKIND.NS/
2025-06-16,Mankind Pharma,MANKIND.NS,2369.066162109375,251064,251064,https://finance.yahoo.com/quote/MANKIND.NS/
2025-06-17,Mankind Pharma,MANKIND.NS,2352.272705078125,209312,209312,https://finance.yahoo.com/quote/MANKIND.NS/
2025-06-18,Mankind Pharma,MANKIND.NS,2357.370849609375,415934,415934,https://finance.yahoo.com/quote/MANKIND.NS/
2025-06-19,Mankind Pharma,MANKIND.NS,2324.28369140625,180419,180419,https://finance.yahoo.com/quote/MANKIND.NS/
2025-06-20,Mankind Pharma,MANKIND.NS,2287.898193359375,1223889,1223889,https://finance.yahoo.com/quote/MANKIND.NS/
2025-06-23,Mankind Pharma,MANKIND.NS,2299.693603515625,218729,218729,https://finance.yahoo.com/quote/MANKIND.NS/
2025-06-24,Mankind Pharma,MANKIND.NS,2306.5908203125,383818,383818,https://finance.yahoo.com/quote/MANKIND.NS/
2025-06-25,Mankind Pharma,MANKIND.NS,2307.890380859375,231975,231975,https://finance.yahoo.com/quote/MANKIND.NS/
2025-06-26,Mankind Pharma,MANKIND.NS,2302.59228515625,384946,384946,https://finance.yahoo.com/quote/MANKIND.NS/
2025-06-27,Mankind Pharma,MANKIND.NS,2332.48046875,235922,235922,https://finance.yahoo.com/quote/MANKIND.NS/
2025-06-30,Mankind Pharma,MANKIND.NS,2318.885986328125,242516,242516,https://finance.yahoo.com/quote/MANKIND.NS/
2025-07-01,Mankind Pharma,MANKIND.NS,2286.098876953125,1615351,1615351,https://finance.yahoo.com/quote/MANKIND.NS/
2025-07-02,Mankind Pharma,MANKIND.NS,2383.76025390625,1642680,1642680,https://finance.yahoo.com/quote/MANKIND.NS/
2025-07-03,Mankind Pharma,MANKIND.NS,2360.769287109375,1503035,1503035,https://finance.yahoo.com/quote/MANKIND.NS/
2025-07-04,Mankind Pharma,MANKIND.NS,2438.538818359375,1061825,1061825,https://finance.yahoo.com/quote/MANKIND.NS/
2025-07-07,Mankind Pharma,MANKIND.NS,2409.4501953125,426934,426934,https://finance.yahoo.com/quote/MANKIND.NS/
2025-07-08,Mankind Pharma,MANKIND.NS,2430.74169921875,234894,234894,https://finance.yahoo.com/quote/MANKIND.NS/
2025-07-09,Mankind Pharma,MANKIND.NS,2525.6044921875,1449204,1449204,https://finance.yahoo.com/quote/MANKIND.NS/
2025-07-10,Mankind Pharma,MANKIND.NS,2542.99755859375,770756,770756,https://finance.yahoo.com/quote/MANKIND.NS/
2025-07-11,Mankind Pharma,MANKIND.NS,2577.2841796875,2780534,2780534,https://finance.yahoo.com/quote/MANKIND.NS/
2025-07-14,Mankind Pharma,MANKIND.NS,2695.4375,2132999,2132999,https://finance.yahoo.com/quote/MANKIND.NS/
2025-07-15,Mankind Pharma,MANKIND.NS,2649.955322265625,597283,597283,https://finance.yahoo.com/quote/MANKIND.NS/
2025-07-16,Mankind Pharma,MANKIND.NS,2624.46533203125,729811,729811,https://finance.yahoo.com/quote/MANKIND.NS/
2025-07-17,Mankind Pharma,MANKIND.NS,2638.260009765625,537571,537571,https://finance.yahoo.com/quote/MANKIND.NS/
2025-07-18,Mankind Pharma,MANKIND.NS,2651.2548828125,421325,421325,https://finance.yahoo.com/quote/MANKIND.NS/
2025-07-21,Mankind Pharma,MANKIND.NS,2644.957275390625,403368,403368,https://finance.yahoo.com/quote/MANKIND.NS/
2025-07-22,Mankind Pharma,MANKIND.NS,2669.44775390625,376112,376112,https://finance.yahoo.com/quote/MANKIND.NS/
2025-07-23,Mankind Pharma,MANKIND.NS,2597.975830078125,677105,677105,https://finance.yahoo.com/quote/MANKIND.NS/
2025-07-24,Mankind Pharma,MANKIND.NS,2588.479736328125,691855,691855,https://finance.yahoo.com/quote/MANKIND.NS/
2025-07-25,Mankind Pharma,MANKIND.NS,2602.3740234375,374859,374859,https://finance.yahoo.com/quote/MANKIND.NS/
2025-07-28,Mankind Pharma,MANKIND.NS,2540.5986328125,403664,403664,https://finance.yahoo.com/quote/MANKIND.NS/
2025-07-29,Mankind Pharma,MANKIND.NS,2553.693359375,496881,496881,https://finance.yahoo.com/quote/MANKIND.NS/
2025-07-30,Mankind Pharma,MANKIND.NS,2574.485107421875,763354,763354,https://finance.yahoo.com/quote/MANKIND.NS/
2025-07-31,Mankind Pharma,MANKIND.NS,2566.1884765625,454883,454883,https://finance.yahoo.com/quote/MANKIND.NS/
2025-08-01,Mankind Pharma,MANKIND.NS,2565.288818359375,537195,537195,https://finance.yahoo.com/quote/MANKIND.NS/
2025-08-04,Mankind Pharma,MANKIND.NS,2627.864013671875,540833,540833,https://finance.yahoo.com/quote/MANKIND.NS/
2025-08-05,Mankind Pharma,MANKIND.NS,2617.867919921875,477927,477927,https://finance.yahoo.com/quote/MANKIND.NS/
2025-08-06,Mankind Pharma,MANKIND.NS,2555.192626953125,420756,420756,https://finance.yahoo.com/quote/MANKIND.NS/
2025-08-07,Mankind Pharma,MANKIND.NS,2536.800048828125,693843,693843,https://finance.yahoo.com/quote/MANKIND.NS/
2025-08-08,Mankind Pharma,MANKIND.NS,2467.10009765625,700538,700538,https://finance.yahoo.com/quote/MANKIND.NS/
2025-08-11,Mankind Pharma,MANKIND.NS,2437.5,357967,357967,https://finance.yahoo.com/quote/MANKIND.NS/
2025-08-12,Mankind Pharma,MANKIND.NS,2430.699951171875,708892,708892,https://finance.yahoo.com/quote/MANKIND.NS/
2025-08-13,Mankind Pharma,MANKIND.NS,2466.0,376040,376040,https://finance.yahoo.com/quote/MANKIND.NS/
2025-08-14,Mankind Pharma,MANKIND.NS,2472.60009765625,1001061,1001061,https://finance.yahoo.com/quote/MANKIND.NS/
2025-08-18,Mankind Pharma,MANKIND.NS,2472.39990234375,510883,510883,https://finance.yahoo.com/quote/MANKIND.NS/
2025-08-19,Mankind Pharma,MANKIND.NS,2492.199951171875,513562,513562,https://finance.yahoo.com/quote/MANKIND.NS/
2025-08-20,Mankind Pharma,MANKIND.NS,2506.60009765625,390827,390827,https://finance.yahoo.com/quote/MANKIND.NS/
2025-08-21,Mankind Pharma,MANKIND.NS,2600.10009765625,1200361,1200361,https://finance.yahoo.com/quote/MANKIND.NS/
2025-08-22,Mankind Pharma,MANKIND.NS,2606.800048828125,731363,731363,https://finance.yahoo.com/quote/MANKIND.NS/
2025-08-25,Mankind Pharma,MANKIND.NS,2557.10009765625,403135,403135,https://finance.yahoo.com/quote/MANKIND.NS/
2025-08-26,Mankind Pharma,MANKIND.NS,2502.0,533860,533860,https://finance.yahoo.com/quote/MANKIND.NS/
2025-08-28,Mankind Pharma,MANKIND.NS,2474.10009765625,233219,233219,https://finance.yahoo.com/quote/MANKIND.NS/
2025-08-29,Mankind Pharma,MANKIND.NS,2471.39990234375,330123,330123,https://finance.yahoo.com/quote/MANKIND.NS/
2025-09-01,Mankind Pharma,MANKIND.NS,2520.89990234375,301064,301064,https://finance.yahoo.com/quote/MANKIND.NS/
2025-09-02,Mankind Pharma,MANKIND.NS,2543.300048828125,284743,284743,https://finance.yahoo.com/quote/MANKIND.NS/
2025-09-03,Mankind Pharma,MANKIND.NS,2559.10009765625,1013928,1013928,https://finance.yahoo.com/quote/MANKIND.NS/
2025-09-04,Mankind Pharma,MANKIND.NS,2568.89990234375,421469,421469,https://finance.yahoo.com/quote/MANKIND.NS/
2025-09-05,Mankind Pharma,MANKIND.NS,2550.60009765625,176380,176380,https://finance.yahoo.com/quote/MANKIND.NS/
2025-09-08,Mankind Pharma,MANKIND.NS,2579.39990234375,180468,180468,https://finance.yahoo.com/quote/MANKIND.NS/
2025-09-09,Mankind Pharma,MANKIND.NS,2589.300048828125,188448,188448,https://finance.yahoo.com/quote/MANKIND.NS/
2025-09-10,Mankind Pharma,MANKIND.NS,2608.5,339860,339860,https://finance.yahoo.com/quote/MANKIND.NS/
2025-09-11,Mankind Pharma,MANKIND.NS,2599.0,325644,325644,https://finance.yahoo.com/quote/MANKIND.NS/
2025-09-12,Mankind Pharma,MANKIND.NS,2579.60009765625,181489,181489,https://finance.yahoo.com/quote/MANKIND.NS/
2025-09-15,Mankind Pharma,MANKIND.NS,2585.39990234375,144695,144695,https://finance.yahoo.com/quote/MANKIND.NS/
2025-09-16,Mankind Pharma,MANKIND.NS,2569.800048828125,143608,143608,https://finance.yahoo.com/quote/MANKIND.NS/
2025-09-17,Mankind Pharma,MANKIND.NS,2570.199951171875,239496,239496,https://finance.yahoo.com/quote/MANKIND.NS/
2025-09-18,Mankind Pharma,MANKIND.NS,2638.300048828125,716293,716293,https://finance.yahoo.com/quote/MANKIND.NS/
2025-09-19,Mankind Pharma,MANKIND.NS,2660.60009765625,730701,730701,https://finance.yahoo.com/quote/MANKIND.NS/
2025-09-22,Mankind Pharma,MANKIND.NS,2594.89990234375,369548,369548,https://finance.yahoo.com/quote/MANKIND.NS/
2025-09-23,Mankind Pharma,MANKIND.NS,2564.300048828125,291468,291468,https://finance.yahoo.com/quote/MANKIND.NS/
2025-09-24,Mankind Pharma,MANKIND.NS,2529.699951171875,195372,195372,https://finance.yahoo.com/quote/MANKIND.NS/
2025-09-25,Mankind Pharma,MANKIND.NS,2526.199951171875,161047,161047,https://finance.yahoo.com/quote/MANKIND.NS/
2025-09-26,Mankind Pharma,MANKIND.NS,2482.89990234375,335153,335153,https://finance.yahoo.com/quote/MANKIND.NS/
2025-09-29,Mankind Pharma,MANKIND.NS,2462.0,309212,309212,https://finance.yahoo.com/quote/MANKIND.NS/
2025-09-30,Mankind Pharma,MANKIND.NS,2435.699951171875,390387,390387,https://finance.yahoo.com/quote/MANKIND.NS/
2025-10-01,Mankind Pharma,MANKIND.NS,2439.60009765625,218691,218691,https://finance.yahoo.com/quote/MANKIND.NS/
2025-10-03,Mankind Pharma,MANKIND.NS,2448.0,606883,606883,https://finance.yahoo.com/quote/MANKIND.NS/
2025-10-06,Mankind Pharma,MANKIND.NS,2456.300048828125,377612,377612,https://finance.yahoo.com/quote/MANKIND.NS/
2025-10-07,Mankind Pharma,MANKIND.NS,2480.699951171875,434253,434253,https://finance.yahoo.com/quote/MANKIND.NS/
2025-10-08,Mankind Pharma,MANKIND.NS,2454.89990234375,285681,285681,https://finance.yahoo.com/quote/MANKIND.NS/
2025-10-09,Mankind Pharma,MANKIND.NS,2479.39990234375,135618,135618,https://finance.yahoo.com/quote/MANKIND.NS/
2025-10-10,Mankind Pharma,MANKIND.NS,2459.89990234375,133554,133554,https://finance.yahoo.com/quote/MANKIND.NS/
2025-10-13,Mankind Pharma,MANKIND.NS,2442.5,209314,209314,https://finance.yahoo.com/quote/MANKIND.NS/
2025-10-14,Mankind Pharma,MANKIND.NS,2438.10009765625,431056,431056,https://finance.yahoo.com/quote/MANKIND.NS/
2025-10-15,Mankind Pharma,MANKIND.NS,2445.699951171875,503217,503217,https://finance.yahoo.com/quote/MANKIND.NS/
2025-10-16,Mankind Pharma,MANKIND.NS,2455.300048828125,441612,441612,https://finance.yahoo.com/quote/MANKIND.NS/
2025-10-17,Mankind Pharma,MANKIND.NS,2476.60009765625,461454,461454,https://finance.yahoo.com/quote/MANKIND.NS/
2025-10-20,Mankind Pharma,MANKIND.NS,2455.10009765625,288109,288109,https://finance.yahoo.com/quote/MANKIND.NS/
2025-10-21,Mankind Pharma,MANKIND.NS,2445.60009765625,35115,35115,https://finance.yahoo.com/quote/MANKIND.NS/
2025-10-23,Mankind Pharma,MANKIND.NS,2451.0,170162,170162,https://finance.yahoo.com/quote/MANKIND.NS/
2025-10-24,Mankind Pharma,MANKIND.NS,2432.39990234375,249600,249600,https://finance.yahoo.com/quote/MANKIND.NS/
2025-10-27,Mankind Pharma,MANKIND.NS,2416.699951171875,243007,243007,https://finance.yahoo.com/quote/MANKIND.NS/
2025-10-28,Mankind Pharma,MANKIND.NS,2406.5,271050,271050,https://finance.yahoo.com/quote/MANKIND.NS/
2025-10-29,Mankind Pharma,MANKIND.NS,2443.699951171875,125530,125530,https://finance.yahoo.com/quote/MANKIND.NS/
2025-10-30,Mankind Pharma,MANKIND.NS,2446.60009765625,280365,280365,https://finance.yahoo.com/quote/MANKIND.NS/
2025-10-31,Mankind Pharma,MANKIND.NS,2384.0,593447,593447,https://finance.yahoo.com/quote/MANKIND.NS/
2025-11-03,Mankind Pharma,MANKIND.NS,2399.5,202894,202894,https://finance.yahoo.com/quote/MANKIND.NS/
2025-11-04,Mankind Pharma,MANKIND.NS,2369.5,351828,351828,https://finance.yahoo.com/quote/MANKIND.NS/
2025-11-06,Mankind Pharma,MANKIND.NS,2309.10009765625,486278,486278,https://finance.yahoo.com/quote/MANKIND.NS/
2025-11-07,Mankind Pharma,MANKIND.NS,2261.800048828125,870303,870303,https://finance.yahoo.com/quote/MANKIND.NS/
2025-11-10,Mankind Pharma,MANKIND.NS,2236.60009765625,702898,702898,https://finance.yahoo.com/quote/MANKIND.NS/
2025-11-11,Mankind Pharma,MANKIND.NS,2220.5,428592,428592,https://finance.yahoo.com/quote/MANKIND.NS/
2025-11-12,Mankind Pharma,MANKIND.NS,2270.0,1869027,1869027,https://finance.yahoo.com/quote/MANKIND.NS/
2025-11-13,Mankind Pharma,MANKIND.NS,2257.0,585393,585393,https://finance.yahoo.com/quote/MANKIND.NS/
2025-11-14,Mankind Pharma,MANKIND.NS,2267.10009765625,606234,606234,https://finance.yahoo.com/quote/MANKIND.NS/
2025-11-17,Mankind Pharma,MANKIND.NS,2247.0,292698,292698,https://finance.yahoo.com/quote/MANKIND.NS/
2025-11-18,Mankind Pharma,MANKIND.NS,2226.89990234375,259735,259735,https://finance.yahoo.com/quote/MANKIND.NS/
2025-11-19,Mankind Pharma,MANKIND.NS,2223.10009765625,252790,252790,https://finance.yahoo.com/quote/MANKIND.NS/
2025-11-20,Mankind Pharma,MANKIND.NS,2239.5,1310952,1310952,https://finance.yahoo.com/quote/MANKIND.NS/
2025-11-21,Mankind Pharma,MANKIND.NS,2242.10009765625,563163,563163,https://finance.yahoo.com/quote/MANKIND.NS/
2025-11-24,Mankind Pharma,MANKIND.NS,2222.699951171875,710090,710090,https://finance.yahoo.com/quote/MANKIND.NS/
2025-11-25,Mankind Pharma,MANKIND.NS,2241.89990234375,294127,294127,https://finance.yahoo.com/quote/MANKIND.NS/
2025-11-26,Mankind Pharma,MANKIND.NS,2258.89990234375,591887,591887,https://finance.yahoo.com/quote/MANKIND.NS/
2025-11-27,Mankind Pharma,MANKIND.NS,2249.300048828125,390084,390084,https://finance.yahoo.com/quote/MANKIND.NS/
2025-11-28,Mankind Pharma,MANKIND.NS,2251.0,267030,267030,https://finance.yahoo.com/quote/MANKIND.NS/
2025-12-01,Mankind Pharma,MANKIND.NS,2229.800048828125,498132,498132,https://finance.yahoo.com/quote/MANKIND.NS/
2025-12-02,Mankind Pharma,MANKIND.NS,2216.39990234375,236853,236853,https://finance.yahoo.com/quote/MANKIND.NS/
2025-12-03,Mankind Pharma,MANKIND.NS,2205.60009765625,975772,975772,https://finance.yahoo.com/quote/MANKIND.NS/
2025-12-04,Mankind Pharma,MANKIND.NS,2206.300048828125,409656,409656,https://finance.yahoo.com/quote/MANKIND.NS/
2025-12-05,Mankind Pharma,MANKIND.NS,2205.5,299678,299678,https://finance.yahoo.com/quote/MANKIND.NS/
2025-12-08,Mankind Pharma,MANKIND.NS,2185.5,357285,357285,https://finance.yahoo.com/quote/MANKIND.NS/
2025-12-09,Mankind Pharma,MANKIND.NS,2180.39990234375,194411,194411,https://finance.yahoo.com/quote/MANKIND.NS/
2025-12-10,Mankind Pharma,MANKIND.NS,2148.89990234375,686977,686977,https://finance.yahoo.com/quote/MANKIND.NS/
2025-12-11,Mankind Pharma,MANKIND.NS,2166.800048828125,143510,143510,https://finance.yahoo.com/quote/MANKIND.NS/
2025-12-12,Mankind Pharma,MANKIND.NS,2178.800048828125,1107746,1107746,https://finance.yahoo.com/quote/MANKIND.NS/
2025-12-15,Mankind Pharma,MANKIND.NS,2141.199951171875,722635,722635,https://finance.yahoo.com/quote/MANKIND.NS/
2025-12-16,Mankind Pharma,MANKIND.NS,2106.0,683877,683877,https://finance.yahoo.com/quote/MANKIND.NS/
2025-12-17,Mankind Pharma,MANKIND.NS,2111.199951171875,587753,587753,https://finance.yahoo.com/quote/MANKIND.NS/
2025-12-18,Mankind Pharma,MANKIND.NS,2142.0,422234,422234,https://finance.yahoo.com/quote/MANKIND.NS/
2025-12-19,Mankind Pharma,MANKIND.NS,2172.10009765625,491349,491349,https://finance.yahoo.com/quote/MANKIND.NS/
2025-12-22,Mankind Pharma,MANKIND.NS,2186.300048828125,302826,302826,https://finance.yahoo.com/quote/MANKIND.NS/
2025-12-23,Mankind Pharma,MANKIND.NS,2229.60009765625,497596,497596,https://finance.yahoo.com/quote/MANKIND.NS/
2025-12-24,Mankind Pharma,MANKIND.NS,2193.300048828125,269610,269610,https://finance.yahoo.com/quote/MANKIND.NS/
2025-12-26,Mankind Pharma,MANKIND.NS,2193.0,254903,254903,https://finance.yahoo.com/quote/MANKIND.NS/
2025-12-29,Mankind Pharma,MANKIND.NS,2182.0,294610,294610,https://finance.yahoo.com/quote/MANKIND.NS/
2025-12-30,Mankind Pharma,MANKIND.NS,2152.5,301618,301618,https://finance.yahoo.com/quote/MANKIND.NS/
2025-12-31,Mankind Pharma,MANKIND.NS,2196.5,215961,215961,https://finance.yahoo.com/quote/MANKIND.NS/
2026-01-01,Mankind Pharma,MANKIND.NS,2164.60009765625,85103,85103,https://finance.yahoo.com/quote/MANKIND.NS/
2026-01-02,Mankind Pharma,MANKIND.NS,2202.699951171875,128332,128332,https://finance.yahoo.com/quote/MANKIND.NS/
2026-01-05,Mankind Pharma,MANKIND.NS,2195.0,161264,161264,https://finance.yahoo.com/quote/MANKIND.NS/
2026-01-06,Mankind Pharma,MANKIND.NS,2240.800048828125,295984,295984,https://finance.yahoo.com/quote/MANKIND.NS/
2026-01-07,Mankind Pharma,MANKIND.NS,2311.800048828125,980886,980886,https://finance.yahoo.com/quote/MANKIND.NS/
2026-01-08,Mankind Pharma,MANKIND.NS,2261.199951171875,271109,271109,https://finance.yahoo.com/quote/MANKIND.NS/
2026-01-09,Mankind Pharma,MANKIND.NS,2200.800048828125,396485,396485,https://finance.yahoo.com/quote/MANKIND.NS/
2026-01-12,Mankind Pharma,MANKIND.NS,2224.300048828125,145024,145024,https://finance.yahoo.com/quote/MANKIND.NS/
2026-01-13,Mankind Pharma,MANKIND.NS,2213.89990234375,261324,261324,https://finance.yahoo.com/quote/MANKIND.NS/
2026-01-14,Mankind Pharma,MANKIND.NS,2244.39990234375,255195,255195,https://finance.yahoo.com/quote/MANKIND.NS/
2026-01-15,Mankind Pharma,MANKIND.NS,2244.39990234375,0,0,https://finance.yahoo.com/quote/MANKIND.NS/
2026-01-16,Mankind Pharma,MANKIND.NS,2175.39990234375,629547,629547,https://finance.yahoo.com/quote/MANKIND.NS/
2026-01-19,Mankind Pharma,MANKIND.NS,2117.199951171875,286090,286090,https://finance.yahoo.com/quote/MANKIND.NS/
2026-01-20,Mankind Pharma,MANKIND.NS,2124.300048828125,534187,534187,https://finance.yahoo.com/quote/MANKIND.NS/
2026-01-21,Mankind Pharma,MANKIND.NS,2099.10009765625,373956,373956,https://finance.yahoo.com/quote/MANKIND.NS/
2026-01-22,Mankind Pharma,MANKIND.NS,2147.0,429287,429287,https://finance.yahoo.com/quote/MANKIND.NS/
2026-01-23,Mankind Pharma,MANKIND.NS,2107.60009765625,406709,406709,https://finance.yahoo.com/quote/MANKIND.NS/
2026-01-27,Mankind Pharma,MANKIND.NS,2094.199951171875,431208,431208,https://finance.yahoo.com/quote/MANKIND.NS/
2026-01-28,Mankind Pharma,MANKIND.NS,2116.89990234375,322350,322350,https://finance.yahoo.com/quote/MANKIND.NS/
2026-01-29,Mankind Pharma,MANKIND.NS,2100.800048828125,263563,263563,https://finance.yahoo.com/quote/MANKIND.NS/
2026-01-30,Mankind Pharma,MANKIND.NS,2124.0,535611,535611,https://finance.yahoo.com/quote/MANKIND.NS/
2026-02-02,Mankind Pharma,MANKIND.NS,2063.800048828125,333325,333325,https://finance.yahoo.com/quote/MANKIND.NS/
2026-02-03,Mankind Pharma,MANKIND.NS,2162.60009765625,778709,778709,https://finance.yahoo.com/quote/MANKIND.NS/
2026-02-04,Mankind Pharma,MANKIND.NS,2089.300048828125,950401,950401,https://finance.yahoo.com/quote/MANKIND.NS/
2026-02-05,Mankind Pharma,MANKIND.NS,2080.39990234375,273390,273390,https://finance.yahoo.com/quote/MANKIND.NS/
2026-02-06,Mankind Pharma,MANKIND.NS,2060.199951171875,344092,344092,https://finance.yahoo.com/quote/MANKIND.NS/
2026-02-09,Mankind Pharma,MANKIND.NS,2081.89990234375,224975,224975,https://finance.yahoo.com/quote/MANKIND.NS/
2026-02-10,Mankind Pharma,MANKIND.NS,2073.10009765625,260205,260205,https://finance.yahoo.com/quote/MANKIND.NS/
2026-02-11,Mankind Pharma,MANKIND.NS,2087.0,188015,188015,https://finance.yahoo.com/quote/MANKIND.NS/
2026-02-12,Mankind Pharma,MANKIND.NS,2079.0,250124,250124,https://finance.yahoo.com/quote/MANKIND.NS/
2026-02-13,Mankind Pharma,MANKIND.NS,2060.5,208497,208497,https://finance.yahoo.com/quote/MANKIND.NS/
2026-02-16,Mankind Pharma,MANKIND.NS,2083.300048828125,220437,220437,https://finance.yahoo.com/quote/MANKIND.NS/
2026-02-17,Mankind Pharma,MANKIND.NS,2062.89990234375,258057,258057,https://finance.yahoo.com/quote/MANKIND.NS/
2026-02-18,Mankind Pharma,MANKIND.NS,2075.60009765625,211151,211151,https://finance.yahoo.com/quote/MANKIND.NS/
2026-02-19,Mankind Pharma,MANKIND.NS,2039.5,743196,743196,https://finance.yahoo.com/quote/MANKIND.NS/
2026-02-20,Mankind Pharma,MANKIND.NS,2024.300048828125,205439,205439,https://finance.yahoo.com/quote/MANKIND.NS/
2026-02-23,Mankind Pharma,MANKIND.NS,2046.5999755859375,219028,219028,https://finance.yahoo.com/quote/MANKIND.NS/
2026-02-24,Mankind Pharma,MANKIND.NS,2054.699951171875,217522,217522,https://finance.yahoo.com/quote/MANKIND.NS/
2026-02-25,Mankind Pharma,MANKIND.NS,2155.699951171875,802399,802399,https://finance.yahoo.com/quote/MANKIND.NS/
2026-02-26,Mankind Pharma,MANKIND.NS,2279.699951171875,2770867,2770867,https://finance.yahoo.com/quote/MANKIND.NS/
2026-02-27,Mankind Pharma,MANKIND.NS,2247.60009765625,794739,794739,https://finance.yahoo.com/quote/MANKIND.NS/
2026-03-02,Mankind Pharma,MANKIND.NS,2245.5,545017,545017,https://finance.yahoo.com/quote/MANKIND.NS/
2026-03-04,Mankind Pharma,MANKIND.NS,2207.199951171875,687980,687980,https://finance.yahoo.com/quote/MANKIND.NS/
2026-03-05,Mankind Pharma,MANKIND.NS,2226.39990234375,312313,312313,https://finance.yahoo.com/quote/MANKIND.NS/
2026-03-06,Mankind Pharma,MANKIND.NS,2187.0,350723,350723,https://finance.yahoo.com/quote/MANKIND.NS/
2026-03-09,Mankind Pharma,MANKIND.NS,2163.300048828125,826127,826127,https://finance.yahoo.com/quote/MANKIND.NS/
2026-03-10,Mankind Pharma,MANKIND.NS,2237.699951171875,1043920,1043920,https://finance.yahoo.com/quote/MANKIND.NS/
2026-03-11,Mankind Pharma,MANKIND.NS,2243.800048828125,415703,415703,https://finance.yahoo.com/quote/MANKIND.NS/
2026-03-12,Mankind Pharma,MANKIND.NS,2207.89990234375,310028,310028,https://finance.yahoo.com/quote/MANKIND.NS/
2026-03-13,Mankind Pharma,MANKIND.NS,2138.89990234375,801859,801859,https://finance.yahoo.com/quote/MANKIND.NS/
2026-03-16,Mankind Pharma,MANKIND.NS,2094.699951171875,332072,332072,https://finance.yahoo.com/quote/MANKIND.NS/
2026-03-17,Mankind Pharma,MANKIND.NS,2068.199951171875,449927,449927,https://finance.yahoo.com/quote/MANKIND.NS/
2026-03-18,Mankind Pharma,MANKIND.NS,2103.10009765625,317917,317917,https://finance.yahoo.com/quote/MANKIND.NS/
2026-03-19,Mankind Pharma,MANKIND.NS,2000.800048828125,836827,836827,https://finance.yahoo.com/quote/MANKIND.NS/
2026-03-20,Mankind Pharma,MANKIND.NS,2000.0,1185624,1185624,https://finance.yahoo.com/quote/MANKIND.NS/
2026-03-23,Mankind Pharma,MANKIND.NS,1927.4000244140625,654194,654194,https://finance.yahoo.com/quote/MANKIND.NS/
2026-03-24,Mankind Pharma,MANKIND.NS,1987.800048828125,728680,728680,https://finance.yahoo.com/quote/MANKIND.NS/
2026-03-25,Mankind Pharma,MANKIND.NS,2024.0,835417,835417,https://finance.yahoo.com/quote/MANKIND.NS/
2026-03-27,Mankind Pharma,MANKIND.NS,2038.800048828125,542413,542413,https://finance.yahoo.com/quote/MANKIND.NS/
2026-03-30,Mankind Pharma,MANKIND.NS,2005.800048828125,609779,609779,https://finance.yahoo.com/quote/MANKIND.NS/
2026-04-01,Mankind Pharma,MANKIND.NS,2001.300048828125,961650,961650,https://finance.yahoo.com/quote/MANKIND.NS/
2026-04-02,Mankind Pharma,MANKIND.NS,1998.5,593771,593771,https://finance.yahoo.com/quote/MANKIND.NS/
2026-04-06,Mankind Pharma,MANKIND.NS,2017.699951171875,532381,532381,https://finance.yahoo.com/quote/MANKIND.NS/
2026-04-07,Mankind Pharma,MANKIND.NS,2040.0999755859375,192700,192700,https://finance.yahoo.com/quote/MANKIND.NS/
2026-04-08,Mankind Pharma,MANKIND.NS,2041.9000244140625,640289,640289,https://finance.yahoo.com/quote/MANKIND.NS/
2026-04-09,Mankind Pharma,MANKIND.NS,2054.199951171875,232935,232935,https://finance.yahoo.com/quote/MANKIND.NS/
2026-04-10,Mankind Pharma,MANKIND.NS,2079.0,307517,307517,https://finance.yahoo.com/quote/MANKIND.NS/
2026-04-13,Mankind Pharma,MANKIND.NS,2077.39990234375,644196,644196,https://finance.yahoo.com/quote/MANKIND.NS/
2026-04-15,Mankind Pharma,MANKIND.NS,2122.39990234375,533586,533586,https://finance.yahoo.com/quote/MANKIND.NS/
2026-04-16,Mankind Pharma,MANKIND.NS,2104.39990234375,567022,567022,https://finance.yahoo.com/quote/MANKIND.NS/
2026-04-17,Mankind Pharma,MANKIND.NS,2125.0,549298,549298,https://finance.yahoo.com/quote/MANKIND.NS/
2026-04-20,Mankind Pharma,MANKIND.NS,2144.0,297462,297462,https://finance.yahoo.com/quote/MANKIND.NS/
2026-04-21,Mankind Pharma,MANKIND.NS,2200.0,471362,471362,https://finance.yahoo.com/quote/MANKIND.NS/
2026-04-22,Mankind Pharma,MANKIND.NS,2235.0,420214,420214,https://finance.yahoo.com/quote/MANKIND.NS/
2026-04-23,Mankind Pharma,MANKIND.NS,2292.89990234375,1055117,1055117,https://finance.yahoo.com/quote/MANKIND.NS/
2026-04-24,Mankind Pharma,MANKIND.NS,2267.39990234375,293014,293014,https://finance.yahoo.com/quote/MANKIND.NS/
2026-04-27,Mankind Pharma,MANKIND.NS,2268.699951171875,412688,412688,https://finance.yahoo.com/quote/MANKIND.NS/
2026-04-28,Mankind Pharma,MANKIND.NS,2264.39990234375,286681,286681,https://finance.yahoo.com/quote/MANKIND.NS/
2026-04-29,Mankind Pharma,MANKIND.NS,2256.800048828125,273192,273192,https://finance.yahoo.com/quote/MANKIND.NS/
2026-04-30,Mankind Pharma,MANKIND.NS,2246.699951171875,187564,187564,https://finance.yahoo.com/quote/MANKIND.NS/
2026-05-04,Mankind Pharma,MANKIND.NS,2257.800048828125,162425,162425,https://finance.yahoo.com/quote/MANKIND.NS/
2026-05-05,Mankind Pharma,MANKIND.NS,2319.5,407291,407291,https://finance.yahoo.com/quote/MANKIND.NS/
2026-05-06,Mankind Pharma,MANKIND.NS,2361.0,855490,855490,https://finance.yahoo.com/quote/MANKIND.NS/
2026-05-07,Mankind Pharma,MANKIND.NS,2375.199951171875,667170,667170,https://finance.yahoo.com/quote/MANKIND.NS/
2026-05-08,Mankind Pharma,MANKIND.NS,2430.800048828125,1078929,1078929,https://finance.yahoo.com/quote/MANKIND.NS/
2026-05-11,Mankind Pharma,MANKIND.NS,2468.800048828125,672282,672282,https://finance.yahoo.com/quote/MANKIND.NS/
2026-05-12,Mankind Pharma,MANKIND.NS,2378.89990234375,553734,553734,https://finance.yahoo.com/quote/MANKIND.NS/
2026-05-13,Mankind Pharma,MANKIND.NS,2407.60009765625,595559,595559,https://finance.yahoo.com/quote/MANKIND.NS/
2026-05-14,Mankind Pharma,MANKIND.NS,2462.199951171875,497725,497725,https://finance.yahoo.com/quote/MANKIND.NS/
2026-05-15,Mankind Pharma,MANKIND.NS,2503.0,1120942,1120942,https://finance.yahoo.com/quote/MANKIND.NS/
2026-05-18,Mankind Pharma,MANKIND.NS,2495.699951171875,314252,314252,https://finance.yahoo.com/quote/MANKIND.NS/
2026-05-19,Mankind Pharma,MANKIND.NS,2492.60009765625,574210,574210,https://finance.yahoo.com/quote/MANKIND.NS/
2026-05-20,Mankind Pharma,MANKIND.NS,2583.89990234375,4089986,4089986,https://finance.yahoo.com/quote/MANKIND.NS/
2026-05-21,Mankind Pharma,MANKIND.NS,2514.10009765625,1813187,1813187,https://finance.yahoo.com/quote/MANKIND.NS/
2026-05-22,Mankind Pharma,MANKIND.NS,2479.39990234375,680384,680384,https://finance.yahoo.com/quote/MANKIND.NS/
2026-05-25,Mankind Pharma,MANKIND.NS,2457.5,645837,645837,https://finance.yahoo.com/quote/MANKIND.NS/
2026-05-26,Mankind Pharma,MANKIND.NS,2423.60009765625,442713,442713,https://finance.yahoo.com/quote/MANKIND.NS/
2026-05-27,Mankind Pharma,MANKIND.NS,2420.39990234375,424138,424138,https://finance.yahoo.com/quote/MANKIND.NS/
2026-05-28,Mankind Pharma,MANKIND.NS,2420.39990234375,0,0,https://finance.yahoo.com/quote/MANKIND.NS/
2026-05-29,Mankind Pharma,MANKIND.NS,2375.60009765625,2347838,2347838,https://finance.yahoo.com/quote/MANKIND.NS/
2026-06-01,Mankind Pharma,MANKIND.NS,2320.199951171875,285229,285229,https://finance.yahoo.com/quote/MANKIND.NS/
2026-06-02,Mankind Pharma,MANKIND.NS,2299.0,777828,777828,https://finance.yahoo.com/quote/MANKIND.NS/
2026-06-03,Mankind Pharma,MANKIND.NS,2369.5,1012891,1012891,https://finance.yahoo.com/quote/MANKIND.NS/
2026-06-04,Mankind Pharma,MANKIND.NS,2353.0,387667,387667,https://finance.yahoo.com/quote/MANKIND.NS/
2026-06-05,Mankind Pharma,MANKIND.NS,2336.10009765625,160181,160181,https://finance.yahoo.com/quote/MANKIND.NS/
2026-06-08,Mankind Pharma,MANKIND.NS,2357.39990234375,291943,291943,https://finance.yahoo.com/quote/MANKIND.NS/
2026-06-09,Mankind Pharma,MANKIND.NS,2391.0,313423,313423,https://finance.yahoo.com/quote/MANKIND.NS/
2026-06-10,Mankind Pharma,MANKIND.NS,2376.199951171875,363531,363531,https://finance.yahoo.com/quote/MANKIND.NS/
2026-06-11,Mankind Pharma,MANKIND.NS,2372.699951171875,275897,275897,https://finance.yahoo.com/quote/MANKIND.NS/
2026-06-12,Mankind Pharma,MANKIND.NS,2381.10009765625,286099,286099,https://finance.yahoo.com/quote/MANKIND.NS/
2026-06-15,Mankind Pharma,MANKIND.NS,2380.300048828125,395333,395333,https://finance.yahoo.com/quote/MANKIND.NS/
2026-06-16,Mankind Pharma,MANKIND.NS,2356.199951171875,284842,284842,https://finance.yahoo.com/quote/MANKIND.NS/
2026-06-17,Mankind Pharma,MANKIND.NS,2364.10009765625,157426,157426,https://finance.yahoo.com/quote/MANKIND.NS/
2026-06-18,Mankind Pharma,MANKIND.NS,2406.0,492332,492332,https://finance.yahoo.com/quote/MANKIND.NS/
2026-06-19,Mankind Pharma,MANKIND.NS,2414.199951171875,484809,484809,https://finance.yahoo.com/quote/MANKIND.NS/
2026-06-22,Mankind Pharma,MANKIND.NS,2538.300048828125,983998,983998,https://finance.yahoo.com/quote/MANKIND.NS/
2026-06-23,Mankind Pharma,MANKIND.NS,2528.60009765625,1323117,1323117,https://finance.yahoo.com/quote/MANKIND.NS/
2026-06-24,Mankind Pharma,MANKIND.NS,2483.0,579219,579219,https://finance.yahoo.com/quote/MANKIND.NS/
2026-06-25,Mankind Pharma,MANKIND.NS,2462.300048828125,408477,408477,https://finance.yahoo.com/quote/MANKIND.NS/
2026-06-26,Mankind Pharma,MANKIND.NS,2462.300048828125,0,0,https://finance.yahoo.com/quote/MANKIND.NS/
2026-06-29,Mankind Pharma,MANKIND.NS,2486.0,437926,437926,https://finance.yahoo.com/quote/MANKIND.NS/
2026-06-30,Mankind Pharma,MANKIND.NS,2545.60009765625,754284,754284,https://finance.yahoo.com/quote/MANKIND.NS/
2026-07-01,Mankind Pharma,MANKIND.NS,2490.300048828125,211335,211335,https://finance.yahoo.com/quote/MANKIND.NS/
2026-07-02,Mankind Pharma,MANKIND.NS,2486.89990234375,180318,180318,https://finance.yahoo.com/quote/MANKIND.NS/
2026-07-03,Mankind Pharma,MANKIND.NS,2528.60009765625,392427,392427,https://finance.yahoo.com/quote/MANKIND.NS/
2026-07-06,Mankind Pharma,MANKIND.NS,2541.5,208299,208299,https://finance.yahoo.com/quote/MANKIND.NS/
2026-07-07,Mankind Pharma,MANKIND.NS,2527.39990234375,277544,277544,https://finance.yahoo.com/quote/MANKIND.NS/
2026-07-08,Mankind Pharma,MANKIND.NS,2491.199951171875,274175,274175,https://finance.yahoo.com/quote/MANKIND.NS/
2026-07-09,Mankind Pharma,MANKIND.NS,2532.0,205083,205083,https://finance.yahoo.com/quote/MANKIND.NS/
2026-07-10,Mankind Pharma,MANKIND.NS,2525.10009765625,524763,524763,https://finance.yahoo.com/quote/MANKIND.NS/
2026-07-13,Mankind Pharma,MANKIND.NS,2507.5,289767,289767,https://finance.yahoo.com/quote/MANKIND.NS/
2026-07-14,Mankind Pharma,MANKIND.NS,2531.10009765625,247728,247728,https://finance.yahoo.com/quote/MANKIND.NS/
2026-07-15,Mankind Pharma,MANKIND.NS,2543.10009765625,1273173,1273173,https://finance.yahoo.com/quote/MANKIND.NS/
2026-07-16,Mankind Pharma,MANKIND.NS,2546.0,344420,344420,https://finance.yahoo.com/quote/MANKIND.NS/
2026-07-17,Mankind Pharma,MANKIND.NS,2484.199951171875,361947,361947,https://finance.yahoo.com/quote/MANKIND.NS/
2026-07-20,Mankind Pharma,MANKIND.NS,2565.800048828125,587022,587022,https://finance.yahoo.com/quote/MANKIND.NS/
2026-07-21,Mankind Pharma,MANKIND.NS,2579.5,165906,165906,https://finance.yahoo.com/quote/MANKIND.NS/
2026-07-22,Mankind Pharma,MANKIND.NS,2544.699951171875,294168,294168,https://finance.yahoo.com/quote/MANKIND.NS/
2026-07-23,Mankind Pharma,MANKIND.NS,2557.39990234375,236687,236687,https://finance.yahoo.com/quote/MANKIND.NS/
2026-07-24,Mankind Pharma,MANKIND.NS,2507.199951171875,186027,186027,https://finance.yahoo.com/quote/MANKIND.NS/
2026-07-27,Mankind Pharma,MANKIND.NS,2551.60009765625,185805,185805,https://finance.yahoo.com/quote/MANKIND.NS/
2026-07-28,Mankind Pharma,MANKIND.NS,2617.89990234375,610061,610061,https://finance.yahoo.com/quote/MANKIND.NS/
2026-07-29,Mankind Pharma,MANKIND.NS,2592.699951171875,309498,309498,https://finance.yahoo.com/quote/MANKIND.NS/
2026-07-30,Mankind Pharma,MANKIND.NS,2575.89990234375,294648,294648,https://finance.yahoo.com/quote/MANKIND.NS/
2026-07-31,Mankind Pharma,MANKIND.NS,2469.60009765625,2362283,2362283,https://finance.yahoo.com/quote/MANKIND.NS/
2026-08-03,Mankind Pharma,MANKIND.NS,2483.0,639674,639674,https://finance.yahoo.com/quote/MANKIND.NS/
2026-08-04,Mankind Pharma,MANKIND.NS,2438.0,346444,346444,https://finance.yahoo.com/quote/MANKIND.NS/
2026-08-05,Mankind Pharma,MANKIND.NS,2435.60009765625,157619,157619,https://finance.yahoo.com/quote/MANKIND.NS/
2026-08-06,Mankind Pharma,MANKIND.NS,2420.300048828125,241909,241909,https://finance.yahoo.com/quote/MANKIND.NS/
2026-08-07,Mankind Pharma,MANKIND.NS,2456.0,167663,167663,https://finance.yahoo.com/quote/MANKIND.NS/
2026-08-10,Mankind Pharma,MANKIND.NS,2438.0,230964,230964,https://finance.yahoo.com/quote/MANKIND.NS/
2026-08-11,Mankind Pharma,MANKIND.NS,2425.0,229702,229702,https://finance.yahoo.com/quote/MANKIND.NS/
2026-08-12,Mankind Pharma,MANKIND.NS,2433.10009765625,754503,754503,https://finance.yahoo.com/quote/MANKIND.NS/
2026-08-13,Mankind Pharma,MANKIND.NS,2404.39990234375,129086,129086,https://finance.yahoo.com/quote/MANKIND.NS/
2026-08-14,Mankind Pharma,MANKIND.NS,2425.199951171875,465158,465158,https://finance.yahoo.com/quote/MANKIND.NS/
2026-08-17,Mankind Pharma,MANKIND.NS,2380.89990234375,810528,810528,https://finance.yahoo.com/quote/MANKIND.NS/
2026-08-18,Mankind Pharma,MANKIND.NS,2380.0,366118,366118,https://finance.yahoo.com/quote/MANKIND.NS/
2026-08-19,Mankind Pharma,MANKIND.NS,2394.0,370273,370273,https://finance.yahoo.com/quote/MANKIND.NS/
2026-08-20,Mankind Pharma,MANKIND.NS,2385.0,307625,307625,https://finance.yahoo.com/quote/MANKIND.NS/
2026-08-21,Mankind Pharma,MANKIND.NS,2384.0,343261,343261,https://finance.yahoo.com/quote/MANKIND.NS/
2026-08-24,Mankind Pharma,MANKIND.NS,2374.5,130471,130471,https://finance.yahoo.com/quote/MANKIND.NS/
2026-08-25,Mankind Pharma,MANKIND.NS,2365.0,415562,415562,https://finance.yahoo.com/quote/MANKIND.NS/
2026-08-26,Mankind Pharma,MANKIND.NS,2393.699951171875,513001,513001,https://finance.yahoo.com/quote/MANKIND.NS/
2026-08-27,Mankind Pharma,MANKIND.NS,2417.5,322167,322167,https://finance.yahoo.com/quote/MANKIND.NS/
2026-08-28,Mankind Pharma,MANKIND.NS,2382.89990234375,190737,190737,https://finance.yahoo.com/quote/MANKIND.NS/
2026-08-31,Mankind Pharma,MANKIND.NS,2419.199951171875,391957,391957,https://finance.yahoo.com/quote/MANKIND.NS/
2026-09-01,Mankind Pharma,MANKIND.NS,2356.5,282979,282979,https://finance.yahoo.com/quote/MANKIND.NS/
2026-09-02,Mankind Pharma,MANKIND.NS,2391.5,334009,334009,https://finance.yahoo.com/quote/MANKIND.NS/
2026-09-03,Mankind Pharma,MANKIND.NS,2368.800048828125,98805,98805,https://finance.yahoo.com/quote/MANKIND.NS/
2026-09-04,Mankind Pharma,MANKIND.NS,2327.89990234375,122389,122389,https://finance.yahoo.com/quote/MANKIND.NS/
2026-09-07,Mankind Pharma,MANKIND.NS,2318.0,153500,153500,https://finance.yahoo.com/quote/MANKIND.NS/
2026-09-08,Mankind Pharma,MANKIND.NS,2309.0,186335,186335,https://finance.yahoo.com/quote/MANKIND.NS/
2026-09-09,Mankind Pharma,MANKIND.NS,2265.0,266219,266219,https://finance.yahoo.com/quote/MANKIND.NS/
2026-09-10,Mankind Pharma,MANKIND.NS,2238.39990234375,180515,180515,https://finance.yahoo.com/quote/MANKIND.NS/
2026-09-11,Mankind Pharma,MANKIND.NS,2280.0,530698,530698,https://finance.yahoo.com/quote/MANKIND.NS/
2026-09-14,Mankind Pharma,MANKIND.NS,2280.0,0,0,https://finance.yahoo.com/quote/MANKIND.NS/
2026-09-15,Mankind Pharma,MANKIND.NS,2280.5,446450,446450,https://finance.yahoo.com/quote/MANKIND.NS/
2026-09-16,Mankind Pharma,MANKIND.NS,2246.0,650768,650768,https://finance.yahoo.com/quote/MANKIND.NS/
2026-09-17,Mankind Pharma,MANKIND.NS,2300.0,488064,488064,https://finance.yahoo.com/quote/MANKIND.NS/
2026-09-18,Mankind Pharma,MANKIND.NS,2300.699951171875,484552,484552,https://finance.yahoo.com/quote/MANKIND.NS/
2026-09-21,Mankind Pharma,MANKIND.NS,2437.800048828125,1342757,1342757,https://finance.yahoo.com/quote/MANKIND.NS/
2026-09-22,Mankind Pharma,MANKIND.NS,2480.0,667075,667075,https://finance.yahoo.com/quote/MANKIND.NS/
2026-09-23,Mankind Pharma,MANKIND.NS,2465.0,352575,352575,https://finance.yahoo.com/quote/MANKIND.NS/
2026-09-24,Mankind Pharma,MANKIND.NS,2500.0,447288,447288,https://finance.yahoo.com/quote/MANKIND.NS/
2026-09-25,Mankind Pharma,MANKIND.NS,2474.89990234375,333769,333769,https://finance.yahoo.com/quote/MANKIND.NS/
2026-09-28,Mankind Pharma,MANKIND.NS,2435.60009765625,388832,388832,https://finance.yahoo.com/quote/MANKIND.NS/
2026-09-29,Mankind Pharma,MANKIND.NS,2545.0,1973968,1973968,https://finance.yahoo.com/quote/MANKIND.NS/
2026-09-30,Mankind Pharma,MANKIND.NS,2503.800048828125,1311278,1311278,https://finance.yahoo.com/quote/MANKIND.NS/
2026-10-01,Mankind Pharma,MANKIND.NS,2535.0,427905,427905,https://finance.yahoo.com/quote/MANKIND.NS/
2025-04-02,Piramal Pharma,PPLPHARMA.NS,227.8523712158203,3362966,3362966,https://finance.yahoo.com/quote/PPLPHARMA.NS/
2025-04-03,Piramal Pharma,PPLPHARMA.NS,229.9610137939453,10763989,10763989,https://finance.yahoo.com/quote/PPLPHARMA.NS/
2025-04-04,Piramal Pharma,PPLPHARMA.NS,222.17605590820312,6645000,6645000,https://finance.yahoo.com/quote/PPLPHARMA.NS/
2025-04-07,Piramal Pharma,PPLPHARMA.NS,216.74957275390625,5267940,5267940,https://finance.yahoo.com/quote/PPLPHARMA.NS/
2025-04-08,Piramal Pharma,PPLPHARMA.NS,221.41653442382812,3781107,3781107,https://finance.yahoo.com/quote/PPLPHARMA.NS/
2025-04-09,Piramal Pharma,PPLPHARMA.NS,208.23507690429688,6114703,6114703,https://finance.yahoo.com/quote/PPLPHARMA.NS/
2025-04-11,Piramal Pharma,PPLPHARMA.NS,219.6876678466797,7564025,7564025,https://finance.yahoo.com/quote/PPLPHARMA.NS/
2025-04-15,Piramal Pharma,PPLPHARMA.NS,222.3759307861328,2425182,2425182,https://finance.yahoo.com/quote/PPLPHARMA.NS/
2025-04-16,Piramal Pharma,PPLPHARMA.NS,221.6963653564453,1843619,1843619,https://finance.yahoo.com/quote/PPLPHARMA.NS/
2025-04-17,Piramal Pharma,PPLPHARMA.NS,220.2672882080078,1650492,1650492,https://finance.yahoo.com/quote/PPLPHARMA.NS/
2025-04-21,Piramal Pharma,PPLPHARMA.NS,220.61705017089844,3207094,3207094,https://finance.yahoo.com/quote/PPLPHARMA.NS/
2025-04-22,Piramal Pharma,PPLPHARMA.NS,224.31466674804688,5712173,5712173,https://finance.yahoo.com/quote/PPLPHARMA.NS/
2025-04-23,Piramal Pharma,PPLPHARMA.NS,223.47520446777344,2475855,2475855,https://finance.yahoo.com/quote/PPLPHARMA.NS/
2025-04-24,Piramal Pharma,PPLPHARMA.NS,219.72763061523438,4924400,4924400,https://finance.yahoo.com/quote/PPLPHARMA.NS/
2025-04-25,Piramal Pharma,PPLPHARMA.NS,216.1099853515625,3966837,3966837,https://finance.yahoo.com/quote/PPLPHARMA.NS/
2025-04-28,Piramal Pharma,PPLPHARMA.NS,214.67091369628906,4065651,4065651,https://finance.yahoo.com/quote/PPLPHARMA.NS/
2025-04-29,Piramal Pharma,PPLPHARMA.NS,211.82276916503906,3353557,3353557,https://finance.yahoo.com/quote/PPLPHARMA.NS/
2025-04-30,Piramal Pharma,PPLPHARMA.NS,210.91334533691406,3050996,3050996,https://finance.yahoo.com/quote/PPLPHARMA.NS/
2025-05-02,Piramal Pharma,PPLPHARMA.NS,211.12319946289062,1922727,1922727,https://finance.yahoo.com/quote/PPLPHARMA.NS/
2025-05-05,Piramal Pharma,PPLPHARMA.NS,212.11256408691406,3299944,3299944,https://finance.yahoo.com/quote/PPLPHARMA.NS/
2025-05-06,Piramal Pharma,PPLPHARMA.NS,206.58615112304688,2024597,2024597,https://finance.yahoo.com/quote/PPLPHARMA.NS/
2025-05-07,Piramal Pharma,PPLPHARMA.NS,213.5016632080078,3541202,3541202,https://finance.yahoo.com/quote/PPLPHARMA.NS/
2025-05-08,Piramal Pharma,PPLPHARMA.NS,205.87660217285156,3196036,3196036,https://finance.yahoo.com/quote/PPLPHARMA.NS/
2025-05-09,Piramal Pharma,PPLPHARMA.NS,207.63548278808594,3347904,3347904,https://finance.yahoo.com/quote/PPLPHARMA.NS/
2025-05-12,Piramal Pharma,PPLPHARMA.NS,211.86273193359375,5657952,5657952,https://finance.yahoo.com/quote/PPLPHARMA.NS/
2025-05-13,Piramal Pharma,PPLPHARMA.NS,214.70089721679688,5750541,5750541,https://finance.yahoo.com/quote/PPLPHARMA.NS/
2025-05-14,Piramal Pharma,PPLPHARMA.NS,218.89816284179688,3544279,3544279,https://finance.yahoo.com/quote/PPLPHARMA.NS/
2025-05-15,Piramal Pharma,PPLPHARMA.NS,208.4749298095703,14433985,14433985,https://finance.yahoo.com/quote/PPLPHARMA.NS/
2025-05-16,Piramal Pharma,PPLPHARMA.NS,204.7373504638672,7184164,7184164,https://finance.yahoo.com/quote/PPLPHARMA.NS/
2025-05-19,Piramal Pharma,PPLPHARMA.NS,205.29698181152344,4935306,4935306,https://finance.yahoo.com/quote/PPLPHARMA.NS/
2025-05-20,Piramal Pharma,PPLPHARMA.NS,205.64675903320312,3465186,3465186,https://finance.yahoo.com/quote/PPLPHARMA.NS/
2025-05-21,Piramal Pharma,PPLPHARMA.NS,206.01651000976562,2415290,2415290,https://finance.yahoo.com/quote/PPLPHARMA.NS/
2025-05-22,Piramal Pharma,PPLPHARMA.NS,206.18641662597656,1669892,1669892,https://finance.yahoo.com/quote/PPLPHARMA.NS/
2025-05-23,Piramal Pharma,PPLPHARMA.NS,205.19705200195312,3515998,3515998,https://finance.yahoo.com/quote/PPLPHARMA.NS/
2025-05-26,Piramal Pharma,PPLPHARMA.NS,205.13710021972656,2335413,2335413,https://finance.yahoo.com/quote/PPLPHARMA.NS/
2025-05-27,Piramal Pharma,PPLPHARMA.NS,203.19834899902344,2985572,2985572,https://finance.yahoo.com/quote/PPLPHARMA.NS/
2025-05-28,Piramal Pharma,PPLPHARMA.NS,202.74864196777344,3508875,3508875,https://finance.yahoo.com/quote/PPLPHARMA.NS/
2025-05-29,Piramal Pharma,PPLPHARMA.NS,204.9571990966797,4525357,4525357,https://finance.yahoo.com/quote/PPLPHARMA.NS/
2025-05-30,Piramal Pharma,PPLPHARMA.NS,206.1664276123047,5979728,5979728,https://finance.yahoo.com/quote/PPLPHARMA.NS/
2025-06-02,Piramal Pharma,PPLPHARMA.NS,205.54681396484375,3723404,3723404,https://finance.yahoo.com/quote/PPLPHARMA.NS/
2025-06-03,Piramal Pharma,PPLPHARMA.NS,203.62806701660156,1828784,1828784,https://finance.yahoo.com/quote/PPLPHARMA.NS/
2025-06-04,Piramal Pharma,PPLPHARMA.NS,205.80665588378906,3136340,3136340,https://finance.yahoo.com/quote/PPLPHARMA.NS/
2025-06-05,Piramal Pharma,PPLPHARMA.NS,207.9452667236328,5231463,5231463,https://finance.yahoo.com/quote/PPLPHARMA.NS/
2025-06-06,Piramal Pharma,PPLPHARMA.NS,206.1964111328125,2940969,2940969,https://finance.yahoo.com/quote/PPLPHARMA.NS/
2025-06-09,Piramal Pharma,PPLPHARMA.NS,210.8933563232422,7755912,7755912,https://finance.yahoo.com/quote/PPLPHARMA.NS/
2025-06-10,Piramal Pharma,PPLPHARMA.NS,205.93658447265625,6061624,6061624,https://finance.yahoo.com/quote/PPLPHARMA.NS/
2025-06-11,Piramal Pharma,PPLPHARMA.NS,204.36758422851562,5448063,5448063,https://finance.yahoo.com/quote/PPLPHARMA.NS/
2025-06-12,Piramal Pharma,PPLPHARMA.NS,199.800537109375,8886792,8886792,https://finance.yahoo.com/quote/PPLPHARMA.NS/
2025-06-13,Piramal Pharma,PPLPHARMA.NS,200.09036254882812,3333522,3333522,https://finance.yahoo.com/quote/PPLPHARMA.NS/
2025-06-16,Piramal Pharma,PPLPHARMA.NS,199.12098693847656,2579820,2579820,https://finance.yahoo.com/quote/PPLPHARMA.NS/
2025-06-17,Piramal Pharma,PPLPHARMA.NS,195.13356018066406,4667640,4667640,https://finance.yahoo.com/quote/PPLPHARMA.NS/
2025-06-18,Piramal Pharma,PPLPHARMA.NS,193.2447967529297,4346671,4346671,https://finance.yahoo.com/quote/PPLPHARMA.NS/
2025-06-19,Piramal Pharma,PPLPHARMA.NS,191.90565490722656,4491628,4491628,https://finance.yahoo.com/quote/PPLPHARMA.NS/
2025-06-20,Piramal Pharma,PPLPHARMA.NS,194.9736785888672,3919764,3919764,https://finance.yahoo.com/quote/PPLPHARMA.NS/
2025-06-23,Piramal Pharma,PPLPHARMA.NS,194.16419982910156,1436059,1436059,https://finance.yahoo.com/quote/PPLPHARMA.NS/
2025-06-24,Piramal Pharma,PPLPHARMA.NS,199.8405303955078,4767220,4767220,https://finance.yahoo.com/quote/PPLPHARMA.NS/
2025-06-25,Piramal Pharma,PPLPHARMA.NS,201.81924438476562,2364235,2364235,https://finance.yahoo.com/quote/PPLPHARMA.NS/
2025-06-26,Piramal Pharma,PPLPHARMA.NS,200.85986328125,2511821,2511821,https://finance.yahoo.com/quote/PPLPHARMA.NS/
2025-06-27,Piramal Pharma,PPLPHARMA.NS,202.69866943359375,5458728,5458728,https://finance.yahoo.com/quote/PPLPHARMA.NS/
2025-06-30,Piramal Pharma,PPLPHARMA.NS,203.24832153320312,3623730,3623730,https://finance.yahoo.com/quote/PPLPHARMA.NS/
2025-07-01,Piramal Pharma,PPLPHARMA.NS,204.59744262695312,2748819,2748819,https://finance.yahoo.com/quote/PPLPHARMA.NS/
2025-07-02,Piramal Pharma,PPLPHARMA.NS,204.1377410888672,3961099,3961099,https://finance.yahoo.com/quote/PPLPHARMA.NS/
2025-07-03,Piramal Pharma,PPLPHARMA.NS,202.29891967773438,2670187,2670187,https://finance.yahoo.com/quote/PPLPHARMA.NS/
2025-07-04,Piramal Pharma,PPLPHARMA.NS,203.52813720703125,5934188,5934188,https://finance.yahoo.com/quote/PPLPHARMA.NS/
2025-07-07,Piramal Pharma,PPLPHARMA.NS,202.35890197753906,2618323,2618323,https://finance.yahoo.com/quote/PPLPHARMA.NS/
2025-07-08,Piramal Pharma,PPLPHARMA.NS,201.13967895507812,2212595,2212595,https://finance.yahoo.com/quote/PPLPHARMA.NS/
2025-07-09,Piramal Pharma,PPLPHARMA.NS,201.31956481933594,5196954,5196954,https://finance.yahoo.com/quote/PPLPHARMA.NS/
2025-07-10,Piramal Pharma,PPLPHARMA.NS,200.5100860595703,2856887,2856887,https://finance.yahoo.com/quote/PPLPHARMA.NS/
2025-07-11,Piramal Pharma,PPLPHARMA.NS,200.84986877441406,2372159,2372159,https://finance.yahoo.com/quote/PPLPHARMA.NS/
2025-07-14,Piramal Pharma,PPLPHARMA.NS,207.7454071044922,11733938,11733938,https://finance.yahoo.com/quote/PPLPHARMA.NS/
2025-07-15,Piramal Pharma,PPLPHARMA.NS,216.0800018310547,18359436,18359436,https://finance.yahoo.com/quote/PPLPHARMA.NS/
2025-07-16,Piramal Pharma,PPLPHARMA.NS,214.86000061035156,7836537,7836537,https://finance.yahoo.com/quote/PPLPHARMA.NS/
2025-07-17,Piramal Pharma,PPLPHARMA.NS,216.8800048828125,7265462,7265462,https://finance.yahoo.com/quote/PPLPHARMA.NS/
2025-07-18,Piramal Pharma,PPLPHARMA.NS,211.17999267578125,4266011,4266011,https://finance.yahoo.com/quote/PPLPHARMA.NS/
2025-07-21,Piramal Pharma,PPLPHARMA.NS,211.6999969482422,7454147,7454147,https://finance.yahoo.com/quote/PPLPHARMA.NS/
2025-07-22,Piramal Pharma,PPLPHARMA.NS,205.3000030517578,4683335,4683335,https://finance.yahoo.com/quote/PPLPHARMA.NS/
2025-07-23,Piramal Pharma,PPLPHARMA.NS,205.0399932861328,3515720,3515720,https://finance.yahoo.com/quote/PPLPHARMA.NS/
2025-07-24,Piramal Pharma,PPLPHARMA.NS,203.19000244140625,2835284,2835284,https://finance.yahoo.com/quote/PPLPHARMA.NS/
2025-07-25,Piramal Pharma,PPLPHARMA.NS,202.22999572753906,2141439,2141439,https://finance.yahoo.com/quote/PPLPHARMA.NS/
2025-07-28,Piramal Pharma,PPLPHARMA.NS,204.35000610351562,6888450,6888450,https://finance.yahoo.com/quote/PPLPHARMA.NS/
2025-07-29,Piramal Pharma,PPLPHARMA.NS,205.61000061035156,15371658,15371658,https://finance.yahoo.com/quote/PPLPHARMA.NS/
2025-07-30,Piramal Pharma,PPLPHARMA.NS,201.3699951171875,4287597,4287597,https://finance.yahoo.com/quote/PPLPHARMA.NS/
2025-07-31,Piramal Pharma,PPLPHARMA.NS,197.02999877929688,2930496,2930496,https://finance.yahoo.com/quote/PPLPHARMA.NS/
2025-08-01,Piramal Pharma,PPLPHARMA.NS,190.64999389648438,5047984,5047984,https://finance.yahoo.com/quote/PPLPHARMA.NS/
2025-08-04,Piramal Pharma,PPLPHARMA.NS,195.02000427246094,3223158,3223158,https://finance.yahoo.com/quote/PPLPHARMA.NS/
2025-08-05,Piramal Pharma,PPLPHARMA.NS,193.52999877929688,3421969,3421969,https://finance.yahoo.com/quote/PPLPHARMA.NS/
2025-08-06,Piramal Pharma,PPLPHARMA.NS,186.3300018310547,7493393,7493393,https://finance.yahoo.com/quote/PPLPHARMA.NS/
2025-08-07,Piramal Pharma,PPLPHARMA.NS,191.85000610351562,4941675,4941675,https://finance.yahoo.com/quote/PPLPHARMA.NS/
2025-08-08,Piramal Pharma,PPLPHARMA.NS,190.07000732421875,3557025,3557025,https://finance.yahoo.com/quote/PPLPHARMA.NS/
2025-08-11,Piramal Pharma,PPLPHARMA.NS,189.94000244140625,1608219,1608219,https://finance.yahoo.com/quote/PPLPHARMA.NS/
2025-08-12,Piramal Pharma,PPLPHARMA.NS,189.41000366210938,2451853,2451853,https://finance.yahoo.com/quote/PPLPHARMA.NS/
2025-08-13,Piramal Pharma,PPLPHARMA.NS,192.1300048828125,2520715,2520715,https://finance.yahoo.com/quote/PPLPHARMA.NS/
2025-08-14,Piramal Pharma,PPLPHARMA.NS,190.0399932861328,2050350,2050350,https://finance.yahoo.com/quote/PPLPHARMA.NS/
2025-08-18,Piramal Pharma,PPLPHARMA.NS,192.8699951171875,2440499,2440499,https://finance.yahoo.com/quote/PPLPHARMA.NS/
2025-08-19,Piramal Pharma,PPLPHARMA.NS,194.2100067138672,1933761,1933761,https://finance.yahoo.com/quote/PPLPHARMA.NS/
2025-08-20,Piramal Pharma,PPLPHARMA.NS,191.7899932861328,1718399,1718399,https://finance.yahoo.com/quote/PPLPHARMA.NS/
2025-08-21,Piramal Pharma,PPLPHARMA.NS,192.0500030517578,3366635,3366635,https://finance.yahoo.com/quote/PPLPHARMA.NS/
2025-08-22,Piramal Pharma,PPLPHARMA.NS,192.75,2780076,2780076,https://finance.yahoo.com/quote/PPLPHARMA.NS/
2025-08-25,Piramal Pharma,PPLPHARMA.NS,192.82000732421875,2768270,2768270,https://finance.yahoo.com/quote/PPLPHARMA.NS/
2025-08-26,Piramal Pharma,PPLPHARMA.NS,189.36000061035156,2699421,2699421,https://finance.yahoo.com/quote/PPLPHARMA.NS/
2025-08-28,Piramal Pharma,PPLPHARMA.NS,186.3000030517578,2217846,2217846,https://finance.yahoo.com/quote/PPLPHARMA.NS/
2025-08-29,Piramal Pharma,PPLPHARMA.NS,183.44000244140625,2182619,2182619,https://finance.yahoo.com/quote/PPLPHARMA.NS/
2025-09-01,Piramal Pharma,PPLPHARMA.NS,187.80999755859375,1469588,1469588,https://finance.yahoo.com/quote/PPLPHARMA.NS/
2025-09-02,Piramal Pharma,PPLPHARMA.NS,186.7100067138672,2026785,2026785,https://finance.yahoo.com/quote/PPLPHARMA.NS/
2025-09-03,Piramal Pharma,PPLPHARMA.NS,201.16000366210938,26784180,26784180,https://finance.yahoo.com/quote/PPLPHARMA.NS/
2025-09-04,Piramal Pharma,PPLPHARMA.NS,198.97999572753906,5162404,5162404,https://finance.yahoo.com/quote/PPLPHARMA.NS/
2025-09-05,Piramal Pharma,PPLPHARMA.NS,200.64999389648438,2738839,2738839,https://finance.yahoo.com/quote/PPLPHARMA.NS/
2025-09-08,Piramal Pharma,PPLPHARMA.NS,198.94000244140625,1532805,1532805,https://finance.yahoo.com/quote/PPLPHARMA.NS/
2025-09-09,Piramal Pharma,PPLPHARMA.NS,198.1699981689453,1512574,1512574,https://finance.yahoo.com/quote/PPLPHARMA.NS/
2025-09-10,Piramal Pharma,PPLPHARMA.NS,199.1999969482422,2964835,2964835,https://finance.yahoo.com/quote/PPLPHARMA.NS/
2025-09-11,Piramal Pharma,PPLPHARMA.NS,200.16000366210938,3774879,3774879,https://finance.yahoo.com/quote/PPLPHARMA.NS/
2025-09-12,Piramal Pharma,PPLPHARMA.NS,200.6699981689453,1722552,1722552,https://finance.yahoo.com/quote/PPLPHARMA.NS/
2025-09-15,Piramal Pharma,PPLPHARMA.NS,203.69000244140625,4134481,4134481,https://finance.yahoo.com/quote/PPLPHARMA.NS/
2025-09-16,Piramal Pharma,PPLPHARMA.NS,205.6300048828125,3130431,3130431,https://finance.yahoo.com/quote/PPLPHARMA.NS/
2025-09-17,Piramal Pharma,PPLPHARMA.NS,203.1300048828125,4145507,4145507,https://finance.yahoo.com/quote/PPLPHARMA.NS/
2025-09-18,Piramal Pharma,PPLPHARMA.NS,203.3300018310547,1747374,1747374,https://finance.yahoo.com/quote/PPLPHARMA.NS/
2025-09-19,Piramal Pharma,PPLPHARMA.NS,208.27999877929688,7287332,7287332,https://finance.yahoo.com/quote/PPLPHARMA.NS/
2025-09-22,Piramal Pharma,PPLPHARMA.NS,202.7100067138672,3253102,3253102,https://finance.yahoo.com/quote/PPLPHARMA.NS/
2025-09-23,Piramal Pharma,PPLPHARMA.NS,200.02999877929688,2198637,2198637,https://finance.yahoo.com/quote/PPLPHARMA.NS/
2025-09-24,Piramal Pharma,PPLPHARMA.NS,196.33999633789062,1955674,1955674,https://finance.yahoo.com/quote/PPLPHARMA.NS/
2025-09-25,Piramal Pharma,PPLPHARMA.NS,195.1999969482422,2712002,2712002,https://finance.yahoo.com/quote/PPLPHARMA.NS/
2025-09-26,Piramal Pharma,PPLPHARMA.NS,187.72999572753906,6704368,6704368,https://finance.yahoo.com/quote/PPLPHARMA.NS/
2025-09-29,Piramal Pharma,PPLPHARMA.NS,191.63999938964844,5569677,5569677,https://finance.yahoo.com/quote/PPLPHARMA.NS/
2025-09-30,Piramal Pharma,PPLPHARMA.NS,191.16000366210938,2115708,2115708,https://finance.yahoo.com/quote/PPLPHARMA.NS/
2025-10-01,Piramal Pharma,PPLPHARMA.NS,199.0399932861328,5460929,5460929,https://finance.yahoo.com/quote/PPLPHARMA.NS/
2025-10-03,Piramal Pharma,PPLPHARMA.NS,198.47000122070312,2576009,2576009,https://finance.yahoo.com/quote/PPLPHARMA.NS/
2025-10-06,Piramal Pharma,PPLPHARMA.NS,195.61000061035156,1599560,1599560,https://finance.yahoo.com/quote/PPLPHARMA.NS/
2025-10-07,Piramal Pharma,PPLPHARMA.NS,195.55999755859375,1432184,1432184,https://finance.yahoo.com/quote/PPLPHARMA.NS/
2025-10-08,Piramal Pharma,PPLPHARMA.NS,193.8000030517578,1784235,1784235,https://finance.yahoo.com/quote/PPLPHARMA.NS/
2025-10-09,Piramal Pharma,PPLPHARMA.NS,197.6699981689453,4277668,4277668,https://finance.yahoo.com/quote/PPLPHARMA.NS/
2025-10-10,Piramal Pharma,PPLPHARMA.NS,201.69000244140625,7412470,7412470,https://finance.yahoo.com/quote/PPLPHARMA.NS/
2025-10-13,Piramal Pharma,PPLPHARMA.NS,197.5800018310547,2074076,2074076,https://finance.yahoo.com/quote/PPLPHARMA.NS/
2025-10-14,Piramal Pharma,PPLPHARMA.NS,192.25999450683594,4445505,4445505,https://finance.yahoo.com/quote/PPLPHARMA.NS/
2025-10-15,Piramal Pharma,PPLPHARMA.NS,193.5,2274935,2274935,https://finance.yahoo.com/quote/PPLPHARMA.NS/
2025-10-16,Piramal Pharma,PPLPHARMA.NS,194.16000366210938,2039432,2039432,https://finance.yahoo.com/quote/PPLPHARMA.NS/
2025-10-17,Piramal Pharma,PPLPHARMA.NS,192.63999938964844,1774622,1774622,https://finance.yahoo.com/quote/PPLPHARMA.NS/
2025-10-20,Piramal Pharma,PPLPHARMA.NS,195.55999755859375,4545499,4545499,https://finance.yahoo.com/quote/PPLPHARMA.NS/
2025-10-21,Piramal Pharma,PPLPHARMA.NS,197.27999877929688,919086,919086,https://finance.yahoo.com/quote/PPLPHARMA.NS/
2025-10-23,Piramal Pharma,PPLPHARMA.NS,203.60000610351562,6187004,6187004,https://finance.yahoo.com/quote/PPLPHARMA.NS/
2025-10-24,Piramal Pharma,PPLPHARMA.NS,202.3699951171875,3169076,3169076,https://finance.yahoo.com/quote/PPLPHARMA.NS/
2025-10-27,Piramal Pharma,PPLPHARMA.NS,203.13999938964844,1806019,1806019,https://finance.yahoo.com/quote/PPLPHARMA.NS/
2025-10-28,Piramal Pharma,PPLPHARMA.NS,202.10000610351562,2176419,2176419,https://finance.yahoo.com/quote/PPLPHARMA.NS/
2025-10-29,Piramal Pharma,PPLPHARMA.NS,204.1300048828125,2317936,2317936,https://finance.yahoo.com/quote/PPLPHARMA.NS/
2025-10-30,Piramal Pharma,PPLPHARMA.NS,201.89999389648438,2496546,2496546,https://finance.yahoo.com/quote/PPLPHARMA.NS/
2025-10-31,Piramal Pharma,PPLPHARMA.NS,199.6300048828125,1740300,1740300,https://finance.yahoo.com/quote/PPLPHARMA.NS/
2025-11-03,Piramal Pharma,PPLPHARMA.NS,201.55999755859375,3926935,3926935,https://finance.yahoo.com/quote/PPLPHARMA.NS/
2025-11-04,Piramal Pharma,PPLPHARMA.NS,200.4199981689453,4528048,4528048,https://finance.yahoo.com/quote/PPLPHARMA.NS/
2025-11-06,Piramal Pharma,PPLPHARMA.NS,199.3300018310547,14705456,14705456,https://finance.yahoo.com/quote/PPLPHARMA.NS/
2025-11-07,Piramal Pharma,PPLPHARMA.NS,199.14999389648438,3105483,3105483,https://finance.yahoo.com/quote/PPLPHARMA.NS/
2025-11-10,Piramal Pharma,PPLPHARMA.NS,195.4499969482422,2888782,2888782,https://finance.yahoo.com/quote/PPLPHARMA.NS/
2025-11-11,Piramal Pharma,PPLPHARMA.NS,194.22000122070312,1904002,1904002,https://finance.yahoo.com/quote/PPLPHARMA.NS/
2025-11-12,Piramal Pharma,PPLPHARMA.NS,195.63999938964844,2142816,2142816,https://finance.yahoo.com/quote/PPLPHARMA.NS/
2025-11-13,Piramal Pharma,PPLPHARMA.NS,193.83999633789062,2144573,2144573,https://finance.yahoo.com/quote/PPLPHARMA.NS/
2025-11-14,Piramal Pharma,PPLPHARMA.NS,194.02999877929688,2531346,2531346,https://finance.yahoo.com/quote/PPLPHARMA.NS/
2025-11-17,Piramal Pharma,PPLPHARMA.NS,195.47000122070312,1619560,1619560,https://finance.yahoo.com/quote/PPLPHARMA.NS/
2025-11-18,Piramal Pharma,PPLPHARMA.NS,192.1300048828125,2356015,2356015,https://finance.yahoo.com/quote/PPLPHARMA.NS/
2025-11-19,Piramal Pharma,PPLPHARMA.NS,188.8000030517578,3241928,3241928,https://finance.yahoo.com/quote/PPLPHARMA.NS/
2025-11-20,Piramal Pharma,PPLPHARMA.NS,189.63999938964844,1601706,1601706,https://finance.yahoo.com/quote/PPLPHARMA.NS/
2025-11-21,Piramal Pharma,PPLPHARMA.NS,188.3800048828125,2106643,2106643,https://finance.yahoo.com/quote/PPLPHARMA.NS/
2025-11-24,Piramal Pharma,PPLPHARMA.NS,186.3300018310547,3111398,3111398,https://finance.yahoo.com/quote/PPLPHARMA.NS/
2025-11-25,Piramal Pharma,PPLPHARMA.NS,184.8699951171875,2048124,2048124,https://finance.yahoo.com/quote/PPLPHARMA.NS/
2025-11-26,Piramal Pharma,PPLPHARMA.NS,187.3800048828125,2454457,2454457,https://finance.yahoo.com/quote/PPLPHARMA.NS/
2025-11-27,Piramal Pharma,PPLPHARMA.NS,186.39999389648438,1641129,1641129,https://finance.yahoo.com/quote/PPLPHARMA.NS/
2025-11-28,Piramal Pharma,PPLPHARMA.NS,187.2100067138672,3572225,3572225,https://finance.yahoo.com/quote/PPLPHARMA.NS/
2025-12-01,Piramal Pharma,PPLPHARMA.NS,184.8699951171875,2221428,2221428,https://finance.yahoo.com/quote/PPLPHARMA.NS/
2025-12-02,Piramal Pharma,PPLPHARMA.NS,185.27000427246094,2016737,2016737,https://finance.yahoo.com/quote/PPLPHARMA.NS/
2025-12-03,Piramal Pharma,PPLPHARMA.NS,182.0500030517578,2687250,2687250,https://finance.yahoo.com/quote/PPLPHARMA.NS/
2025-12-04,Piramal Pharma,PPLPHARMA.NS,180.85000610351562,4307960,4307960,https://finance.yahoo.com/quote/PPLPHARMA.NS/
2025-12-05,Piramal Pharma,PPLPHARMA.NS,179.85000610351562,2246077,2246077,https://finance.yahoo.com/quote/PPLPHARMA.NS/
2025-12-08,Piramal Pharma,PPLPHARMA.NS,174.64999389648438,3033632,3033632,https://finance.yahoo.com/quote/PPLPHARMA.NS/
2025-12-09,Piramal Pharma,PPLPHARMA.NS,173.33999633789062,3116307,3116307,https://finance.yahoo.com/quote/PPLPHARMA.NS/
2025-12-10,Piramal Pharma,PPLPHARMA.NS,170.99000549316406,1936247,1936247,https://finance.yahoo.com/quote/PPLPHARMA.NS/
2025-12-11,Piramal Pharma,PPLPHARMA.NS,171.7899932861328,5375581,5375581,https://finance.yahoo.com/quote/PPLPHARMA.NS/
2025-12-12,Piramal Pharma,PPLPHARMA.NS,174.4499969482422,7177114,7177114,https://finance.yahoo.com/quote/PPLPHARMA.NS/
2025-12-15,Piramal Pharma,PPLPHARMA.NS,171.6999969482422,2418081,2418081,https://finance.yahoo.com/quote/PPLPHARMA.NS/
2025-12-16,Piramal Pharma,PPLPHARMA.NS,168.60000610351562,3642796,3642796,https://finance.yahoo.com/quote/PPLPHARMA.NS/
2025-12-17,Piramal Pharma,PPLPHARMA.NS,167.89999389648438,2597044,2597044,https://finance.yahoo.com/quote/PPLPHARMA.NS/
2025-12-18,Piramal Pharma,PPLPHARMA.NS,166.52000427246094,2649342,2649342,https://finance.yahoo.com/quote/PPLPHARMA.NS/
2025-12-19,Piramal Pharma,PPLPHARMA.NS,171.27999877929688,3929834,3929834,https://finance.yahoo.com/quote/PPLPHARMA.NS/
2025-12-22,Piramal Pharma,PPLPHARMA.NS,177.6999969482422,6094697,6094697,https://finance.yahoo.com/quote/PPLPHARMA.NS/
2025-12-23,Piramal Pharma,PPLPHARMA.NS,178.00999450683594,3267359,3267359,https://finance.yahoo.com/quote/PPLPHARMA.NS/
2025-12-24,Piramal Pharma,PPLPHARMA.NS,177.30999755859375,2751002,2751002,https://finance.yahoo.com/quote/PPLPHARMA.NS/
2025-12-26,Piramal Pharma,PPLPHARMA.NS,174.22000122070312,1575785,1575785,https://finance.yahoo.com/quote/PPLPHARMA.NS/
2025-12-29,Piramal Pharma,PPLPHARMA.NS,172.85000610351562,1991534,1991534,https://finance.yahoo.com/quote/PPLPHARMA.NS/
2025-12-30,Piramal Pharma,PPLPHARMA.NS,171.3000030517578,1795282,1795282,https://finance.yahoo.com/quote/PPLPHARMA.NS/
2025-12-31,Piramal Pharma,PPLPHARMA.NS,172.2100067138672,1455932,1455932,https://finance.yahoo.com/quote/PPLPHARMA.NS/
2026-01-01,Piramal Pharma,PPLPHARMA.NS,169.8800048828125,2136651,2136651,https://finance.yahoo.com/quote/PPLPHARMA.NS/
2026-01-02,Piramal Pharma,PPLPHARMA.NS,178.47999572753906,4960834,4960834,https://finance.yahoo.com/quote/PPLPHARMA.NS/
2026-01-05,Piramal Pharma,PPLPHARMA.NS,178.86000061035156,5009603,5009603,https://finance.yahoo.com/quote/PPLPHARMA.NS/
2026-01-06,Piramal Pharma,PPLPHARMA.NS,180.0,3010285,3010285,https://finance.yahoo.com/quote/PPLPHARMA.NS/
2026-01-07,Piramal Pharma,PPLPHARMA.NS,180.80999755859375,6506808,6506808,https://finance.yahoo.com/quote/PPLPHARMA.NS/
2026-01-08,Piramal Pharma,PPLPHARMA.NS,172.7100067138672,3119826,3119826,https://finance.yahoo.com/quote/PPLPHARMA.NS/
2026-01-09,Piramal Pharma,PPLPHARMA.NS,168.52999877929688,2463860,2463860,https://finance.yahoo.com/quote/PPLPHARMA.NS/
2026-01-12,Piramal Pharma,PPLPHARMA.NS,167.72999572753906,2962445,2962445,https://finance.yahoo.com/quote/PPLPHARMA.NS/
2026-01-13,Piramal Pharma,PPLPHARMA.NS,168.36000061035156,3404750,3404750,https://finance.yahoo.com/quote/PPLPHARMA.NS/
2026-01-14,Piramal Pharma,PPLPHARMA.NS,168.02000427246094,1416806,1416806,https://finance.yahoo.com/quote/PPLPHARMA.NS/
2026-01-15,Piramal Pharma,PPLPHARMA.NS,168.02000427246094,0,0,https://finance.yahoo.com/quote/PPLPHARMA.NS/
2026-01-16,Piramal Pharma,PPLPHARMA.NS,166.27999877929688,1376825,1376825,https://finance.yahoo.com/quote/PPLPHARMA.NS/
2026-01-19,Piramal Pharma,PPLPHARMA.NS,164.33999633789062,3317687,3317687,https://finance.yahoo.com/quote/PPLPHARMA.NS/
2026-01-20,Piramal Pharma,PPLPHARMA.NS,157.80999755859375,2841483,2841483,https://finance.yahoo.com/quote/PPLPHARMA.NS/
2026-01-21,Piramal Pharma,PPLPHARMA.NS,155.11000061035156,3373270,3373270,https://finance.yahoo.com/quote/PPLPHARMA.NS/
2026-01-22,Piramal Pharma,PPLPHARMA.NS,156.5,1947868,1947868,https://finance.yahoo.com/quote/PPLPHARMA.NS/
2026-01-23,Piramal Pharma,PPLPHARMA.NS,151.41000366210938,2745484,2745484,https://finance.yahoo.com/quote/PPLPHARMA.NS/
2026-01-27,Piramal Pharma,PPLPHARMA.NS,152.4499969482422,4639402,4639402,https://finance.yahoo.com/quote/PPLPHARMA.NS/
2026-01-28,Piramal Pharma,PPLPHARMA.NS,153.9600067138672,3472060,3472060,https://finance.yahoo.com/quote/PPLPHARMA.NS/
2026-01-29,Piramal Pharma,PPLPHARMA.NS,153.69000244140625,17726569,17726569,https://finance.yahoo.com/quote/PPLPHARMA.NS/
2026-01-30,Piramal Pharma,PPLPHARMA.NS,154.67999267578125,3231653,3231653,https://finance.yahoo.com/quote/PPLPHARMA.NS/
2026-02-02,Piramal Pharma,PPLPHARMA.NS,155.05999755859375,2194812,2194812,https://finance.yahoo.com/quote/PPLPHARMA.NS/
2026-02-03,Piramal Pharma,PPLPHARMA.NS,161.22999572753906,3831082,3831082,https://finance.yahoo.com/quote/PPLPHARMA.NS/
2026-02-04,Piramal Pharma,PPLPHARMA.NS,162.16000366210938,2360341,2360341,https://finance.yahoo.com/quote/PPLPHARMA.NS/
2026-02-05,Piramal Pharma,PPLPHARMA.NS,158.60000610351562,1926539,1926539,https://finance.yahoo.com/quote/PPLPHARMA.NS/
2026-02-06,Piramal Pharma,PPLPHARMA.NS,158.75,2018940,2018940,https://finance.yahoo.com/quote/PPLPHARMA.NS/
2026-02-09,Piramal Pharma,PPLPHARMA.NS,162.83999633789062,1894781,1894781,https://finance.yahoo.com/quote/PPLPHARMA.NS/
2026-02-10,Piramal Pharma,PPLPHARMA.NS,163.4199981689453,6187075,6187075,https://finance.yahoo.com/quote/PPLPHARMA.NS/
2026-02-11,Piramal Pharma,PPLPHARMA.NS,164.36000061035156,1632632,1632632,https://finance.yahoo.com/quote/PPLPHARMA.NS/
2026-02-12,Piramal Pharma,PPLPHARMA.NS,163.30999755859375,1949079,1949079,https://finance.yahoo.com/quote/PPLPHARMA.NS/
2026-02-13,Piramal Pharma,PPLPHARMA.NS,165.9499969482422,4647771,4647771,https://finance.yahoo.com/quote/PPLPHARMA.NS/
2026-02-16,Piramal Pharma,PPLPHARMA.NS,164.0500030517578,3946154,3946154,https://finance.yahoo.com/quote/PPLPHARMA.NS/
2026-02-17,Piramal Pharma,PPLPHARMA.NS,164.66000366210938,1640770,1640770,https://finance.yahoo.com/quote/PPLPHARMA.NS/
2026-02-18,Piramal Pharma,PPLPHARMA.NS,166.0399932861328,2453587,2453587,https://finance.yahoo.com/quote/PPLPHARMA.NS/
2026-02-19,Piramal Pharma,PPLPHARMA.NS,163.0500030517578,1388727,1388727,https://finance.yahoo.com/quote/PPLPHARMA.NS/
2026-02-20,Piramal Pharma,PPLPHARMA.NS,160.52999877929688,1989983,1989983,https://finance.yahoo.com/quote/PPLPHARMA.NS/
2026-02-23,Piramal Pharma,PPLPHARMA.NS,162.13999938964844,2218043,2218043,https://finance.yahoo.com/quote/PPLPHARMA.NS/
2026-02-24,Piramal Pharma,PPLPHARMA.NS,159.47999572753906,2663225,2663225,https://finance.yahoo.com/quote/PPLPHARMA.NS/
2026-02-25,Piramal Pharma,PPLPHARMA.NS,161.05999755859375,1292223,1292223,https://finance.yahoo.com/quote/PPLPHARMA.NS/
2026-02-26,Piramal Pharma,PPLPHARMA.NS,162.4199981689453,3340011,3340011,https://finance.yahoo.com/quote/PPLPHARMA.NS/
2026-02-27,Piramal Pharma,PPLPHARMA.NS,156.1300048828125,2789207,2789207,https://finance.yahoo.com/quote/PPLPHARMA.NS/
2026-03-02,Piramal Pharma,PPLPHARMA.NS,152.80999755859375,2046239,2046239,https://finance.yahoo.com/quote/PPLPHARMA.NS/
2026-03-04,Piramal Pharma,PPLPHARMA.NS,152.30999755859375,1921293,1921293,https://finance.yahoo.com/quote/PPLPHARMA.NS/
2026-03-05,Piramal Pharma,PPLPHARMA.NS,153.3000030517578,1231271,1231271,https://finance.yahoo.com/quote/PPLPHARMA.NS/
2026-03-06,Piramal Pharma,PPLPHARMA.NS,151.8699951171875,1038728,1038728,https://finance.yahoo.com/quote/PPLPHARMA.NS/
2026-03-09,Piramal Pharma,PPLPHARMA.NS,151.39999389648438,2499028,2499028,https://finance.yahoo.com/quote/PPLPHARMA.NS/
2026-03-10,Piramal Pharma,PPLPHARMA.NS,155.3699951171875,1451421,1451421,https://finance.yahoo.com/quote/PPLPHARMA.NS/
2026-03-11,Piramal Pharma,PPLPHARMA.NS,155.4199981689453,2689734,2689734,https://finance.yahoo.com/quote/PPLPHARMA.NS/
2026-03-12,Piramal Pharma,PPLPHARMA.NS,145.5399932861328,8629241,8629241,https://finance.yahoo.com/quote/PPLPHARMA.NS/
2026-03-13,Piramal Pharma,PPLPHARMA.NS,139.80999755859375,4462538,4462538,https://finance.yahoo.com/quote/PPLPHARMA.NS/
2026-03-16,Piramal Pharma,PPLPHARMA.NS,138.72000122070312,4065908,4065908,https://finance.yahoo.com/quote/PPLPHARMA.NS/
2026-03-17,Piramal Pharma,PPLPHARMA.NS,139.0500030517578,2373716,2373716,https://finance.yahoo.com/quote/PPLPHARMA.NS/
2026-03-18,Piramal Pharma,PPLPHARMA.NS,143.1199951171875,2833292,2833292,https://finance.yahoo.com/quote/PPLPHARMA.NS/
2026-03-19,Piramal Pharma,PPLPHARMA.NS,135.72000122070312,3130633,3130633,https://finance.yahoo.com/quote/PPLPHARMA.NS/
2026-03-20,Piramal Pharma,PPLPHARMA.NS,138.35000610351562,3742561,3742561,https://finance.yahoo.com/quote/PPLPHARMA.NS/
2026-03-23,Piramal Pharma,PPLPHARMA.NS,133.27000427246094,3582231,3582231,https://finance.yahoo.com/quote/PPLPHARMA.NS/
2026-03-24,Piramal Pharma,PPLPHARMA.NS,136.0800018310547,3569541,3569541,https://finance.yahoo.com/quote/PPLPHARMA.NS/
2026-03-25,Piramal Pharma,PPLPHARMA.NS,141.07000732421875,4258183,4258183,https://finance.yahoo.com/quote/PPLPHARMA.NS/
2026-03-27,Piramal Pharma,PPLPHARMA.NS,143.55999755859375,7986934,7986934,https://finance.yahoo.com/quote/PPLPHARMA.NS/
2026-03-30,Piramal Pharma,PPLPHARMA.NS,136.5399932861328,4589871,4589871,https://finance.yahoo.com/quote/PPLPHARMA.NS/
2026-04-01,Piramal Pharma,PPLPHARMA.NS,142.50999450683594,2094474,2094474,https://finance.yahoo.com/quote/PPLPHARMA.NS/
2026-04-02,Piramal Pharma,PPLPHARMA.NS,142.17999267578125,2299147,2299147,https://finance.yahoo.com/quote/PPLPHARMA.NS/
2026-04-06,Piramal Pharma,PPLPHARMA.NS,141.5399932861328,2796146,2796146,https://finance.yahoo.com/quote/PPLPHARMA.NS/
2026-04-07,Piramal Pharma,PPLPHARMA.NS,141.0399932861328,1869299,1869299,https://finance.yahoo.com/quote/PPLPHARMA.NS/
2026-04-08,Piramal Pharma,PPLPHARMA.NS,143.77000427246094,2989219,2989219,https://finance.yahoo.com/quote/PPLPHARMA.NS/
2026-04-09,Piramal Pharma,PPLPHARMA.NS,142.9499969482422,1581920,1581920,https://finance.yahoo.com/quote/PPLPHARMA.NS/
2026-04-10,Piramal Pharma,PPLPHARMA.NS,145.97999572753906,2366991,2366991,https://finance.yahoo.com/quote/PPLPHARMA.NS/
2026-04-13,Piramal Pharma,PPLPHARMA.NS,146.47000122070312,2705316,2705316,https://finance.yahoo.com/quote/PPLPHARMA.NS/
2026-04-15,Piramal Pharma,PPLPHARMA.NS,148.5,3597862,3597862,https://finance.yahoo.com/quote/PPLPHARMA.NS/
2026-04-16,Piramal Pharma,PPLPHARMA.NS,147.5,3638305,3638305,https://finance.yahoo.com/quote/PPLPHARMA.NS/
2026-04-17,Piramal Pharma,PPLPHARMA.NS,148.85000610351562,2165684,2165684,https://finance.yahoo.com/quote/PPLPHARMA.NS/
2026-04-20,Piramal Pharma,PPLPHARMA.NS,148.7899932861328,1754749,1754749,https://finance.yahoo.com/quote/PPLPHARMA.NS/
2026-04-21,Piramal Pharma,PPLPHARMA.NS,150.80999755859375,2299744,2299744,https://finance.yahoo.com/quote/PPLPHARMA.NS/
2026-04-22,Piramal Pharma,PPLPHARMA.NS,153.80999755859375,2825757,2825757,https://finance.yahoo.com/quote/PPLPHARMA.NS/
2026-04-23,Piramal Pharma,PPLPHARMA.NS,163.8699951171875,52438256,52438256,https://finance.yahoo.com/quote/PPLPHARMA.NS/
2026-04-24,Piramal Pharma,PPLPHARMA.NS,165.47000122070312,12840803,12840803,https://finance.yahoo.com/quote/PPLPHARMA.NS/
2026-04-27,Piramal Pharma,PPLPHARMA.NS,168.77999877929688,9489285,9489285,https://finance.yahoo.com/quote/PPLPHARMA.NS/
2026-04-28,Piramal Pharma,PPLPHARMA.NS,164.47000122070312,6015652,6015652,https://finance.yahoo.com/quote/PPLPHARMA.NS/
2026-04-29,Piramal Pharma,PPLPHARMA.NS,160.14999389648438,6591301,6591301,https://finance.yahoo.com/quote/PPLPHARMA.NS/
2026-04-30,Piramal Pharma,PPLPHARMA.NS,161.8699951171875,3440783,3440783,https://finance.yahoo.com/quote/PPLPHARMA.NS/
2026-05-01,Piramal Pharma,PPLPHARMA.NS,161.8699951171875,0,0,https://finance.yahoo.com/quote/PPLPHARMA.NS/
2026-05-04,Piramal Pharma,PPLPHARMA.NS,160.3000030517578,1744074,1744074,https://finance.yahoo.com/quote/PPLPHARMA.NS/
2026-05-05,Piramal Pharma,PPLPHARMA.NS,159.9199981689453,2332817,2332817,https://finance.yahoo.com/quote/PPLPHARMA.NS/
2026-05-06,Piramal Pharma,PPLPHARMA.NS,165.19000244140625,5528707,5528707,https://finance.yahoo.com/quote/PPLPHARMA.NS/
2026-05-07,Piramal Pharma,PPLPHARMA.NS,183.72999572753906,51282284,51282284,https://finance.yahoo.com/quote/PPLPHARMA.NS/
2026-05-08,Piramal Pharma,PPLPHARMA.NS,179.85000610351562,6184773,6184773,https://finance.yahoo.com/quote/PPLPHARMA.NS/
2026-05-11,Piramal Pharma,PPLPHARMA.NS,184.14999389648438,13884083,13884083,https://finance.yahoo.com/quote/PPLPHARMA.NS/
2026-05-12,Piramal Pharma,PPLPHARMA.NS,176.55999755859375,5993063,5993063,https://finance.yahoo.com/quote/PPLPHARMA.NS/
2026-05-13,Piramal Pharma,PPLPHARMA.NS,177.38999938964844,3511299,3511299,https://finance.yahoo.com/quote/PPLPHARMA.NS/
2026-05-14,Piramal Pharma,PPLPHARMA.NS,174.55999755859375,5724358,5724358,https://finance.yahoo.com/quote/PPLPHARMA.NS/
2026-05-15,Piramal Pharma,PPLPHARMA.NS,174.8699951171875,3271327,3271327,https://finance.yahoo.com/quote/PPLPHARMA.NS/
2026-05-18,Piramal Pharma,PPLPHARMA.NS,175.0800018310547,2393928,2393928,https://finance.yahoo.com/quote/PPLPHARMA.NS/
2026-05-19,Piramal Pharma,PPLPHARMA.NS,173.22999572753906,2700402,2700402,https://finance.yahoo.com/quote/PPLPHARMA.NS/
2026-05-20,Piramal Pharma,PPLPHARMA.NS,176.35000610351562,2796890,2796890,https://finance.yahoo.com/quote/PPLPHARMA.NS/
2026-05-21,Piramal Pharma,PPLPHARMA.NS,176.0800018310547,1983146,1983146,https://finance.yahoo.com/quote/PPLPHARMA.NS/
2026-05-22,Piramal Pharma,PPLPHARMA.NS,175.6300048828125,1458574,1458574,https://finance.yahoo.com/quote/PPLPHARMA.NS/
2026-05-25,Piramal Pharma,PPLPHARMA.NS,179.4600067138672,2936240,2936240,https://finance.yahoo.com/quote/PPLPHARMA.NS/
2026-05-26,Piramal Pharma,PPLPHARMA.NS,178.86000061035156,2124352,2124352,https://finance.yahoo.com/quote/PPLPHARMA.NS/
2026-05-27,Piramal Pharma,PPLPHARMA.NS,174.24000549316406,2480547,2480547,https://finance.yahoo.com/quote/PPLPHARMA.NS/
2026-05-28,Piramal Pharma,PPLPHARMA.NS,174.24000549316406,0,0,https://finance.yahoo.com/quote/PPLPHARMA.NS/
2026-05-29,Piramal Pharma,PPLPHARMA.NS,172.7899932861328,2626463,2626463,https://finance.yahoo.com/quote/PPLPHARMA.NS/
2026-06-01,Piramal Pharma,PPLPHARMA.NS,170.89999389648438,1692993,1692993,https://finance.yahoo.com/quote/PPLPHARMA.NS/
2026-06-02,Piramal Pharma,PPLPHARMA.NS,166.9199981689453,2440644,2440644,https://finance.yahoo.com/quote/PPLPHARMA.NS/
2026-06-03,Piramal Pharma,PPLPHARMA.NS,167.00999450683594,2300391,2300391,https://finance.yahoo.com/quote/PPLPHARMA.NS/
2026-06-04,Piramal Pharma,PPLPHARMA.NS,169.5800018310547,2374262,2374262,https://finance.yahoo.com/quote/PPLPHARMA.NS/
2026-06-05,Piramal Pharma,PPLPHARMA.NS,166.77000427246094,1725777,1725777,https://finance.yahoo.com/quote/PPLPHARMA.NS/
2026-06-08,Piramal Pharma,PPLPHARMA.NS,165.33999633789062,1524101,1524101,https://finance.yahoo.com/quote/PPLPHARMA.NS/
2026-06-09,Piramal Pharma,PPLPHARMA.NS,168.8699951171875,3787557,3787557,https://finance.yahoo.com/quote/PPLPHARMA.NS/
2026-06-10,Piramal Pharma,PPLPHARMA.NS,164.07000732421875,1299547,1299547,https://finance.yahoo.com/quote/PPLPHARMA.NS/
2026-06-11,Piramal Pharma,PPLPHARMA.NS,161.30999755859375,2353297,2353297,https://finance.yahoo.com/quote/PPLPHARMA.NS/
2026-06-12,Piramal Pharma,PPLPHARMA.NS,163.85000610351562,2616390,2616390,https://finance.yahoo.com/quote/PPLPHARMA.NS/
2026-06-15,Piramal Pharma,PPLPHARMA.NS,167.1999969482422,6199940,6199940,https://finance.yahoo.com/quote/PPLPHARMA.NS/
2026-06-16,Piramal Pharma,PPLPHARMA.NS,163.6699981689453,2449825,2449825,https://finance.yahoo.com/quote/PPLPHARMA.NS/
2026-06-17,Piramal Pharma,PPLPHARMA.NS,163.35000610351562,2330467,2330467,https://finance.yahoo.com/quote/PPLPHARMA.NS/
2026-06-18,Piramal Pharma,PPLPHARMA.NS,160.1999969482422,3637750,3637750,https://finance.yahoo.com/quote/PPLPHARMA.NS/
2026-06-19,Piramal Pharma,PPLPHARMA.NS,158.89999389648438,4540136,4540136,https://finance.yahoo.com/quote/PPLPHARMA.NS/
2026-06-22,Piramal Pharma,PPLPHARMA.NS,158.50999450683594,2709985,2709985,https://finance.yahoo.com/quote/PPLPHARMA.NS/
2026-06-23,Piramal Pharma,PPLPHARMA.NS,168.88999938964844,93345987,93345987,https://finance.yahoo.com/quote/PPLPHARMA.NS/
2026-06-24,Piramal Pharma,PPLPHARMA.NS,172.44000244140625,29677137,29677137,https://finance.yahoo.com/quote/PPLPHARMA.NS/
2026-06-25,Piramal Pharma,PPLPHARMA.NS,167.69000244140625,5222873,5222873,https://finance.yahoo.com/quote/PPLPHARMA.NS/
2026-06-26,Piramal Pharma,PPLPHARMA.NS,167.69000244140625,0,0,https://finance.yahoo.com/quote/PPLPHARMA.NS/
2026-06-29,Piramal Pharma,PPLPHARMA.NS,166.72000122070312,3501309,3501309,https://finance.yahoo.com/quote/PPLPHARMA.NS/
2026-06-30,Piramal Pharma,PPLPHARMA.NS,168.08999633789062,4054434,4054434,https://finance.yahoo.com/quote/PPLPHARMA.NS/
2026-07-01,Piramal Pharma,PPLPHARMA.NS,168.5399932861328,4753909,4753909,https://finance.yahoo.com/quote/PPLPHARMA.NS/
2026-07-02,Piramal Pharma,PPLPHARMA.NS,168.2899932861328,4501575,4501575,https://finance.yahoo.com/quote/PPLPHARMA.NS/
2026-07-03,Piramal Pharma,PPLPHARMA.NS,175.9499969482422,33416572,33416572,https://finance.yahoo.com/quote/PPLPHARMA.NS/
2026-07-06,Piramal Pharma,PPLPHARMA.NS,177.8800048828125,10149770,10149770,https://finance.yahoo.com/quote/PPLPHARMA.NS/
2026-07-07,Piramal Pharma,PPLPHARMA.NS,175.22999572753906,5073248,5073248,https://finance.yahoo.com/quote/PPLPHARMA.NS/
2026-07-08,Piramal Pharma,PPLPHARMA.NS,168.11000061035156,6937866,6937866,https://finance.yahoo.com/quote/PPLPHARMA.NS/
2026-07-09,Piramal Pharma,PPLPHARMA.NS,171.99000549316406,7859690,7859690,https://finance.yahoo.com/quote/PPLPHARMA.NS/
2026-07-10,Piramal Pharma,PPLPHARMA.NS,177.16000366210938,5345065,5345065,https://finance.yahoo.com/quote/PPLPHARMA.NS/
2026-07-13,Piramal Pharma,PPLPHARMA.NS,173.6300048828125,3905315,3905315,https://finance.yahoo.com/quote/PPLPHARMA.NS/
2026-07-14,Piramal Pharma,PPLPHARMA.NS,171.92999267578125,2716698,2716698,https://finance.yahoo.com/quote/PPLPHARMA.NS/
2026-07-15,Piramal Pharma,PPLPHARMA.NS,171.66000366210938,2109729,2109729,https://finance.yahoo.com/quote/PPLPHARMA.NS/
2026-07-16,Piramal Pharma,PPLPHARMA.NS,174.7899932861328,4749687,4749687,https://finance.yahoo.com/quote/PPLPHARMA.NS/
2026-07-17,Piramal Pharma,PPLPHARMA.NS,179.4199981689453,6700414,6700414,https://finance.yahoo.com/quote/PPLPHARMA.NS/
2026-07-20,Piramal Pharma,PPLPHARMA.NS,178.8699951171875,4197930,4197930,https://finance.yahoo.com/quote/PPLPHARMA.NS/
2026-07-21,Piramal Pharma,PPLPHARMA.NS,184.80999755859375,9895524,9895524,https://finance.yahoo.com/quote/PPLPHARMA.NS/
2026-07-22,Piramal Pharma,PPLPHARMA.NS,177.10000610351562,8814625,8814625,https://finance.yahoo.com/quote/PPLPHARMA.NS/
2026-07-23,Piramal Pharma,PPLPHARMA.NS,180.8300018310547,8945904,8945904,https://finance.yahoo.com/quote/PPLPHARMA.NS/
2026-07-24,Piramal Pharma,PPLPHARMA.NS,181.27000427246094,3895346,3895346,https://finance.yahoo.com/quote/PPLPHARMA.NS/
2026-07-27,Piramal Pharma,PPLPHARMA.NS,192.0500030517578,15154930,15154930,https://finance.yahoo.com/quote/PPLPHARMA.NS/
2026-07-28,Piramal Pharma,PPLPHARMA.NS,193.42999267578125,7171264,7171264,https://finance.yahoo.com/quote/PPLPHARMA.NS/
2026-07-29,Piramal Pharma,PPLPHARMA.NS,195.67999267578125,11848125,11848125,https://finance.yahoo.com/quote/PPLPHARMA.NS/
2026-07-30,Piramal Pharma,PPLPHARMA.NS,196.72000122070312,22171172,22171172,https://finance.yahoo.com/quote/PPLPHARMA.NS/
2026-07-31,Piramal Pharma,PPLPHARMA.NS,195.61000061035156,6600377,6600377,https://finance.yahoo.com/quote/PPLPHARMA.NS/
2026-08-03,Piramal Pharma,PPLPHARMA.NS,199.27999877929688,7051612,7051612,https://finance.yahoo.com/quote/PPLPHARMA.NS/
2026-08-04,Piramal Pharma,PPLPHARMA.NS,202.5,7037103,7037103,https://finance.yahoo.com/quote/PPLPHARMA.NS/
2026-08-05,Piramal Pharma,PPLPHARMA.NS,206.77999877929688,9351752,9351752,https://finance.yahoo.com/quote/PPLPHARMA.NS/
2026-08-06,Piramal Pharma,PPLPHARMA.NS,208.24000549316406,7183683,7183683,https://finance.yahoo.com/quote/PPLPHARMA.NS/
2026-08-07,Piramal Pharma,PPLPHARMA.NS,209.5500030517578,4611692,4611692,https://finance.yahoo.com/quote/PPLPHARMA.NS/
2026-08-10,Piramal Pharma,PPLPHARMA.NS,213.61000061035156,9027584,9027584,https://finance.yahoo.com/quote/PPLPHARMA.NS/
2026-08-11,Piramal Pharma,PPLPHARMA.NS,214.19000244140625,3675806,3675806,https://finance.yahoo.com/quote/PPLPHARMA.NS/
2026-08-12,Piramal Pharma,PPLPHARMA.NS,210.24000549316406,2720946,2720946,https://finance.yahoo.com/quote/PPLPHARMA.NS/
2026-08-13,Piramal Pharma,PPLPHARMA.NS,212.6699981689453,2244388,2244388,https://finance.yahoo.com/quote/PPLPHARMA.NS/
2026-08-14,Piramal Pharma,PPLPHARMA.NS,206.63999938964844,11439262,11439262,https://finance.yahoo.com/quote/PPLPHARMA.NS/
2026-08-17,Piramal Pharma,PPLPHARMA.NS,204.72999572753906,2912134,2912134,https://finance.yahoo.com/quote/PPLPHARMA.NS/
2026-08-18,Piramal Pharma,PPLPHARMA.NS,210.52999877929688,5337954,5337954,https://finance.yahoo.com/quote/PPLPHARMA.NS/
2026-08-19,Piramal Pharma,PPLPHARMA.NS,209.63999938964844,2926756,2926756,https://finance.yahoo.com/quote/PPLPHARMA.NS/
2026-08-20,Piramal Pharma,PPLPHARMA.NS,216.66000366210938,4134099,4134099,https://finance.yahoo.com/quote/PPLPHARMA.NS/
2026-08-21,Piramal Pharma,PPLPHARMA.NS,213.6699981689453,4572601,4572601,https://finance.yahoo.com/quote/PPLPHARMA.NS/
2026-08-24,Piramal Pharma,PPLPHARMA.NS,211.14999389648438,2681269,2681269,https://finance.yahoo.com/quote/PPLPHARMA.NS/
2026-08-25,Piramal Pharma,PPLPHARMA.NS,207.7100067138672,1716798,1716798,https://finance.yahoo.com/quote/PPLPHARMA.NS/
2026-08-26,Piramal Pharma,PPLPHARMA.NS,211.2899932861328,2678764,2678764,https://finance.yahoo.com/quote/PPLPHARMA.NS/
2026-08-27,Piramal Pharma,PPLPHARMA.NS,214.9499969482422,4647834,4647834,https://finance.yahoo.com/quote/PPLPHARMA.NS/
2026-08-28,Piramal Pharma,PPLPHARMA.NS,218.67999267578125,5418446,5418446,https://finance.yahoo.com/quote/PPLPHARMA.NS/
2026-08-31,Piramal Pharma,PPLPHARMA.NS,214.39999389648438,2681993,2681993,https://finance.yahoo.com/quote/PPLPHARMA.NS/
2026-09-01,Piramal Pharma,PPLPHARMA.NS,213.1999969482422,3147005,3147005,https://finance.yahoo.com/quote/PPLPHARMA.NS/
2026-09-02,Piramal Pharma,PPLPHARMA.NS,213.77999877929688,3102064,3102064,https://finance.yahoo.com/quote/PPLPHARMA.NS/
2026-09-03,Piramal Pharma,PPLPHARMA.NS,214.49000549316406,2539339,2539339,https://finance.yahoo.com/quote/PPLPHARMA.NS/
2026-09-04,Piramal Pharma,PPLPHARMA.NS,214.22000122070312,2618467,2618467,https://finance.yahoo.com/quote/PPLPHARMA.NS/
2026-09-07,Piramal Pharma,PPLPHARMA.NS,219.66000366210938,6407335,6407335,https://finance.yahoo.com/quote/PPLPHARMA.NS/
2026-09-08,Piramal Pharma,PPLPHARMA.NS,226.6199951171875,21040344,21040344,https://finance.yahoo.com/quote/PPLPHARMA.NS/
2026-09-09,Piramal Pharma,PPLPHARMA.NS,218.0,3881596,3881596,https://finance.yahoo.com/quote/PPLPHARMA.NS/
2026-09-10,Piramal Pharma,PPLPHARMA.NS,212.49000549316406,2726382,2726382,https://finance.yahoo.com/quote/PPLPHARMA.NS/
2026-09-11,Piramal Pharma,PPLPHARMA.NS,211.35000610351562,3408833,3408833,https://finance.yahoo.com/quote/PPLPHARMA.NS/
2026-09-14,Piramal Pharma,PPLPHARMA.NS,211.35000610351562,0,0,https://finance.yahoo.com/quote/PPLPHARMA.NS/
2026-09-15,Piramal Pharma,PPLPHARMA.NS,203.47000122070312,3104010,3104010,https://finance.yahoo.com/quote/PPLPHARMA.NS/
2026-09-16,Piramal Pharma,PPLPHARMA.NS,202.3699951171875,2966781,2966781,https://finance.yahoo.com/quote/PPLPHARMA.NS/
2026-09-17,Piramal Pharma,PPLPHARMA.NS,204.7100067138672,2475167,2475167,https://finance.yahoo.com/quote/PPLPHARMA.NS/
2026-09-18,Piramal Pharma,PPLPHARMA.NS,208.16000366210938,2926602,2926602,https://finance.yahoo.com/quote/PPLPHARMA.NS/
2026-09-21,Piramal Pharma,PPLPHARMA.NS,214.66000366210938,4330760,4330760,https://finance.yahoo.com/quote/PPLPHARMA.NS/
2026-09-22,Piramal Pharma,PPLPHARMA.NS,210.1199951171875,2470090,2470090,https://finance.yahoo.com/quote/PPLPHARMA.NS/
2026-09-23,Piramal Pharma,PPLPHARMA.NS,210.74000549316406,2879998,2879998,https://finance.yahoo.com/quote/PPLPHARMA.NS/
2026-09-24,Piramal Pharma,PPLPHARMA.NS,208.1199951171875,4373651,4373651,https://finance.yahoo.com/quote/PPLPHARMA.NS/
2026-09-25,Piramal Pharma,PPLPHARMA.NS,210.30999755859375,3361746,3361746,https://finance.yahoo.com/quote/PPLPHARMA.NS/
2026-09-28,Piramal Pharma,PPLPHARMA.NS,206.58999633789062,2664801,2664801,https://finance.yahoo.com/quote/PPLPHARMA.NS/
2026-09-29,Piramal Pharma,PPLPHARMA.NS,209.07000732421875,5062059,5062059,https://finance.yahoo.com/quote/PPLPHARMA.NS/
2026-09-30,Piramal Pharma,PPLPHARMA.NS,206.52000427246094,2240520,2240520,https://finance.yahoo.com/quote/PPLPHARMA.NS/
2026-10-01,Piramal Pharma,PPLPHARMA.NS,197.97000122070312,3574489,3574489,https://finance.yahoo.com/quote/PPLPHARMA.NS/
2025-04-02,Sun Pharma,SUNPHARMA.NS,1692.5682373046875,3369489,3369489,https://finance.yahoo.com/quote/SUNPHARMA.NS/
2025-04-03,Sun Pharma,SUNPHARMA.NS,1748.2249755859375,5715573,5715573,https://finance.yahoo.com/quote/SUNPHARMA.NS/
2025-04-04,Sun Pharma,SUNPHARMA.NS,1688.321044921875,5345276,5345276,https://finance.yahoo.com/quote/SUNPHARMA.NS/
2025-04-07,Sun Pharma,SUNPHARMA.NS,1645.8499755859375,5715334,5715334,https://finance.yahoo.com/quote/SUNPHARMA.NS/
2025-04-08,Sun Pharma,SUNPHARMA.NS,1667.579345703125,2807382,2807382,https://finance.yahoo.com/quote/SUNPHARMA.NS/
2025-04-09,Sun Pharma,SUNPHARMA.NS,1631.8739013671875,3481864,3481864,https://finance.yahoo.com/quote/SUNPHARMA.NS/
2025-04-11,Sun Pharma,SUNPHARMA.NS,1666.789306640625,3801939,3801939,https://finance.yahoo.com/quote/SUNPHARMA.NS/
2025-04-15,Sun Pharma,SUNPHARMA.NS,1684.0245361328125,1993085,1993085,https://finance.yahoo.com/quote/SUNPHARMA.NS/
2025-04-16,Sun Pharma,SUNPHARMA.NS,1672.27099609375,2205374,2205374,https://finance.yahoo.com/quote/SUNPHARMA.NS/
2025-04-17,Sun Pharma,SUNPHARMA.NS,1729.9525146484375,2683908,2683908,https://finance.yahoo.com/quote/SUNPHARMA.NS/
2025-04-21,Sun Pharma,SUNPHARMA.NS,1723.43359375,1539511,1539511,https://finance.yahoo.com/quote/SUNPHARMA.NS/
2025-04-22,Sun Pharma,SUNPHARMA.NS,1725.9029541015625,961907,961907,https://finance.yahoo.com/quote/SUNPHARMA.NS/
2025-04-23,Sun Pharma,SUNPHARMA.NS,1766.7935791015625,1471029,1471029,https://finance.yahoo.com/quote/SUNPHARMA.NS/
2025-04-24,Sun Pharma,SUNPHARMA.NS,1781.7078857421875,2101177,2101177,https://finance.yahoo.com/quote/SUNPHARMA.NS/
2025-04-25,Sun Pharma,SUNPHARMA.NS,1765.4107666015625,2036801,2036801,https://finance.yahoo.com/quote/SUNPHARMA.NS/
2025-04-28,Sun Pharma,SUNPHARMA.NS,1818.944091796875,3216482,3216482,https://finance.yahoo.com/quote/SUNPHARMA.NS/
2025-04-29,Sun Pharma,SUNPHARMA.NS,1783.2882080078125,2886160,2886160,https://finance.yahoo.com/quote/SUNPHARMA.NS/
2025-04-30,Sun Pharma,SUNPHARMA.NS,1809.7584228515625,2667314,2667314,https://finance.yahoo.com/quote/SUNPHARMA.NS/
2025-05-02,Sun Pharma,SUNPHARMA.NS,1802.1531982421875,1885257,1885257,https://finance.yahoo.com/quote/SUNPHARMA.NS/
2025-05-05,Sun Pharma,SUNPHARMA.NS,1814.005615234375,1219830,1219830,https://finance.yahoo.com/quote/SUNPHARMA.NS/
2025-05-06,Sun Pharma,SUNPHARMA.NS,1796.7208251953125,1414772,1414772,https://finance.yahoo.com/quote/SUNPHARMA.NS/
2025-05-07,Sun Pharma,SUNPHARMA.NS,1759.385986328125,2015237,2015237,https://finance.yahoo.com/quote/SUNPHARMA.NS/
2025-05-08,Sun Pharma,SUNPHARMA.NS,1745.459228515625,2647871,2647871,https://finance.yahoo.com/quote/SUNPHARMA.NS/
2025-05-09,Sun Pharma,SUNPHARMA.NS,1723.3349609375,1148956,1148956,https://finance.yahoo.com/quote/SUNPHARMA.NS/
2025-05-12,Sun Pharma,SUNPHARMA.NS,1665.4556884765625,9221075,9221075,https://finance.yahoo.com/quote/SUNPHARMA.NS/
2025-05-13,Sun Pharma,SUNPHARMA.NS,1679.0860595703125,6988329,6988329,https://finance.yahoo.com/quote/SUNPHARMA.NS/
2025-05-14,Sun Pharma,SUNPHARMA.NS,1687.18505859375,1639324,1639324,https://finance.yahoo.com/quote/SUNPHARMA.NS/
2025-05-15,Sun Pharma,SUNPHARMA.NS,1718.692626953125,3880385,3880385,https://finance.yahoo.com/quote/SUNPHARMA.NS/
2025-05-16,Sun Pharma,SUNPHARMA.NS,1713.5567626953125,1448249,1448249,https://finance.yahoo.com/quote/SUNPHARMA.NS/
2025-05-19,Sun Pharma,SUNPHARMA.NS,1708.9144287109375,2074023,2074023,https://finance.yahoo.com/quote/SUNPHARMA.NS/
2025-05-20,Sun Pharma,SUNPHARMA.NS,1686.7901611328125,2706777,2706777,https://finance.yahoo.com/quote/SUNPHARMA.NS/
2025-05-21,Sun Pharma,SUNPHARMA.NS,1710.494873046875,2754306,2754306,https://finance.yahoo.com/quote/SUNPHARMA.NS/
2025-05-22,Sun Pharma,SUNPHARMA.NS,1697.555908203125,2670554,2670554,https://finance.yahoo.com/quote/SUNPHARMA.NS/
2025-05-23,Sun Pharma,SUNPHARMA.NS,1662.8878173828125,8339783,8339783,https://finance.yahoo.com/quote/SUNPHARMA.NS/
2025-05-26,Sun Pharma,SUNPHARMA.NS,1655.4801025390625,2282131,2282131,https://finance.yahoo.com/quote/SUNPHARMA.NS/
2025-05-27,Sun Pharma,SUNPHARMA.NS,1662.690185546875,2800622,2800622,https://finance.yahoo.com/quote/SUNPHARMA.NS/
2025-05-28,Sun Pharma,SUNPHARMA.NS,1645.8994140625,2657712,2657712,https://finance.yahoo.com/quote/SUNPHARMA.NS/
2025-05-29,Sun Pharma,SUNPHARMA.NS,1678.8885498046875,2377583,2377583,https://finance.yahoo.com/quote/SUNPHARMA.NS/
2025-05-30,Sun Pharma,SUNPHARMA.NS,1656.961669921875,3640641,3640641,https://finance.yahoo.com/quote/SUNPHARMA.NS/
2025-06-02,Sun Pharma,SUNPHARMA.NS,1653.99853515625,1819538,1819538,https://finance.yahoo.com/quote/SUNPHARMA.NS/
2025-06-03,Sun Pharma,SUNPHARMA.NS,1646.9859619140625,2556920,2556920,https://finance.yahoo.com/quote/SUNPHARMA.NS/
2025-06-04,Sun Pharma,SUNPHARMA.NS,1644.41796875,1700482,1700482,https://finance.yahoo.com/quote/SUNPHARMA.NS/
2025-06-05,Sun Pharma,SUNPHARMA.NS,1662.3939208984375,2037073,2037073,https://finance.yahoo.com/quote/SUNPHARMA.NS/
2025-06-06,Sun Pharma,SUNPHARMA.NS,1658.5418701171875,2500047,2500047,https://finance.yahoo.com/quote/SUNPHARMA.NS/
2025-06-09,Sun Pharma,SUNPHARMA.NS,1673.554931640625,2589656,2589656,https://finance.yahoo.com/quote/SUNPHARMA.NS/
2025-06-10,Sun Pharma,SUNPHARMA.NS,1668.02392578125,2369135,2369135,https://finance.yahoo.com/quote/SUNPHARMA.NS/
2025-06-11,Sun Pharma,SUNPHARMA.NS,1669.8016357421875,1999978,1999978,https://finance.yahoo.com/quote/SUNPHARMA.NS/
2025-06-12,Sun Pharma,SUNPHARMA.NS,1666.64111328125,3588365,3588365,https://finance.yahoo.com/quote/SUNPHARMA.NS/
2025-06-13,Sun Pharma,SUNPHARMA.NS,1667.0361328125,2404272,2404272,https://finance.yahoo.com/quote/SUNPHARMA.NS/
2025-06-16,Sun Pharma,SUNPHARMA.NS,1664.5670166015625,2249326,2249326,https://finance.yahoo.com/quote/SUNPHARMA.NS/
2025-06-17,Sun Pharma,SUNPHARMA.NS,1629.898681640625,5408285,5408285,https://finance.yahoo.com/quote/SUNPHARMA.NS/
2025-06-18,Sun Pharma,SUNPHARMA.NS,1627.7257080078125,1455885,1455885,https://finance.yahoo.com/quote/SUNPHARMA.NS/
2025-06-19,Sun Pharma,SUNPHARMA.NS,1627.3306884765625,1696525,1696525,https://finance.yahoo.com/quote/SUNPHARMA.NS/
2025-06-20,Sun Pharma,SUNPHARMA.NS,1644.6153564453125,2567882,2567882,https://finance.yahoo.com/quote/SUNPHARMA.NS/
2025-06-23,Sun Pharma,SUNPHARMA.NS,1642.04736328125,840643,840643,https://finance.yahoo.com/quote/SUNPHARMA.NS/
2025-06-24,Sun Pharma,SUNPHARMA.NS,1641.257080078125,2066326,2066326,https://finance.yahoo.com/quote/SUNPHARMA.NS/
2025-06-25,Sun Pharma,SUNPHARMA.NS,1649.06005859375,1372945,1372945,https://finance.yahoo.com/quote/SUNPHARMA.NS/
2025-06-26,Sun Pharma,SUNPHARMA.NS,1649.2576904296875,2102627,2102627,https://finance.yahoo.com/quote/SUNPHARMA.NS/
2025-06-27,Sun Pharma,SUNPHARMA.NS,1666.838623046875,5313904,5313904,https://finance.yahoo.com/quote/SUNPHARMA.NS/
2025-06-30,Sun Pharma,SUNPHARMA.NS,1655.0848388671875,2160184,2160184,https://finance.yahoo.com/quote/SUNPHARMA.NS/
2025-07-01,Sun Pharma,SUNPHARMA.NS,1646.689453125,3298070,3298070,https://finance.yahoo.com/quote/SUNPHARMA.NS/
2025-07-02,Sun Pharma,SUNPHARMA.NS,1656.8629150390625,1611046,1611046,https://finance.yahoo.com/quote/SUNPHARMA.NS/
2025-07-03,Sun Pharma,SUNPHARMA.NS,1659.0357666015625,1553777,1553777,https://finance.yahoo.com/quote/SUNPHARMA.NS/
2025-07-04,Sun Pharma,SUNPHARMA.NS,1655.6776123046875,1264399,1264399,https://finance.yahoo.com/quote/SUNPHARMA.NS/
2025-07-07,Sun Pharma,SUNPHARMA.NS,1664.6953125,1550620,1550620,https://finance.yahoo.com/quote/SUNPHARMA.NS/
2025-07-08,Sun Pharma,SUNPHARMA.NS,1657.3623046875,1860328,1860328,https://finance.yahoo.com/quote/SUNPHARMA.NS/
2025-07-09,Sun Pharma,SUNPHARMA.NS,1654.290283203125,2178705,2178705,https://finance.yahoo.com/quote/SUNPHARMA.NS/
2025-07-10,Sun Pharma,SUNPHARMA.NS,1647.4527587890625,1741718,1741718,https://finance.yahoo.com/quote/SUNPHARMA.NS/
2025-07-11,Sun Pharma,SUNPHARMA.NS,1656.8668212890625,1298302,1298302,https://finance.yahoo.com/quote/SUNPHARMA.NS/
2025-07-14,Sun Pharma,SUNPHARMA.NS,1667.370849609375,1309704,1309704,https://finance.yahoo.com/quote/SUNPHARMA.NS/
2025-07-15,Sun Pharma,SUNPHARMA.NS,1711.864501953125,3332578,3332578,https://finance.yahoo.com/quote/SUNPHARMA.NS/
2025-07-16,Sun Pharma,SUNPHARMA.NS,1685.6043701171875,2285143,2285143,https://finance.yahoo.com/quote/SUNPHARMA.NS/
2025-07-17,Sun Pharma,SUNPHARMA.NS,1687.9825439453125,1461039,1461039,https://finance.yahoo.com/quote/SUNPHARMA.NS/
2025-07-18,Sun Pharma,SUNPHARMA.NS,1678.271240234375,1253929,1253929,https://finance.yahoo.com/quote/SUNPHARMA.NS/
2025-07-21,Sun Pharma,SUNPHARMA.NS,1676.983154296875,2390289,2390289,https://finance.yahoo.com/quote/SUNPHARMA.NS/
2025-07-22,Sun Pharma,SUNPHARMA.NS,1662.8125,1244491,1244491,https://finance.yahoo.com/quote/SUNPHARMA.NS/
2025-07-23,Sun Pharma,SUNPHARMA.NS,1667.2718505859375,1229173,1229173,https://finance.yahoo.com/quote/SUNPHARMA.NS/
2025-07-24,Sun Pharma,SUNPHARMA.NS,1676.685791015625,1079045,1079045,https://finance.yahoo.com/quote/SUNPHARMA.NS/
2025-07-25,Sun Pharma,SUNPHARMA.NS,1683.622314453125,1088592,1088592,https://finance.yahoo.com/quote/SUNPHARMA.NS/
2025-07-28,Sun Pharma,SUNPHARMA.NS,1686.79345703125,2168507,2168507,https://finance.yahoo.com/quote/SUNPHARMA.NS/
2025-07-29,Sun Pharma,SUNPHARMA.NS,1695.018310546875,1325544,1325544,https://finance.yahoo.com/quote/SUNPHARMA.NS/
2025-07-30,Sun Pharma,SUNPHARMA.NS,1718.107421875,2318723,2318723,https://finance.yahoo.com/quote/SUNPHARMA.NS/
2025-07-31,Sun Pharma,SUNPHARMA.NS,1691.2525634765625,3233087,3233087,https://finance.yahoo.com/quote/SUNPHARMA.NS/
2025-08-01,Sun Pharma,SUNPHARMA.NS,1614.9495849609375,8774548,8774548,https://finance.yahoo.com/quote/SUNPHARMA.NS/
2025-08-04,Sun Pharma,SUNPHARMA.NS,1626.7418212890625,1898762,1898762,https://finance.yahoo.com/quote/SUNPHARMA.NS/
2025-08-05,Sun Pharma,SUNPHARMA.NS,1617.327880859375,1622897,1622897,https://finance.yahoo.com/quote/SUNPHARMA.NS/
2025-08-06,Sun Pharma,SUNPHARMA.NS,1580.7618408203125,2376257,2376257,https://finance.yahoo.com/quote/SUNPHARMA.NS/
2025-08-07,Sun Pharma,SUNPHARMA.NS,1583.9329833984375,3435674,3435674,https://finance.yahoo.com/quote/SUNPHARMA.NS/
2025-08-08,Sun Pharma,SUNPHARMA.NS,1572.537109375,1654424,1654424,https://finance.yahoo.com/quote/SUNPHARMA.NS/
2025-08-11,Sun Pharma,SUNPHARMA.NS,1593.8424072265625,1140902,1140902,https://finance.yahoo.com/quote/SUNPHARMA.NS/
2025-08-12,Sun Pharma,SUNPHARMA.NS,1607.5174560546875,1679088,1679088,https://finance.yahoo.com/quote/SUNPHARMA.NS/
2025-08-13,Sun Pharma,SUNPHARMA.NS,1624.958251953125,1313668,1313668,https://finance.yahoo.com/quote/SUNPHARMA.NS/
2025-08-14,Sun Pharma,SUNPHARMA.NS,1626.5438232421875,1738094,1738094,https://finance.yahoo.com/quote/SUNPHARMA.NS/
2025-08-18,Sun Pharma,SUNPHARMA.NS,1617.9224853515625,3080173,3080173,https://finance.yahoo.com/quote/SUNPHARMA.NS/
2025-08-19,Sun Pharma,SUNPHARMA.NS,1611.877685546875,2656391,2656391,https://finance.yahoo.com/quote/SUNPHARMA.NS/
2025-08-20,Sun Pharma,SUNPHARMA.NS,1618.31884765625,1831706,1831706,https://finance.yahoo.com/quote/SUNPHARMA.NS/
2025-08-21,Sun Pharma,SUNPHARMA.NS,1625.3544921875,1727099,1727099,https://finance.yahoo.com/quote/SUNPHARMA.NS/
2025-08-22,Sun Pharma,SUNPHARMA.NS,1626.940185546875,2098310,2098310,https://finance.yahoo.com/quote/SUNPHARMA.NS/
2025-08-25,Sun Pharma,SUNPHARMA.NS,1641.7052001953125,1904984,1904984,https://finance.yahoo.com/quote/SUNPHARMA.NS/
2025-08-26,Sun Pharma,SUNPHARMA.NS,1585.8157958984375,4502371,4502371,https://finance.yahoo.com/quote/SUNPHARMA.NS/
2025-08-28,Sun Pharma,SUNPHARMA.NS,1571.3477783203125,4993739,4993739,https://finance.yahoo.com/quote/SUNPHARMA.NS/
2025-08-29,Sun Pharma,SUNPHARMA.NS,1580.0682373046875,3176534,3176534,https://finance.yahoo.com/quote/SUNPHARMA.NS/
2025-09-01,Sun Pharma,SUNPHARMA.NS,1549.150634765625,9366820,9366820,https://finance.yahoo.com/quote/SUNPHARMA.NS/
2025-09-02,Sun Pharma,SUNPHARMA.NS,1551.0333251953125,2855840,2855840,https://finance.yahoo.com/quote/SUNPHARMA.NS/
2025-09-03,Sun Pharma,SUNPHARMA.NS,1564.4111328125,2091370,2091370,https://finance.yahoo.com/quote/SUNPHARMA.NS/
2025-09-04,Sun Pharma,SUNPHARMA.NS,1567.9786376953125,2298657,2298657,https://finance.yahoo.com/quote/SUNPHARMA.NS/
2025-09-05,Sun Pharma,SUNPHARMA.NS,1579.17626953125,1814479,1814479,https://finance.yahoo.com/quote/SUNPHARMA.NS/
2025-09-08,Sun Pharma,SUNPHARMA.NS,1566.6904296875,1369139,1369139,https://finance.yahoo.com/quote/SUNPHARMA.NS/
2025-09-09,Sun Pharma,SUNPHARMA.NS,1577.2935791015625,1709406,1709406,https://finance.yahoo.com/quote/SUNPHARMA.NS/
2025-09-10,Sun Pharma,SUNPHARMA.NS,1578.978271484375,2408379,2408379,https://finance.yahoo.com/quote/SUNPHARMA.NS/
2025-09-11,Sun Pharma,SUNPHARMA.NS,1595.130615234375,1762484,1762484,https://finance.yahoo.com/quote/SUNPHARMA.NS/
2025-09-12,Sun Pharma,SUNPHARMA.NS,1601.96826171875,1878894,1878894,https://finance.yahoo.com/quote/SUNPHARMA.NS/
2025-09-15,Sun Pharma,SUNPHARMA.NS,1587.500244140625,2005917,2005917,https://finance.yahoo.com/quote/SUNPHARMA.NS/
2025-09-16,Sun Pharma,SUNPHARMA.NS,1595.92333984375,1480567,1480567,https://finance.yahoo.com/quote/SUNPHARMA.NS/
2025-09-17,Sun Pharma,SUNPHARMA.NS,1605.53564453125,2128406,2128406,https://finance.yahoo.com/quote/SUNPHARMA.NS/
2025-09-18,Sun Pharma,SUNPHARMA.NS,1633.6785888671875,1832386,1832386,https://finance.yahoo.com/quote/SUNPHARMA.NS/
2025-09-19,Sun Pharma,SUNPHARMA.NS,1641.0115966796875,3191406,3191406,https://finance.yahoo.com/quote/SUNPHARMA.NS/
2025-09-22,Sun Pharma,SUNPHARMA.NS,1629.1202392578125,1785320,1785320,https://finance.yahoo.com/quote/SUNPHARMA.NS/
2025-09-23,Sun Pharma,SUNPHARMA.NS,1616.43603515625,1967731,1967731,https://finance.yahoo.com/quote/SUNPHARMA.NS/
2025-09-24,Sun Pharma,SUNPHARMA.NS,1612.3731689453125,1131058,1131058,https://finance.yahoo.com/quote/SUNPHARMA.NS/
2025-09-25,Sun Pharma,SUNPHARMA.NS,1612.6705322265625,2762750,2762750,https://finance.yahoo.com/quote/SUNPHARMA.NS/
2025-09-26,Sun Pharma,SUNPHARMA.NS,1572.3387451171875,7256759,7256759,https://finance.yahoo.com/quote/SUNPHARMA.NS/
2025-09-29,Sun Pharma,SUNPHARMA.NS,1574.915283203125,4180922,4180922,https://finance.yahoo.com/quote/SUNPHARMA.NS/
2025-09-30,Sun Pharma,SUNPHARMA.NS,1579.8701171875,2257443,2257443,https://finance.yahoo.com/quote/SUNPHARMA.NS/
2025-10-01,Sun Pharma,SUNPHARMA.NS,1621.3907470703125,3109095,3109095,https://finance.yahoo.com/quote/SUNPHARMA.NS/
2025-10-03,Sun Pharma,SUNPHARMA.NS,1616.43603515625,4041865,4041865,https://finance.yahoo.com/quote/SUNPHARMA.NS/
2025-10-06,Sun Pharma,SUNPHARMA.NS,1639.7232666015625,1756916,1756916,https://finance.yahoo.com/quote/SUNPHARMA.NS/
2025-10-07,Sun Pharma,SUNPHARMA.NS,1638.1378173828125,2174852,2174852,https://finance.yahoo.com/quote/SUNPHARMA.NS/
2025-10-08,Sun Pharma,SUNPHARMA.NS,1616.83251953125,1846507,1846507,https://finance.yahoo.com/quote/SUNPHARMA.NS/
2025-10-09,Sun Pharma,SUNPHARMA.NS,1643.489013671875,2197566,2197566,https://finance.yahoo.com/quote/SUNPHARMA.NS/
2025-10-10,Sun Pharma,SUNPHARMA.NS,1655.7767333984375,1454056,1454056,https://finance.yahoo.com/quote/SUNPHARMA.NS/
2025-10-13,Sun Pharma,SUNPHARMA.NS,1653.2994384765625,1375179,1375179,https://finance.yahoo.com/quote/SUNPHARMA.NS/
2025-10-14,Sun Pharma,SUNPHARMA.NS,1639.426025390625,2108287,2108287,https://finance.yahoo.com/quote/SUNPHARMA.NS/
2025-10-15,Sun Pharma,SUNPHARMA.NS,1640.11962890625,2088737,2088737,https://finance.yahoo.com/quote/SUNPHARMA.NS/
2025-10-16,Sun Pharma,SUNPHARMA.NS,1643.9844970703125,2895957,2895957,https://finance.yahoo.com/quote/SUNPHARMA.NS/
2025-10-17,Sun Pharma,SUNPHARMA.NS,1663.9024658203125,1594147,1594147,https://finance.yahoo.com/quote/SUNPHARMA.NS/
2025-10-20,Sun Pharma,SUNPHARMA.NS,1673.3165283203125,1647622,1647622,https://finance.yahoo.com/quote/SUNPHARMA.NS/
2025-10-21,Sun Pharma,SUNPHARMA.NS,1675.1993408203125,74296,74296,https://finance.yahoo.com/quote/SUNPHARMA.NS/
2025-10-23,Sun Pharma,SUNPHARMA.NS,1674.604736328125,2687094,2687094,https://finance.yahoo.com/quote/SUNPHARMA.NS/
2025-10-24,Sun Pharma,SUNPHARMA.NS,1683.622314453125,994307,994307,https://finance.yahoo.com/quote/SUNPHARMA.NS/
2025-10-27,Sun Pharma,SUNPHARMA.NS,1678.271240234375,2067904,2067904,https://finance.yahoo.com/quote/SUNPHARMA.NS/
2025-10-28,Sun Pharma,SUNPHARMA.NS,1671.73095703125,2440939,2440939,https://finance.yahoo.com/quote/SUNPHARMA.NS/
2025-10-29,Sun Pharma,SUNPHARMA.NS,1700.369384765625,1016738,1016738,https://finance.yahoo.com/quote/SUNPHARMA.NS/
2025-10-30,Sun Pharma,SUNPHARMA.NS,1687.9825439453125,1986233,1986233,https://finance.yahoo.com/quote/SUNPHARMA.NS/
2025-10-31,Sun Pharma,SUNPHARMA.NS,1675.3974609375,1560918,1560918,https://finance.yahoo.com/quote/SUNPHARMA.NS/
2025-11-03,Sun Pharma,SUNPHARMA.NS,1690.9554443359375,1099955,1099955,https://finance.yahoo.com/quote/SUNPHARMA.NS/
2025-11-04,Sun Pharma,SUNPHARMA.NS,1674.703857421875,1597993,1597993,https://finance.yahoo.com/quote/SUNPHARMA.NS/
2025-11-06,Sun Pharma,SUNPHARMA.NS,1670.6409912109375,3389867,3389867,https://finance.yahoo.com/quote/SUNPHARMA.NS/
2025-11-07,Sun Pharma,SUNPHARMA.NS,1676.0911865234375,1512908,1512908,https://finance.yahoo.com/quote/SUNPHARMA.NS/
2025-11-10,Sun Pharma,SUNPHARMA.NS,1682.433349609375,1235665,1235665,https://finance.yahoo.com/quote/SUNPHARMA.NS/
2025-11-11,Sun Pharma,SUNPHARMA.NS,1700.567626953125,1315353,1315353,https://finance.yahoo.com/quote/SUNPHARMA.NS/
2025-11-12,Sun Pharma,SUNPHARMA.NS,1716.4228515625,1833097,1833097,https://finance.yahoo.com/quote/SUNPHARMA.NS/
2025-11-13,Sun Pharma,SUNPHARMA.NS,1721.6749267578125,1727602,1727602,https://finance.yahoo.com/quote/SUNPHARMA.NS/
2025-11-14,Sun Pharma,SUNPHARMA.NS,1741.196533203125,1667322,1667322,https://finance.yahoo.com/quote/SUNPHARMA.NS/
2025-11-17,Sun Pharma,SUNPHARMA.NS,1747.93505859375,1430618,1430618,https://finance.yahoo.com/quote/SUNPHARMA.NS/
2025-11-18,Sun Pharma,SUNPHARMA.NS,1742.8812255859375,1429522,1429522,https://finance.yahoo.com/quote/SUNPHARMA.NS/
2025-11-19,Sun Pharma,SUNPHARMA.NS,1767.9521484375,2131124,2131124,https://finance.yahoo.com/quote/SUNPHARMA.NS/
2025-11-20,Sun Pharma,SUNPHARMA.NS,1761.3128662109375,1513894,1513894,https://finance.yahoo.com/quote/SUNPHARMA.NS/
2025-11-21,Sun Pharma,SUNPHARMA.NS,1763.5919189453125,2199311,2199311,https://finance.yahoo.com/quote/SUNPHARMA.NS/
2025-11-24,Sun Pharma,SUNPHARMA.NS,1764.68212890625,3434492,3434492,https://finance.yahoo.com/quote/SUNPHARMA.NS/
2025-11-25,Sun Pharma,SUNPHARMA.NS,1760.71826171875,1848114,1848114,https://finance.yahoo.com/quote/SUNPHARMA.NS/
2025-11-26,Sun Pharma,SUNPHARMA.NS,1788.56396484375,1158948,1158948,https://finance.yahoo.com/quote/SUNPHARMA.NS/
2025-11-27,Sun Pharma,SUNPHARMA.NS,1793.9150390625,2902053,2902053,https://finance.yahoo.com/quote/SUNPHARMA.NS/
2025-11-28,Sun Pharma,SUNPHARMA.NS,1815.022216796875,1623103,1623103,https://finance.yahoo.com/quote/SUNPHARMA.NS/
2025-12-01,Sun Pharma,SUNPHARMA.NS,1791.041259765625,1869293,1869293,https://finance.yahoo.com/quote/SUNPHARMA.NS/
2025-12-02,Sun Pharma,SUNPHARMA.NS,1783.2127685546875,2948688,2948688,https://finance.yahoo.com/quote/SUNPHARMA.NS/
2025-12-03,Sun Pharma,SUNPHARMA.NS,1790.3475341796875,2114510,2114510,https://finance.yahoo.com/quote/SUNPHARMA.NS/
2025-12-04,Sun Pharma,SUNPHARMA.NS,1801.8427734375,1713961,1713961,https://finance.yahoo.com/quote/SUNPHARMA.NS/
2025-12-05,Sun Pharma,SUNPHARMA.NS,1788.9603271484375,1777401,1777401,https://finance.yahoo.com/quote/SUNPHARMA.NS/
2025-12-08,Sun Pharma,SUNPHARMA.NS,1779.942626953125,2410074,2410074,https://finance.yahoo.com/quote/SUNPHARMA.NS/
2025-12-09,Sun Pharma,SUNPHARMA.NS,1759.9254150390625,2401728,2401728,https://finance.yahoo.com/quote/SUNPHARMA.NS/
2025-12-10,Sun Pharma,SUNPHARMA.NS,1769.3394775390625,2321746,2321746,https://finance.yahoo.com/quote/SUNPHARMA.NS/
2025-12-11,Sun Pharma,SUNPHARMA.NS,1790.843017578125,1280916,1280916,https://finance.yahoo.com/quote/SUNPHARMA.NS/
2025-12-12,Sun Pharma,SUNPHARMA.NS,1777.26708984375,1442309,1442309,https://finance.yahoo.com/quote/SUNPHARMA.NS/
2025-12-15,Sun Pharma,SUNPHARMA.NS,1780.83447265625,1396948,1396948,https://finance.yahoo.com/quote/SUNPHARMA.NS/
2025-12-16,Sun Pharma,SUNPHARMA.NS,1765.1776123046875,1533979,1533979,https://finance.yahoo.com/quote/SUNPHARMA.NS/
2025-12-17,Sun Pharma,SUNPHARMA.NS,1776.672607421875,1910628,1910628,https://finance.yahoo.com/quote/SUNPHARMA.NS/
2025-12-18,Sun Pharma,SUNPHARMA.NS,1730.097900390625,3461351,3461351,https://finance.yahoo.com/quote/SUNPHARMA.NS/
2025-12-19,Sun Pharma,SUNPHARMA.NS,1729.10693359375,2768986,2768986,https://finance.yahoo.com/quote/SUNPHARMA.NS/
2025-12-22,Sun Pharma,SUNPHARMA.NS,1753.7816162109375,1467257,1467257,https://finance.yahoo.com/quote/SUNPHARMA.NS/
2025-12-23,Sun Pharma,SUNPHARMA.NS,1740.0074462890625,1124853,1124853,https://finance.yahoo.com/quote/SUNPHARMA.NS/
2025-12-24,Sun Pharma,SUNPHARMA.NS,1721.278564453125,2224786,2224786,https://finance.yahoo.com/quote/SUNPHARMA.NS/
2025-12-26,Sun Pharma,SUNPHARMA.NS,1703.936767578125,2507337,2507337,https://finance.yahoo.com/quote/SUNPHARMA.NS/
2025-12-29,Sun Pharma,SUNPHARMA.NS,1701.65771484375,1800816,1800816,https://finance.yahoo.com/quote/SUNPHARMA.NS/
2025-12-30,Sun Pharma,SUNPHARMA.NS,1704.6304931640625,2639497,2639497,https://finance.yahoo.com/quote/SUNPHARMA.NS/
2025-12-31,Sun Pharma,SUNPHARMA.NS,1704.135009765625,1428439,1428439,https://finance.yahoo.com/quote/SUNPHARMA.NS/
2026-01-01,Sun Pharma,SUNPHARMA.NS,1705.5223388671875,877515,877515,https://finance.yahoo.com/quote/SUNPHARMA.NS/
2026-01-02,Sun Pharma,SUNPHARMA.NS,1712.35986328125,974123,974123,https://finance.yahoo.com/quote/SUNPHARMA.NS/
2026-01-05,Sun Pharma,SUNPHARMA.NS,1713.2518310546875,1416698,1416698,https://finance.yahoo.com/quote/SUNPHARMA.NS/
2026-01-06,Sun Pharma,SUNPHARMA.NS,1744.2684326171875,1658801,1658801,https://finance.yahoo.com/quote/SUNPHARMA.NS/
2026-01-07,Sun Pharma,SUNPHARMA.NS,1766.4656982421875,3059500,3059500,https://finance.yahoo.com/quote/SUNPHARMA.NS/
2026-01-08,Sun Pharma,SUNPHARMA.NS,1744.763916015625,1910656,1910656,https://finance.yahoo.com/quote/SUNPHARMA.NS/
2026-01-09,Sun Pharma,SUNPHARMA.NS,1714.2427978515625,1585689,1585689,https://finance.yahoo.com/quote/SUNPHARMA.NS/
2026-01-12,Sun Pharma,SUNPHARMA.NS,1720.2874755859375,2327272,2327272,https://finance.yahoo.com/quote/SUNPHARMA.NS/
2026-01-13,Sun Pharma,SUNPHARMA.NS,1713.053466796875,1770082,1770082,https://finance.yahoo.com/quote/SUNPHARMA.NS/
2026-01-14,Sun Pharma,SUNPHARMA.NS,1685.3070068359375,2479677,2479677,https://finance.yahoo.com/quote/SUNPHARMA.NS/
2026-01-15,Sun Pharma,SUNPHARMA.NS,1685.3070068359375,0,0,https://finance.yahoo.com/quote/SUNPHARMA.NS/
2026-01-16,Sun Pharma,SUNPHARMA.NS,1653.794921875,3697596,3697596,https://finance.yahoo.com/quote/SUNPHARMA.NS/
2026-01-19,Sun Pharma,SUNPHARMA.NS,1660.236083984375,2975272,2975272,https://finance.yahoo.com/quote/SUNPHARMA.NS/
2026-01-20,Sun Pharma,SUNPHARMA.NS,1599.193603515625,5019166,5019166,https://finance.yahoo.com/quote/SUNPHARMA.NS/
2026-01-21,Sun Pharma,SUNPHARMA.NS,1598.3017578125,3947877,3947877,https://finance.yahoo.com/quote/SUNPHARMA.NS/
2026-01-22,Sun Pharma,SUNPHARMA.NS,1619.408935546875,2279862,2279862,https://finance.yahoo.com/quote/SUNPHARMA.NS/
2026-01-23,Sun Pharma,SUNPHARMA.NS,1617.1297607421875,1678658,1678658,https://finance.yahoo.com/quote/SUNPHARMA.NS/
2026-01-27,Sun Pharma,SUNPHARMA.NS,1624.06640625,2666522,2666522,https://finance.yahoo.com/quote/SUNPHARMA.NS/
2026-01-28,Sun Pharma,SUNPHARMA.NS,1596.0224609375,4124391,4124391,https://finance.yahoo.com/quote/SUNPHARMA.NS/
2026-01-29,Sun Pharma,SUNPHARMA.NS,1574.915283203125,5796513,5796513,https://finance.yahoo.com/quote/SUNPHARMA.NS/
2026-01-30,Sun Pharma,SUNPHARMA.NS,1580.861083984375,3962196,3962196,https://finance.yahoo.com/quote/SUNPHARMA.NS/
2026-02-02,Sun Pharma,SUNPHARMA.NS,1613.166015625,2721280,2721280,https://finance.yahoo.com/quote/SUNPHARMA.NS/
2026-02-03,Sun Pharma,SUNPHARMA.NS,1686.6943359375,8520586,8520586,https://finance.yahoo.com/quote/SUNPHARMA.NS/
2026-02-04,Sun Pharma,SUNPHARMA.NS,1688.9736328125,3952775,3952775,https://finance.yahoo.com/quote/SUNPHARMA.NS/
2026-02-05,Sun Pharma,SUNPHARMA.NS,1698.1494140625,3074842,3074842,https://finance.yahoo.com/quote/SUNPHARMA.NS/
2026-02-06,Sun Pharma,SUNPHARMA.NS,1690.6690673828125,1277116,1277116,https://finance.yahoo.com/quote/SUNPHARMA.NS/
2026-02-09,Sun Pharma,SUNPHARMA.NS,1700.1441650390625,2647031,2647031,https://finance.yahoo.com/quote/SUNPHARMA.NS/
2026-02-10,Sun Pharma,SUNPHARMA.NS,1703.3359375,1869988,1869988,https://finance.yahoo.com/quote/SUNPHARMA.NS/
2026-02-11,Sun Pharma,SUNPHARMA.NS,1706.627197265625,1175501,1175501,https://finance.yahoo.com/quote/SUNPHARMA.NS/
2026-02-12,Sun Pharma,SUNPHARMA.NS,1710.4173583984375,1359444,1359444,https://finance.yahoo.com/quote/SUNPHARMA.NS/
2026-02-13,Sun Pharma,SUNPHARMA.NS,1693.062744140625,1148165,1148165,https://finance.yahoo.com/quote/SUNPHARMA.NS/
2026-02-16,Sun Pharma,SUNPHARMA.NS,1696.054931640625,1247403,1247403,https://finance.yahoo.com/quote/SUNPHARMA.NS/
2026-02-17,Sun Pharma,SUNPHARMA.NS,1712.611572265625,1053855,1053855,https://finance.yahoo.com/quote/SUNPHARMA.NS/
2026-02-18,Sun Pharma,SUNPHARMA.NS,1719.8924560546875,1262429,1262429,https://finance.yahoo.com/quote/SUNPHARMA.NS/
2026-02-19,Sun Pharma,SUNPHARMA.NS,1708.9212646484375,1143429,1143429,https://finance.yahoo.com/quote/SUNPHARMA.NS/
2026-02-20,Sun Pharma,SUNPHARMA.NS,1719.8924560546875,1203988,1203988,https://finance.yahoo.com/quote/SUNPHARMA.NS/
2026-02-23,Sun Pharma,SUNPHARMA.NS,1727.7718505859375,1550400,1550400,https://finance.yahoo.com/quote/SUNPHARMA.NS/
2026-02-24,Sun Pharma,SUNPHARMA.NS,1727.273193359375,2769363,2769363,https://finance.yahoo.com/quote/SUNPHARMA.NS/
2026-02-25,Sun Pharma,SUNPHARMA.NS,1759.58837890625,1200997,1200997,https://finance.yahoo.com/quote/SUNPHARMA.NS/
2026-02-26,Sun Pharma,SUNPHARMA.NS,1781.0322265625,2076586,2076586,https://finance.yahoo.com/quote/SUNPHARMA.NS/
2026-02-27,Sun Pharma,SUNPHARMA.NS,1732.4595947265625,3041489,3041489,https://finance.yahoo.com/quote/SUNPHARMA.NS/
2026-03-02,Sun Pharma,SUNPHARMA.NS,1747.9190673828125,3919270,3919270,https://finance.yahoo.com/quote/SUNPHARMA.NS/
2026-03-04,Sun Pharma,SUNPHARMA.NS,1745.92431640625,4914857,4914857,https://finance.yahoo.com/quote/SUNPHARMA.NS/
2026-03-05,Sun Pharma,SUNPHARMA.NS,1779.8353271484375,3600895,3600895,https://finance.yahoo.com/quote/SUNPHARMA.NS/
2026-03-06,Sun Pharma,SUNPHARMA.NS,1794.6964111328125,3669921,3669921,https://finance.yahoo.com/quote/SUNPHARMA.NS/
2026-03-09,Sun Pharma,SUNPHARMA.NS,1802.675537109375,4112775,4112775,https://finance.yahoo.com/quote/SUNPHARMA.NS/
2026-03-10,Sun Pharma,SUNPHARMA.NS,1808.0614013671875,3298680,3298680,https://finance.yahoo.com/quote/SUNPHARMA.NS/
2026-03-11,Sun Pharma,SUNPHARMA.NS,1821.127197265625,2510495,2510495,https://finance.yahoo.com/quote/SUNPHARMA.NS/
2026-03-12,Sun Pharma,SUNPHARMA.NS,1820.52880859375,2606057,2606057,https://finance.yahoo.com/quote/SUNPHARMA.NS/
2026-03-13,Sun Pharma,SUNPHARMA.NS,1796.890625,2554627,2554627,https://finance.yahoo.com/quote/SUNPHARMA.NS/
2026-03-16,Sun Pharma,SUNPHARMA.NS,1778.5386962890625,2452391,2452391,https://finance.yahoo.com/quote/SUNPHARMA.NS/
2026-03-17,Sun Pharma,SUNPHARMA.NS,1789.70947265625,1979497,1979497,https://finance.yahoo.com/quote/SUNPHARMA.NS/
2026-03-18,Sun Pharma,SUNPHARMA.NS,1773.651611328125,2436459,2436459,https://finance.yahoo.com/quote/SUNPHARMA.NS/
2026-03-19,Sun Pharma,SUNPHARMA.NS,1739.8402099609375,2301164,2301164,https://finance.yahoo.com/quote/SUNPHARMA.NS/
2026-03-20,Sun Pharma,SUNPHARMA.NS,1772.4547119140625,3591446,3591446,https://finance.yahoo.com/quote/SUNPHARMA.NS/
2026-03-23,Sun Pharma,SUNPHARMA.NS,1753.8035888671875,2783613,2783613,https://finance.yahoo.com/quote/SUNPHARMA.NS/
2026-03-24,Sun Pharma,SUNPHARMA.NS,1748.717041015625,2040152,2040152,https://finance.yahoo.com/quote/SUNPHARMA.NS/
2026-03-25,Sun Pharma,SUNPHARMA.NS,1790.7069091796875,1900794,1900794,https://finance.yahoo.com/quote/SUNPHARMA.NS/
2026-03-27,Sun Pharma,SUNPHARMA.NS,1788.91162109375,2975423,2975423,https://finance.yahoo.com/quote/SUNPHARMA.NS/
2026-03-30,Sun Pharma,SUNPHARMA.NS,1752.606689453125,4182503,4182503,https://finance.yahoo.com/quote/SUNPHARMA.NS/
2026-04-01,Sun Pharma,SUNPHARMA.NS,1723.9818115234375,3245628,3245628,https://finance.yahoo.com/quote/SUNPHARMA.NS/
2026-04-02,Sun Pharma,SUNPHARMA.NS,1689.1729736328125,3937824,3937824,https://finance.yahoo.com/quote/SUNPHARMA.NS/
2026-04-06,Sun Pharma,SUNPHARMA.NS,1690.17041015625,3533715,3533715,https://finance.yahoo.com/quote/SUNPHARMA.NS/
2026-04-07,Sun Pharma,SUNPHARMA.NS,1713.5091552734375,2471378,2471378,https://finance.yahoo.com/quote/SUNPHARMA.NS/
2026-04-08,Sun Pharma,SUNPHARMA.NS,1710.1180419921875,4859877,4859877,https://finance.yahoo.com/quote/SUNPHARMA.NS/
2026-04-09,Sun Pharma,SUNPHARMA.NS,1712.611572265625,3276165,3276165,https://finance.yahoo.com/quote/SUNPHARMA.NS/
2026-04-10,Sun Pharma,SUNPHARMA.NS,1650.57421875,8089531,8089531,https://finance.yahoo.com/quote/SUNPHARMA.NS/
2026-04-13,Sun Pharma,SUNPHARMA.NS,1647.881103515625,3751005,3751005,https://finance.yahoo.com/quote/SUNPHARMA.NS/
2026-04-15,Sun Pharma,SUNPHARMA.NS,1692.1651611328125,3760449,3760449,https://finance.yahoo.com/quote/SUNPHARMA.NS/
2026-04-16,Sun Pharma,SUNPHARMA.NS,1688.67431640625,4512633,4512633,https://finance.yahoo.com/quote/SUNPHARMA.NS/
2026-04-17,Sun Pharma,SUNPHARMA.NS,1671.120361328125,3146482,3146482,https://finance.yahoo.com/quote/SUNPHARMA.NS/
2026-04-20,Sun Pharma,SUNPHARMA.NS,1664.23828125,1834532,1834532,https://finance.yahoo.com/quote/SUNPHARMA.NS/
2026-04-21,Sun Pharma,SUNPHARMA.NS,1660.84716796875,3631490,3631490,https://finance.yahoo.com/quote/SUNPHARMA.NS/
2026-04-22,Sun Pharma,SUNPHARMA.NS,1665.435302734375,2169514,2169514,https://finance.yahoo.com/quote/SUNPHARMA.NS/
2026-04-23,Sun Pharma,SUNPHARMA.NS,1675.708251953125,3245164,3245164,https://finance.yahoo.com/quote/SUNPHARMA.NS/
2026-04-24,Sun Pharma,SUNPHARMA.NS,1616.164306640625,9606128,9606128,https://finance.yahoo.com/quote/SUNPHARMA.NS/
2026-04-27,Sun Pharma,SUNPHARMA.NS,1728.96875,26995361,26995361,https://finance.yahoo.com/quote/SUNPHARMA.NS/
2026-04-28,Sun Pharma,SUNPHARMA.NS,1742.732666015625,16599167,16599167,https://finance.yahoo.com/quote/SUNPHARMA.NS/
2026-04-29,Sun Pharma,SUNPHARMA.NS,1774.050537109375,9809449,9809449,https://finance.yahoo.com/quote/SUNPHARMA.NS/
2026-04-30,Sun Pharma,SUNPHARMA.NS,1803.5732421875,4749798,4749798,https://finance.yahoo.com/quote/SUNPHARMA.NS/
2026-05-01,Sun Pharma,SUNPHARMA.NS,1803.5732421875,0,0,https://finance.yahoo.com/quote/SUNPHARMA.NS/
2026-05-04,Sun Pharma,SUNPHARMA.NS,1818.7333984375,4206373,4206373,https://finance.yahoo.com/quote/SUNPHARMA.NS/
2026-05-05,Sun Pharma,SUNPHARMA.NS,1816.04052734375,3011421,3011421,https://finance.yahoo.com/quote/SUNPHARMA.NS/
2026-05-06,Sun Pharma,SUNPHARMA.NS,1845.3636474609375,3247156,3247156,https://finance.yahoo.com/quote/SUNPHARMA.NS/
2026-05-07,Sun Pharma,SUNPHARMA.NS,1829.60498046875,2201070,2201070,https://finance.yahoo.com/quote/SUNPHARMA.NS/
2026-05-08,Sun Pharma,SUNPHARMA.NS,1843.0697021484375,2837885,2837885,https://finance.yahoo.com/quote/SUNPHARMA.NS/
2026-05-11,Sun Pharma,SUNPHARMA.NS,1867.8048095703125,2564978,2564978,https://finance.yahoo.com/quote/SUNPHARMA.NS/
2026-05-12,Sun Pharma,SUNPHARMA.NS,1840.8753662109375,3263351,3263351,https://finance.yahoo.com/quote/SUNPHARMA.NS/
2026-05-13,Sun Pharma,SUNPHARMA.NS,1820.0301513671875,1972365,1972365,https://finance.yahoo.com/quote/SUNPHARMA.NS/
2026-05-14,Sun Pharma,SUNPHARMA.NS,1858.32958984375,2429220,2429220,https://finance.yahoo.com/quote/SUNPHARMA.NS/
2026-05-15,Sun Pharma,SUNPHARMA.NS,1873.2904052734375,2756465,2756465,https://finance.yahoo.com/quote/SUNPHARMA.NS/
2026-05-18,Sun Pharma,SUNPHARMA.NS,1900.818359375,3456331,3456331,https://finance.yahoo.com/quote/SUNPHARMA.NS/
2026-05-19,Sun Pharma,SUNPHARMA.NS,1877.3797607421875,2200951,2200951,https://finance.yahoo.com/quote/SUNPHARMA.NS/
2026-05-20,Sun Pharma,SUNPHARMA.NS,1875.385009765625,1376695,1376695,https://finance.yahoo.com/quote/SUNPHARMA.NS/
2026-05-21,Sun Pharma,SUNPHARMA.NS,1886.3563232421875,1605806,1605806,https://finance.yahoo.com/quote/SUNPHARMA.NS/
2026-05-22,Sun Pharma,SUNPHARMA.NS,1839.7783203125,3610732,3610732,https://finance.yahoo.com/quote/SUNPHARMA.NS/
2026-05-25,Sun Pharma,SUNPHARMA.NS,1835.7886962890625,3049028,3049028,https://finance.yahoo.com/quote/SUNPHARMA.NS/
2026-05-26,Sun Pharma,SUNPHARMA.NS,1835.98828125,2337759,2337759,https://finance.yahoo.com/quote/SUNPHARMA.NS/
2026-05-27,Sun Pharma,SUNPHARMA.NS,1839.4791259765625,1385752,1385752,https://finance.yahoo.com/quote/SUNPHARMA.NS/
2026-05-28,Sun Pharma,SUNPHARMA.NS,1839.4791259765625,0,0,https://finance.yahoo.com/quote/SUNPHARMA.NS/
2026-05-29,Sun Pharma,SUNPHARMA.NS,1794.4969482421875,10058572,10058572,https://finance.yahoo.com/quote/SUNPHARMA.NS/
2026-06-01,Sun Pharma,SUNPHARMA.NS,1791.8040771484375,2051152,2051152,https://finance.yahoo.com/quote/SUNPHARMA.NS/
2026-06-02,Sun Pharma,SUNPHARMA.NS,1785.2213134765625,2885899,2885899,https://finance.yahoo.com/quote/SUNPHARMA.NS/
2026-06-03,Sun Pharma,SUNPHARMA.NS,1783.824951171875,4209769,4209769,https://finance.yahoo.com/quote/SUNPHARMA.NS/
2026-06-04,Sun Pharma,SUNPHARMA.NS,1775.4468994140625,2343536,2343536,https://finance.yahoo.com/quote/SUNPHARMA.NS/
2026-06-05,Sun Pharma,SUNPHARMA.NS,1777.5413818359375,2495159,2495159,https://finance.yahoo.com/quote/SUNPHARMA.NS/
2026-06-08,Sun Pharma,SUNPHARMA.NS,1784.1241455078125,3098542,3098542,https://finance.yahoo.com/quote/SUNPHARMA.NS/
2026-06-09,Sun Pharma,SUNPHARMA.NS,1774.3497314453125,3756570,3756570,https://finance.yahoo.com/quote/SUNPHARMA.NS/
2026-06-10,Sun Pharma,SUNPHARMA.NS,1781.73046875,1882009,1882009,https://finance.yahoo.com/quote/SUNPHARMA.NS/
2026-06-11,Sun Pharma,SUNPHARMA.NS,1789.510009765625,1858093,1858093,https://finance.yahoo.com/quote/SUNPHARMA.NS/
2026-06-12,Sun Pharma,SUNPHARMA.NS,1802.9747314453125,1243362,1243362,https://finance.yahoo.com/quote/SUNPHARMA.NS/
2026-06-15,Sun Pharma,SUNPHARMA.NS,1801.2791748046875,2188933,2188933,https://finance.yahoo.com/quote/SUNPHARMA.NS/
2026-06-16,Sun Pharma,SUNPHARMA.NS,1795.9930419921875,1373638,1373638,https://finance.yahoo.com/quote/SUNPHARMA.NS/
2026-06-17,Sun Pharma,SUNPHARMA.NS,1815.6416015625,1771990,1771990,https://finance.yahoo.com/quote/SUNPHARMA.NS/
2026-06-18,Sun Pharma,SUNPHARMA.NS,1820.0301513671875,2054738,2054738,https://finance.yahoo.com/quote/SUNPHARMA.NS/
2026-06-19,Sun Pharma,SUNPHARMA.NS,1833.4947509765625,2126703,2126703,https://finance.yahoo.com/quote/SUNPHARMA.NS/
2026-06-22,Sun Pharma,SUNPHARMA.NS,1858.030517578125,1588758,1588758,https://finance.yahoo.com/quote/SUNPHARMA.NS/
2026-06-23,Sun Pharma,SUNPHARMA.NS,1863.1170654296875,2812236,2812236,https://finance.yahoo.com/quote/SUNPHARMA.NS/
2026-06-24,Sun Pharma,SUNPHARMA.NS,1869.5003662109375,1406231,1406231,https://finance.yahoo.com/quote/SUNPHARMA.NS/
2026-06-25,Sun Pharma,SUNPHARMA.NS,1857.9307861328125,1816438,1816438,https://finance.yahoo.com/quote/SUNPHARMA.NS/
2026-06-26,Sun Pharma,SUNPHARMA.NS,1857.9307861328125,0,0,https://finance.yahoo.com/quote/SUNPHARMA.NS/
2026-06-29,Sun Pharma,SUNPHARMA.NS,1869.8994140625,1655869,1655869,https://finance.yahoo.com/quote/SUNPHARMA.NS/
2026-06-30,Sun Pharma,SUNPHARMA.NS,1857.6314697265625,2352774,2352774,https://finance.yahoo.com/quote/SUNPHARMA.NS/
2026-07-01,Sun Pharma,SUNPHARMA.NS,1861.32177734375,1230360,1230360,https://finance.yahoo.com/quote/SUNPHARMA.NS/
2026-07-02,Sun Pharma,SUNPHARMA.NS,1866.1092529296875,1485296,1485296,https://finance.yahoo.com/quote/SUNPHARMA.NS/
2026-07-03,Sun Pharma,SUNPHARMA.NS,1899.8209228515625,2168491,2168491,https://finance.yahoo.com/quote/SUNPHARMA.NS/
2026-07-06,Sun Pharma,SUNPHARMA.NS,1907.800048828125,1213635,1213635,https://finance.yahoo.com/quote/SUNPHARMA.NS/
2026-07-07,Sun Pharma,SUNPHARMA.NS,1903.4000244140625,2060613,2060613,https://finance.yahoo.com/quote/SUNPHARMA.NS/
2026-07-08,Sun Pharma,SUNPHARMA.NS,1888.199951171875,2785926,2785926,https://finance.yahoo.com/quote/SUNPHARMA.NS/
2026-07-09,Sun Pharma,SUNPHARMA.NS,1938.699951171875,4446201,4446201,https://finance.yahoo.com/quote/SUNPHARMA.NS/
2026-07-10,Sun Pharma,SUNPHARMA.NS,1935.5,1478172,1478172,https://finance.yahoo.com/quote/SUNPHARMA.NS/
2026-07-13,Sun Pharma,SUNPHARMA.NS,1921.4000244140625,1573176,1573176,https://finance.yahoo.com/quote/SUNPHARMA.NS/
2026-07-14,Sun Pharma,SUNPHARMA.NS,1942.5999755859375,2822124,2822124,https://finance.yahoo.com/quote/SUNPHARMA.NS/
2026-07-15,Sun Pharma,SUNPHARMA.NS,1951.5,2283494,2283494,https://finance.yahoo.com/quote/SUNPHARMA.NS/
2026-07-16,Sun Pharma,SUNPHARMA.NS,1950.0999755859375,1396189,1396189,https://finance.yahoo.com/quote/SUNPHARMA.NS/
2026-07-17,Sun Pharma,SUNPHARMA.NS,1932.5999755859375,2475664,2475664,https://finance.yahoo.com/quote/SUNPHARMA.NS/
2026-07-20,Sun Pharma,SUNPHARMA.NS,1956.4000244140625,1676034,1676034,https://finance.yahoo.com/quote/SUNPHARMA.NS/
2026-07-21,Sun Pharma,SUNPHARMA.NS,1961.9000244140625,1412579,1412579,https://finance.yahoo.com/quote/SUNPHARMA.NS/
2026-07-22,Sun Pharma,SUNPHARMA.NS,1943.0,1718430,1718430,https://finance.yahoo.com/quote/SUNPHARMA.NS/
2026-07-23,Sun Pharma,SUNPHARMA.NS,1954.0,2057288,2057288,https://finance.yahoo.com/quote/SUNPHARMA.NS/
2026-07-24,Sun Pharma,SUNPHARMA.NS,1941.0999755859375,1578929,1578929,https://finance.yahoo.com/quote/SUNPHARMA.NS/
2026-07-27,Sun Pharma,SUNPHARMA.NS,1973.699951171875,5414380,5414380,https://finance.yahoo.com/quote/SUNPHARMA.NS/
2026-07-28,Sun Pharma,SUNPHARMA.NS,1976.699951171875,4579529,4579529,https://finance.yahoo.com/quote/SUNPHARMA.NS/
2026-07-29,Sun Pharma,SUNPHARMA.NS,1989.9000244140625,2682295,2682295,https://finance.yahoo.com/quote/SUNPHARMA.NS/
2026-07-30,Sun Pharma,SUNPHARMA.NS,2001.0999755859375,2224264,2224264,https://finance.yahoo.com/quote/SUNPHARMA.NS/
2026-07-31,Sun Pharma,SUNPHARMA.NS,1990.5,4954449,4954449,https://finance.yahoo.com/quote/SUNPHARMA.NS/
2026-08-03,Sun Pharma,SUNPHARMA.NS,1963.5,3972351,3972351,https://finance.yahoo.com/quote/SUNPHARMA.NS/
2026-08-04,Sun Pharma,SUNPHARMA.NS,1964.0,1452888,1452888,https://finance.yahoo.com/quote/SUNPHARMA.NS/
2026-08-05,Sun Pharma,SUNPHARMA.NS,1940.0,2152829,2152829,https://finance.yahoo.com/quote/SUNPHARMA.NS/
2026-08-06,Sun Pharma,SUNPHARMA.NS,1951.0,1864891,1864891,https://finance.yahoo.com/quote/SUNPHARMA.NS/
2026-08-07,Sun Pharma,SUNPHARMA.NS,1945.0,2425268,2425268,https://finance.yahoo.com/quote/SUNPHARMA.NS/
2026-08-10,Sun Pharma,SUNPHARMA.NS,1944.4000244140625,1726946,1726946,https://finance.yahoo.com/quote/SUNPHARMA.NS/
2026-08-11,Sun Pharma,SUNPHARMA.NS,1942.0,2125972,2125972,https://finance.yahoo.com/quote/SUNPHARMA.NS/
2026-08-12,Sun Pharma,SUNPHARMA.NS,1944.0,1536383,1536383,https://finance.yahoo.com/quote/SUNPHARMA.NS/
2026-08-13,Sun Pharma,SUNPHARMA.NS,1932.0,1216049,1216049,https://finance.yahoo.com/quote/SUNPHARMA.NS/
2026-08-14,Sun Pharma,SUNPHARMA.NS,1930.0,881282,881282,https://finance.yahoo.com/quote/SUNPHARMA.NS/
2026-08-17,Sun Pharma,SUNPHARMA.NS,1882.0,1893086,1893086,https://finance.yahoo.com/quote/SUNPHARMA.NS/
2026-08-18,Sun Pharma,SUNPHARMA.NS,1875.0999755859375,1819169,1819169,https://finance.yahoo.com/quote/SUNPHARMA.NS/
2026-08-19,Sun Pharma,SUNPHARMA.NS,1900.0,1566692,1566692,https://finance.yahoo.com/quote/SUNPHARMA.NS/
2026-08-20,Sun Pharma,SUNPHARMA.NS,1904.0,893691,893691,https://finance.yahoo.com/quote/SUNPHARMA.NS/
2026-08-21,Sun Pharma,SUNPHARMA.NS,1902.4000244140625,1491953,1491953,https://finance.yahoo.com/quote/SUNPHARMA.NS/
2026-08-24,Sun Pharma,SUNPHARMA.NS,1910.0,2317987,2317987,https://finance.yahoo.com/quote/SUNPHARMA.NS/
2026-08-25,Sun Pharma,SUNPHARMA.NS,1922.0,1221044,1221044,https://finance.yahoo.com/quote/SUNPHARMA.NS/
2026-08-26,Sun Pharma,SUNPHARMA.NS,1899.5,648845,648845,https://finance.yahoo.com/quote/SUNPHARMA.NS/
2026-08-27,Sun Pharma,SUNPHARMA.NS,1913.300048828125,1107552,1107552,https://finance.yahoo.com/quote/SUNPHARMA.NS/
2026-08-28,Sun Pharma,SUNPHARMA.NS,1920.0,1140742,1140742,https://finance.yahoo.com/quote/SUNPHARMA.NS/
2026-08-31,Sun Pharma,SUNPHARMA.NS,1984.800048828125,2413221,2413221,https://finance.yahoo.com/quote/SUNPHARMA.NS/
2026-09-01,Sun Pharma,SUNPHARMA.NS,1929.0,3595272,3595272,https://finance.yahoo.com/quote/SUNPHARMA.NS/
2026-09-02,Sun Pharma,SUNPHARMA.NS,1931.699951171875,1245419,1245419,https://finance.yahoo.com/quote/SUNPHARMA.NS/
2026-09-03,Sun Pharma,SUNPHARMA.NS,1916.0,1205188,1205188,https://finance.yahoo.com/quote/SUNPHARMA.NS/
2026-09-04,Sun Pharma,SUNPHARMA.NS,1899.0,761333,761333,https://finance.yahoo.com/quote/SUNPHARMA.NS/
2026-09-07,Sun Pharma,SUNPHARMA.NS,1895.0,1579345,1579345,https://finance.yahoo.com/quote/SUNPHARMA.NS/
2026-09-08,Sun Pharma,SUNPHARMA.NS,1885.9000244140625,1422627,1422627,https://finance.yahoo.com/quote/SUNPHARMA.NS/
2026-09-09,Sun Pharma,SUNPHARMA.NS,1864.9000244140625,1396896,1396896,https://finance.yahoo.com/quote/SUNPHARMA.NS/
2026-09-10,Sun Pharma,SUNPHARMA.NS,1861.0,1178648,1178648,https://finance.yahoo.com/quote/SUNPHARMA.NS/
2026-09-11,Sun Pharma,SUNPHARMA.NS,1840.0,1445071,1445071,https://finance.yahoo.com/quote/SUNPHARMA.NS/
2026-09-14,Sun Pharma,SUNPHARMA.NS,1840.0,0,0,https://finance.yahoo.com/quote/SUNPHARMA.NS/
2026-09-15,Sun Pharma,SUNPHARMA.NS,1835.0,1437151,1437151,https://finance.yahoo.com/quote/SUNPHARMA.NS/
2026-09-16,Sun Pharma,SUNPHARMA.NS,1853.5,1370607,1370607,https://finance.yahoo.com/quote/SUNPHARMA.NS/
2026-09-17,Sun Pharma,SUNPHARMA.NS,1867.300048828125,1377506,1377506,https://finance.yahoo.com/quote/SUNPHARMA.NS/
2026-09-18,Sun Pharma,SUNPHARMA.NS,1837.300048828125,2896860,2896860,https://finance.yahoo.com/quote/SUNPHARMA.NS/
2026-09-21,Sun Pharma,SUNPHARMA.NS,1868.9000244140625,2534364,2534364,https://finance.yahoo.com/quote/SUNPHARMA.NS/
2026-09-22,Sun Pharma,SUNPHARMA.NS,1846.4000244140625,1062235,1062235,https://finance.yahoo.com/quote/SUNPHARMA.NS/
2026-09-23,Sun Pharma,SUNPHARMA.NS,1865.0,902514,902514,https://finance.yahoo.com/quote/SUNPHARMA.NS/
2026-09-24,Sun Pharma,SUNPHARMA.NS,1849.9000244140625,1742885,1742885,https://finance.yahoo.com/quote/SUNPHARMA.NS/
2026-09-25,Sun Pharma,SUNPHARMA.NS,1852.199951171875,683246,683246,https://finance.yahoo.com/quote/SUNPHARMA.NS/
2026-09-28,Sun Pharma,SUNPHARMA.NS,1838.0,947719,947719,https://finance.yahoo.com/quote/SUNPHARMA.NS/
2026-09-29,Sun Pharma,SUNPHARMA.NS,1865.0,3083083,3083083,https://finance.yahoo.com/quote/SUNPHARMA.NS/
2026-09-30,Sun Pharma,SUNPHARMA.NS,1816.5999755859375,2401495,2401495,https://finance.yahoo.com/quote/SUNPHARMA.NS/
2026-10-01,Sun Pharma,SUNPHARMA.NS,1801.0,2314700,2314700,https://finance.yahoo.com/quote/SUNPHARMA.NS/
2025-04-02,Torrent Pharma,TORNTPHARM.NS,3172.913818359375,202794,202794,https://finance.yahoo.com/quote/TORNTPHARM.NS/
2025-04-03,Torrent Pharma,TORNTPHARM.NS,3213.080810546875,228524,228524,https://finance.yahoo.com/quote/TORNTPHARM.NS/
2025-04-04,Torrent Pharma,TORNTPHARM.NS,3251.46728515625,513622,513622,https://finance.yahoo.com/quote/TORNTPHARM.NS/
2025-04-07,Torrent Pharma,TORNTPHARM.NS,3199.081787109375,1329653,1329653,https://finance.yahoo.com/quote/TORNTPHARM.NS/
2025-04-08,Torrent Pharma,TORNTPHARM.NS,3211.99267578125,602145,602145,https://finance.yahoo.com/quote/TORNTPHARM.NS/
2025-04-09,Torrent Pharma,TORNTPHARM.NS,3093.4697265625,282721,282721,https://finance.yahoo.com/quote/TORNTPHARM.NS/
2025-04-11,Torrent Pharma,TORNTPHARM.NS,3095.646240234375,420358,420358,https://finance.yahoo.com/quote/TORNTPHARM.NS/
2025-04-15,Torrent Pharma,TORNTPHARM.NS,3187.45703125,330278,330278,https://finance.yahoo.com/quote/TORNTPHARM.NS/
2025-04-16,Torrent Pharma,TORNTPHARM.NS,3188.34716796875,210528,210528,https://finance.yahoo.com/quote/TORNTPHARM.NS/
2025-04-17,Torrent Pharma,TORNTPHARM.NS,3220.105224609375,202256,202256,https://finance.yahoo.com/quote/TORNTPHARM.NS/
2025-04-21,Torrent Pharma,TORNTPHARM.NS,3219.907470703125,168941,168941,https://finance.yahoo.com/quote/TORNTPHARM.NS/
2025-04-22,Torrent Pharma,TORNTPHARM.NS,3211.794677734375,473579,473579,https://finance.yahoo.com/quote/TORNTPHARM.NS/
2025-04-23,Torrent Pharma,TORNTPHARM.NS,3296.877685546875,390583,390583,https://finance.yahoo.com/quote/TORNTPHARM.NS/
2025-04-24,Torrent Pharma,TORNTPHARM.NS,3289.656005859375,233361,233361,https://finance.yahoo.com/quote/TORNTPHARM.NS/
2025-04-25,Torrent Pharma,TORNTPHARM.NS,3204.37451171875,330175,330175,https://finance.yahoo.com/quote/TORNTPHARM.NS/
2025-04-28,Torrent Pharma,TORNTPHARM.NS,3299.4501953125,479709,479709,https://finance.yahoo.com/quote/TORNTPHARM.NS/
2025-04-29,Torrent Pharma,TORNTPHARM.NS,3287.281494140625,180900,180900,https://finance.yahoo.com/quote/TORNTPHARM.NS/
2025-04-30,Torrent Pharma,TORNTPHARM.NS,3286.5888671875,1148944,1148944,https://finance.yahoo.com/quote/TORNTPHARM.NS/
2025-05-02,Torrent Pharma,TORNTPHARM.NS,3198.141845703125,94311,94311,https://finance.yahoo.com/quote/TORNTPHARM.NS/
2025-05-05,Torrent Pharma,TORNTPHARM.NS,3250.18115234375,88781,88781,https://finance.yahoo.com/quote/TORNTPHARM.NS/
2025-05-06,Torrent Pharma,TORNTPHARM.NS,3235.241943359375,121815,121815,https://finance.yahoo.com/quote/TORNTPHARM.NS/
2025-05-07,Torrent Pharma,TORNTPHARM.NS,3256.0185546875,257116,257116,https://finance.yahoo.com/quote/TORNTPHARM.NS/
2025-05-08,Torrent Pharma,TORNTPHARM.NS,3151.8408203125,214566,214566,https://finance.yahoo.com/quote/TORNTPHARM.NS/
2025-05-09,Torrent Pharma,TORNTPHARM.NS,3107.71630859375,535042,535042,https://finance.yahoo.com/quote/TORNTPHARM.NS/
2025-05-12,Torrent Pharma,TORNTPHARM.NS,3203.1875,230359,230359,https://finance.yahoo.com/quote/TORNTPHARM.NS/
2025-05-13,Torrent Pharma,TORNTPHARM.NS,3201.505615234375,171501,171501,https://finance.yahoo.com/quote/TORNTPHARM.NS/
2025-05-14,Torrent Pharma,TORNTPHARM.NS,3210.310546875,197710,197710,https://finance.yahoo.com/quote/TORNTPHARM.NS/
2025-05-15,Torrent Pharma,TORNTPHARM.NS,3230.196533203125,182769,182769,https://finance.yahoo.com/quote/TORNTPHARM.NS/
2025-05-16,Torrent Pharma,TORNTPHARM.NS,3231.977294921875,358759,358759,https://finance.yahoo.com/quote/TORNTPHARM.NS/
2025-05-19,Torrent Pharma,TORNTPHARM.NS,3267.59375,245907,245907,https://finance.yahoo.com/quote/TORNTPHARM.NS/
2025-05-20,Torrent Pharma,TORNTPHARM.NS,3206.947021484375,490947,490947,https://finance.yahoo.com/quote/TORNTPHARM.NS/
2025-05-21,Torrent Pharma,TORNTPHARM.NS,3253.940673828125,1098579,1098579,https://finance.yahoo.com/quote/TORNTPHARM.NS/
2025-05-22,Torrent Pharma,TORNTPHARM.NS,3177.761474609375,376149,376149,https://finance.yahoo.com/quote/TORNTPHARM.NS/
2025-05-23,Torrent Pharma,TORNTPHARM.NS,3140.85888671875,342311,342311,https://finance.yahoo.com/quote/TORNTPHARM.NS/
2025-05-26,Torrent Pharma,TORNTPHARM.NS,3153.423583984375,203985,203985,https://finance.yahoo.com/quote/TORNTPHARM.NS/
2025-05-27,Torrent Pharma,TORNTPHARM.NS,3141.84814453125,342162,342162,https://finance.yahoo.com/quote/TORNTPHARM.NS/
2025-05-28,Torrent Pharma,TORNTPHARM.NS,3132.15283203125,446655,446655,https://finance.yahoo.com/quote/TORNTPHARM.NS/
2025-05-29,Torrent Pharma,TORNTPHARM.NS,3127.404052734375,352271,352271,https://finance.yahoo.com/quote/TORNTPHARM.NS/
2025-05-30,Torrent Pharma,TORNTPHARM.NS,3140.85888671875,484246,484246,https://finance.yahoo.com/quote/TORNTPHARM.NS/
2025-06-02,Torrent Pharma,TORNTPHARM.NS,3094.458984375,352903,352903,https://finance.yahoo.com/quote/TORNTPHARM.NS/
2025-06-03,Torrent Pharma,TORNTPHARM.NS,3101.582275390625,427912,427912,https://finance.yahoo.com/quote/TORNTPHARM.NS/
2025-06-04,Torrent Pharma,TORNTPHARM.NS,3103.659912109375,364196,364196,https://finance.yahoo.com/quote/TORNTPHARM.NS/
2025-06-05,Torrent Pharma,TORNTPHARM.NS,3108.2109375,252641,252641,https://finance.yahoo.com/quote/TORNTPHARM.NS/
2025-06-06,Torrent Pharma,TORNTPHARM.NS,3120.676513671875,86576,86576,https://finance.yahoo.com/quote/TORNTPHARM.NS/
2025-06-09,Torrent Pharma,TORNTPHARM.NS,3146.794921875,111428,111428,https://finance.yahoo.com/quote/TORNTPHARM.NS/
2025-06-10,Torrent Pharma,TORNTPHARM.NS,3186.66552734375,254258,254258,https://finance.yahoo.com/quote/TORNTPHARM.NS/
2025-06-11,Torrent Pharma,TORNTPHARM.NS,3171.627685546875,178850,178850,https://finance.yahoo.com/quote/TORNTPHARM.NS/
2025-06-12,Torrent Pharma,TORNTPHARM.NS,3224.0625,893350,893350,https://finance.yahoo.com/quote/TORNTPHARM.NS/
2025-06-13,Torrent Pharma,TORNTPHARM.NS,3217.82958984375,412987,412987,https://finance.yahoo.com/quote/TORNTPHARM.NS/
2025-06-16,Torrent Pharma,TORNTPHARM.NS,3240.88134765625,418900,418900,https://finance.yahoo.com/quote/TORNTPHARM.NS/
2025-06-17,Torrent Pharma,TORNTPHARM.NS,3220.69873046875,305553,305553,https://finance.yahoo.com/quote/TORNTPHARM.NS/
2025-06-18,Torrent Pharma,TORNTPHARM.NS,3192.601806640625,238143,238143,https://finance.yahoo.com/quote/TORNTPHARM.NS/
2025-06-19,Torrent Pharma,TORNTPHARM.NS,3130.27294921875,230664,230664,https://finance.yahoo.com/quote/TORNTPHARM.NS/
2025-06-20,Torrent Pharma,TORNTPHARM.NS,3139.39208984375,307885,307885,https://finance.yahoo.com/quote/TORNTPHARM.NS/
2025-06-23,Torrent Pharma,TORNTPHARM.NS,3137.707275390625,352562,352562,https://finance.yahoo.com/quote/TORNTPHARM.NS/
2025-06-24,Torrent Pharma,TORNTPHARM.NS,3152.971923828125,176732,176732,https://finance.yahoo.com/quote/TORNTPHARM.NS/
2025-06-25,Torrent Pharma,TORNTPHARM.NS,3198.369873046875,269778,269778,https://finance.yahoo.com/quote/TORNTPHARM.NS/
2025-06-26,Torrent Pharma,TORNTPHARM.NS,3194.206787109375,367033,367033,https://finance.yahoo.com/quote/TORNTPHARM.NS/
2025-06-27,Torrent Pharma,TORNTPHARM.NS,3312.062744140625,1739609,1739609,https://finance.yahoo.com/quote/TORNTPHARM.NS/
2025-06-30,Torrent Pharma,TORNTPHARM.NS,3378.2763671875,2210845,2210845,https://finance.yahoo.com/quote/TORNTPHARM.NS/
2025-07-01,Torrent Pharma,TORNTPHARM.NS,3386.701416015625,1549804,1549804,https://finance.yahoo.com/quote/TORNTPHARM.NS/
2025-07-02,Torrent Pharma,TORNTPHARM.NS,3319.992431640625,401800,401800,https://finance.yahoo.com/quote/TORNTPHARM.NS/
2025-07-03,Torrent Pharma,TORNTPHARM.NS,3304.8271484375,521114,521114,https://finance.yahoo.com/quote/TORNTPHARM.NS/
2025-07-04,Torrent Pharma,TORNTPHARM.NS,3338.42919921875,423431,423431,https://finance.yahoo.com/quote/TORNTPHARM.NS/
2025-07-07,Torrent Pharma,TORNTPHARM.NS,3322.8671875,181997,181997,https://finance.yahoo.com/quote/TORNTPHARM.NS/
2025-07-08,Torrent Pharma,TORNTPHARM.NS,3293.229736328125,718004,718004,https://finance.yahoo.com/quote/TORNTPHARM.NS/
2025-07-09,Torrent Pharma,TORNTPHARM.NS,3324.254638671875,522231,522231,https://finance.yahoo.com/quote/TORNTPHARM.NS/
2025-07-10,Torrent Pharma,TORNTPHARM.NS,3310.080078125,435962,435962,https://finance.yahoo.com/quote/TORNTPHARM.NS/
2025-07-11,Torrent Pharma,TORNTPHARM.NS,3285.1015625,344198,344198,https://finance.yahoo.com/quote/TORNTPHARM.NS/
2025-07-14,Torrent Pharma,TORNTPHARM.NS,3375.005126953125,539810,539810,https://finance.yahoo.com/quote/TORNTPHARM.NS/
2025-07-15,Torrent Pharma,TORNTPHARM.NS,3409.400634765625,494066,494066,https://finance.yahoo.com/quote/TORNTPHARM.NS/
2025-07-16,Torrent Pharma,TORNTPHARM.NS,3429.1259765625,612808,612808,https://finance.yahoo.com/quote/TORNTPHARM.NS/
2025-07-17,Torrent Pharma,TORNTPHARM.NS,3473.829833984375,742875,742875,https://finance.yahoo.com/quote/TORNTPHARM.NS/
2025-07-18,Torrent Pharma,TORNTPHARM.NS,3490.482421875,331864,331864,https://finance.yahoo.com/quote/TORNTPHARM.NS/
2025-07-21,Torrent Pharma,TORNTPHARM.NS,3493.0595703125,494692,494692,https://finance.yahoo.com/quote/TORNTPHARM.NS/
2025-07-22,Torrent Pharma,TORNTPHARM.NS,3472.739501953125,555636,555636,https://finance.yahoo.com/quote/TORNTPHARM.NS/
2025-07-23,Torrent Pharma,TORNTPHARM.NS,3522.4990234375,463944,463944,https://finance.yahoo.com/quote/TORNTPHARM.NS/
2025-07-24,Torrent Pharma,TORNTPHARM.NS,3488.995361328125,306778,306778,https://finance.yahoo.com/quote/TORNTPHARM.NS/
2025-07-25,Torrent Pharma,TORNTPHARM.NS,3572.1591796875,837877,837877,https://finance.yahoo.com/quote/TORNTPHARM.NS/
2025-07-28,Torrent Pharma,TORNTPHARM.NS,3591.091064453125,453818,453818,https://finance.yahoo.com/quote/TORNTPHARM.NS/
2025-07-29,Torrent Pharma,TORNTPHARM.NS,3735.0166015625,1677573,1677573,https://finance.yahoo.com/quote/TORNTPHARM.NS/
2025-07-30,Torrent Pharma,TORNTPHARM.NS,3697.845703125,439527,439527,https://finance.yahoo.com/quote/TORNTPHARM.NS/
2025-07-31,Torrent Pharma,TORNTPHARM.NS,3709.04638671875,261716,261716,https://finance.yahoo.com/quote/TORNTPHARM.NS/
2025-08-01,Torrent Pharma,TORNTPHARM.NS,3645.90576171875,605657,605657,https://finance.yahoo.com/quote/TORNTPHARM.NS/
2025-08-04,Torrent Pharma,TORNTPHARM.NS,3581.079833984375,406695,406695,https://finance.yahoo.com/quote/TORNTPHARM.NS/
2025-08-05,Torrent Pharma,TORNTPHARM.NS,3557.68701171875,281518,281518,https://finance.yahoo.com/quote/TORNTPHARM.NS/
2025-08-06,Torrent Pharma,TORNTPHARM.NS,3493.158935546875,257376,257376,https://finance.yahoo.com/quote/TORNTPHARM.NS/
2025-08-07,Torrent Pharma,TORNTPHARM.NS,3565.12109375,402653,402653,https://finance.yahoo.com/quote/TORNTPHARM.NS/
2025-08-08,Torrent Pharma,TORNTPHARM.NS,3541.82763671875,178509,178509,https://finance.yahoo.com/quote/TORNTPHARM.NS/
2025-08-11,Torrent Pharma,TORNTPHARM.NS,3583.161376953125,125488,125488,https://finance.yahoo.com/quote/TORNTPHARM.NS/
2025-08-12,Torrent Pharma,TORNTPHARM.NS,3594.26318359375,230368,230368,https://finance.yahoo.com/quote/TORNTPHARM.NS/
2025-08-13,Torrent Pharma,TORNTPHARM.NS,3586.0361328125,287440,287440,https://finance.yahoo.com/quote/TORNTPHARM.NS/
2025-08-14,Torrent Pharma,TORNTPHARM.NS,3591.1904296875,382408,382408,https://finance.yahoo.com/quote/TORNTPHARM.NS/
2025-08-18,Torrent Pharma,TORNTPHARM.NS,3619.539306640625,515859,515859,https://finance.yahoo.com/quote/TORNTPHARM.NS/
2025-08-19,Torrent Pharma,TORNTPHARM.NS,3619.539306640625,197241,197241,https://finance.yahoo.com/quote/TORNTPHARM.NS/
2025-08-20,Torrent Pharma,TORNTPHARM.NS,3631.632080078125,230775,230775,https://finance.yahoo.com/quote/TORNTPHARM.NS/
2025-08-21,Torrent Pharma,TORNTPHARM.NS,3615.3759765625,155569,155569,https://finance.yahoo.com/quote/TORNTPHARM.NS/
2025-08-22,Torrent Pharma,TORNTPHARM.NS,3652.943359375,279865,279865,https://finance.yahoo.com/quote/TORNTPHARM.NS/
2025-08-25,Torrent Pharma,TORNTPHARM.NS,3642.23828125,270324,270324,https://finance.yahoo.com/quote/TORNTPHARM.NS/
2025-08-26,Torrent Pharma,TORNTPHARM.NS,3573.150146484375,504173,504173,https://finance.yahoo.com/quote/TORNTPHARM.NS/
2025-08-28,Torrent Pharma,TORNTPHARM.NS,3545.4951171875,141719,141719,https://finance.yahoo.com/quote/TORNTPHARM.NS/
2025-08-29,Torrent Pharma,TORNTPHARM.NS,3528.54541015625,279287,279287,https://finance.yahoo.com/quote/TORNTPHARM.NS/
2025-09-01,Torrent Pharma,TORNTPHARM.NS,3552.830322265625,104921,104921,https://finance.yahoo.com/quote/TORNTPHARM.NS/
2025-09-02,Torrent Pharma,TORNTPHARM.NS,3551.4423828125,126362,126362,https://finance.yahoo.com/quote/TORNTPHARM.NS/
2025-09-03,Torrent Pharma,TORNTPHARM.NS,3575.033447265625,134650,134650,https://finance.yahoo.com/quote/TORNTPHARM.NS/
2025-09-04,Torrent Pharma,TORNTPHARM.NS,3567.698486328125,128395,128395,https://finance.yahoo.com/quote/TORNTPHARM.NS/
2025-09-05,Torrent Pharma,TORNTPHARM.NS,3547.67578125,94944,94944,https://finance.yahoo.com/quote/TORNTPHARM.NS/
2025-09-08,Torrent Pharma,TORNTPHARM.NS,3581.178955078125,166143,166143,https://finance.yahoo.com/quote/TORNTPHARM.NS/
2025-09-09,Torrent Pharma,TORNTPHARM.NS,3611.312255859375,221678,221678,https://finance.yahoo.com/quote/TORNTPHARM.NS/
2025-09-10,Torrent Pharma,TORNTPHARM.NS,3560.165283203125,136378,136378,https://finance.yahoo.com/quote/TORNTPHARM.NS/
2025-09-11,Torrent Pharma,TORNTPHARM.NS,3552.136474609375,113836,113836,https://finance.yahoo.com/quote/TORNTPHARM.NS/
2025-09-12,Torrent Pharma,TORNTPHARM.NS,3534.88916015625,139361,139361,https://finance.yahoo.com/quote/TORNTPHARM.NS/
2025-09-15,Torrent Pharma,TORNTPHARM.NS,3500.593017578125,158714,158714,https://finance.yahoo.com/quote/TORNTPHARM.NS/
2025-09-16,Torrent Pharma,TORNTPHARM.NS,3504.45849609375,109929,109929,https://finance.yahoo.com/quote/TORNTPHARM.NS/
2025-09-17,Torrent Pharma,TORNTPHARM.NS,3517.146240234375,197736,197736,https://finance.yahoo.com/quote/TORNTPHARM.NS/
2025-09-18,Torrent Pharma,TORNTPHARM.NS,3536.078369140625,156756,156756,https://finance.yahoo.com/quote/TORNTPHARM.NS/
2025-09-19,Torrent Pharma,TORNTPHARM.NS,3597.3359375,314125,314125,https://finance.yahoo.com/quote/TORNTPHARM.NS/
2025-09-22,Torrent Pharma,TORNTPHARM.NS,3623.80126953125,440659,440659,https://finance.yahoo.com/quote/TORNTPHARM.NS/
2025-09-23,Torrent Pharma,TORNTPHARM.NS,3619.440185546875,421379,421379,https://finance.yahoo.com/quote/TORNTPHARM.NS/
2025-09-24,Torrent Pharma,TORNTPHARM.NS,3582.8642578125,135283,135283,https://finance.yahoo.com/quote/TORNTPHARM.NS/
2025-09-25,Torrent Pharma,TORNTPHARM.NS,3500.593017578125,208134,208134,https://finance.yahoo.com/quote/TORNTPHARM.NS/
2025-09-26,Torrent Pharma,TORNTPHARM.NS,3529.734619140625,717472,717472,https://finance.yahoo.com/quote/TORNTPHARM.NS/
2025-09-29,Torrent Pharma,TORNTPHARM.NS,3555.110107421875,249211,249211,https://finance.yahoo.com/quote/TORNTPHARM.NS/
2025-09-30,Torrent Pharma,TORNTPHARM.NS,3571.564208984375,627648,627648,https://finance.yahoo.com/quote/TORNTPHARM.NS/
2025-10-01,Torrent Pharma,TORNTPHARM.NS,3535.78125,300599,300599,https://finance.yahoo.com/quote/TORNTPHARM.NS/
2025-10-03,Torrent Pharma,TORNTPHARM.NS,3483.841064453125,382209,382209,https://finance.yahoo.com/quote/TORNTPHARM.NS/
2025-10-06,Torrent Pharma,TORNTPHARM.NS,3495.042236328125,376282,376282,https://finance.yahoo.com/quote/TORNTPHARM.NS/
2025-10-07,Torrent Pharma,TORNTPHARM.NS,3505.84619140625,443942,443942,https://finance.yahoo.com/quote/TORNTPHARM.NS/
2025-10-08,Torrent Pharma,TORNTPHARM.NS,3537.66455078125,287936,287936,https://finance.yahoo.com/quote/TORNTPHARM.NS/
2025-10-09,Torrent Pharma,TORNTPHARM.NS,3519.3271484375,203645,203645,https://finance.yahoo.com/quote/TORNTPHARM.NS/
2025-10-10,Torrent Pharma,TORNTPHARM.NS,3501.7822265625,179322,179322,https://finance.yahoo.com/quote/TORNTPHARM.NS/
2025-10-13,Torrent Pharma,TORNTPHARM.NS,3487.310546875,90713,90713,https://finance.yahoo.com/quote/TORNTPHARM.NS/
2025-10-14,Torrent Pharma,TORNTPHARM.NS,3491.0771484375,250391,250391,https://finance.yahoo.com/quote/TORNTPHARM.NS/
2025-10-15,Torrent Pharma,TORNTPHARM.NS,3501.7822265625,131171,131171,https://finance.yahoo.com/quote/TORNTPHARM.NS/
2025-10-16,Torrent Pharma,TORNTPHARM.NS,3502.773681640625,207979,207979,https://finance.yahoo.com/quote/TORNTPHARM.NS/
2025-10-17,Torrent Pharma,TORNTPHARM.NS,3552.830322265625,171465,171465,https://finance.yahoo.com/quote/TORNTPHARM.NS/
2025-10-20,Torrent Pharma,TORNTPHARM.NS,3539.05224609375,161648,161648,https://finance.yahoo.com/quote/TORNTPHARM.NS/
2025-10-21,Torrent Pharma,TORNTPHARM.NS,3559.3720703125,20403,20403,https://finance.yahoo.com/quote/TORNTPHARM.NS/
2025-10-23,Torrent Pharma,TORNTPHARM.NS,3582.36865234375,240712,240712,https://finance.yahoo.com/quote/TORNTPHARM.NS/
2025-10-24,Torrent Pharma,TORNTPHARM.NS,3549.955322265625,95321,95321,https://finance.yahoo.com/quote/TORNTPHARM.NS/
2025-10-27,Torrent Pharma,TORNTPHARM.NS,3564.823974609375,118007,118007,https://finance.yahoo.com/quote/TORNTPHARM.NS/
2025-10-28,Torrent Pharma,TORNTPHARM.NS,3545.0986328125,134453,134453,https://finance.yahoo.com/quote/TORNTPHARM.NS/
2025-10-29,Torrent Pharma,TORNTPHARM.NS,3567.698486328125,96326,96326,https://finance.yahoo.com/quote/TORNTPHARM.NS/
2025-10-30,Torrent Pharma,TORNTPHARM.NS,3570.771240234375,131170,131170,https://finance.yahoo.com/quote/TORNTPHARM.NS/
2025-10-31,Torrent Pharma,TORNTPHARM.NS,3528.8427734375,354024,354024,https://finance.yahoo.com/quote/TORNTPHARM.NS/
2025-11-03,Torrent Pharma,TORNTPHARM.NS,3596.44384765625,160187,160187,https://finance.yahoo.com/quote/TORNTPHARM.NS/
2025-11-04,Torrent Pharma,TORNTPHARM.NS,3543.61181640625,195438,195438,https://finance.yahoo.com/quote/TORNTPHARM.NS/
2025-11-06,Torrent Pharma,TORNTPHARM.NS,3522.201416015625,173609,173609,https://finance.yahoo.com/quote/TORNTPHARM.NS/
2025-11-07,Torrent Pharma,TORNTPHARM.NS,3548.56787109375,94430,94430,https://finance.yahoo.com/quote/TORNTPHARM.NS/
2025-11-10,Torrent Pharma,TORNTPHARM.NS,3783.982666015625,1651416,1651416,https://finance.yahoo.com/quote/TORNTPHARM.NS/
2025-11-11,Torrent Pharma,TORNTPHARM.NS,3792.2099609375,623726,623726,https://finance.yahoo.com/quote/TORNTPHARM.NS/
2025-11-12,Torrent Pharma,TORNTPHARM.NS,3791.0205078125,403999,403999,https://finance.yahoo.com/quote/TORNTPHARM.NS/
2025-11-13,Torrent Pharma,TORNTPHARM.NS,3792.50732421875,182215,182215,https://finance.yahoo.com/quote/TORNTPHARM.NS/
2025-11-14,Torrent Pharma,TORNTPHARM.NS,3798.1572265625,559539,559539,https://finance.yahoo.com/quote/TORNTPHARM.NS/
2025-11-17,Torrent Pharma,TORNTPHARM.NS,3785.865966796875,153147,153147,https://finance.yahoo.com/quote/TORNTPHARM.NS/
2025-11-18,Torrent Pharma,TORNTPHARM.NS,3757.51708984375,112118,112118,https://finance.yahoo.com/quote/TORNTPHARM.NS/
2025-11-19,Torrent Pharma,TORNTPHARM.NS,3698.638671875,116182,116182,https://finance.yahoo.com/quote/TORNTPHARM.NS/
2025-11-20,Torrent Pharma,TORNTPHARM.NS,3688.726318359375,114934,114934,https://finance.yahoo.com/quote/TORNTPHARM.NS/
2025-11-21,Torrent Pharma,TORNTPHARM.NS,3654.133056640625,86005,86005,https://finance.yahoo.com/quote/TORNTPHARM.NS/
2025-11-24,Torrent Pharma,TORNTPHARM.NS,3685.7529296875,342523,342523,https://finance.yahoo.com/quote/TORNTPHARM.NS/
2025-11-25,Torrent Pharma,TORNTPHARM.NS,3712.3173828125,122282,122282,https://finance.yahoo.com/quote/TORNTPHARM.NS/
2025-11-26,Torrent Pharma,TORNTPHARM.NS,3722.824462890625,107687,107687,https://finance.yahoo.com/quote/TORNTPHARM.NS/
2025-11-27,Torrent Pharma,TORNTPHARM.NS,3697.647216796875,258852,258852,https://finance.yahoo.com/quote/TORNTPHARM.NS/
2025-11-28,Torrent Pharma,TORNTPHARM.NS,3687.93359375,164885,164885,https://finance.yahoo.com/quote/TORNTPHARM.NS/
2025-12-01,Torrent Pharma,TORNTPHARM.NS,3704.090087890625,136982,136982,https://finance.yahoo.com/quote/TORNTPHARM.NS/
2025-12-02,Torrent Pharma,TORNTPHARM.NS,3695.2685546875,196142,196142,https://finance.yahoo.com/quote/TORNTPHARM.NS/
2025-12-03,Torrent Pharma,TORNTPHARM.NS,3688.230712890625,163478,163478,https://finance.yahoo.com/quote/TORNTPHARM.NS/
2025-12-04,Torrent Pharma,TORNTPHARM.NS,3762.374267578125,561605,561605,https://finance.yahoo.com/quote/TORNTPHARM.NS/
2025-12-05,Torrent Pharma,TORNTPHARM.NS,3752.659912109375,197257,197257,https://finance.yahoo.com/quote/TORNTPHARM.NS/
2025-12-08,Torrent Pharma,TORNTPHARM.NS,3726.987548828125,144529,144529,https://finance.yahoo.com/quote/TORNTPHARM.NS/
2025-12-09,Torrent Pharma,TORNTPHARM.NS,3730.853271484375,210622,210622,https://finance.yahoo.com/quote/TORNTPHARM.NS/
2025-12-10,Torrent Pharma,TORNTPHARM.NS,3761.08544921875,257257,257257,https://finance.yahoo.com/quote/TORNTPHARM.NS/
2025-12-11,Torrent Pharma,TORNTPHARM.NS,3765.645263671875,100122,100122,https://finance.yahoo.com/quote/TORNTPHARM.NS/
2025-12-12,Torrent Pharma,TORNTPHARM.NS,3758.2109375,168916,168916,https://finance.yahoo.com/quote/TORNTPHARM.NS/
2025-12-15,Torrent Pharma,TORNTPHARM.NS,3749.38916015625,168589,168589,https://finance.yahoo.com/quote/TORNTPHARM.NS/
2025-12-16,Torrent Pharma,TORNTPHARM.NS,3732.042724609375,136916,136916,https://finance.yahoo.com/quote/TORNTPHARM.NS/
2025-12-17,Torrent Pharma,TORNTPHARM.NS,3737.69287109375,132340,132340,https://finance.yahoo.com/quote/TORNTPHARM.NS/
2025-12-18,Torrent Pharma,TORNTPHARM.NS,3726.491943359375,125105,125105,https://finance.yahoo.com/quote/TORNTPHARM.NS/
2025-12-19,Torrent Pharma,TORNTPHARM.NS,3766.933837890625,150394,150394,https://finance.yahoo.com/quote/TORNTPHARM.NS/
2025-12-22,Torrent Pharma,TORNTPHARM.NS,3782.495849609375,275033,275033,https://finance.yahoo.com/quote/TORNTPHARM.NS/
2025-12-23,Torrent Pharma,TORNTPHARM.NS,3786.559814453125,195979,195979,https://finance.yahoo.com/quote/TORNTPHARM.NS/
2025-12-24,Torrent Pharma,TORNTPHARM.NS,3800.63525390625,152700,152700,https://finance.yahoo.com/quote/TORNTPHARM.NS/
2025-12-26,Torrent Pharma,TORNTPHARM.NS,3783.0908203125,38231,38231,https://finance.yahoo.com/quote/TORNTPHARM.NS/
2025-12-29,Torrent Pharma,TORNTPHARM.NS,3760.3916015625,86172,86172,https://finance.yahoo.com/quote/TORNTPHARM.NS/
2025-12-30,Torrent Pharma,TORNTPHARM.NS,3788.54248046875,371621,371621,https://finance.yahoo.com/quote/TORNTPHARM.NS/
2025-12-31,Torrent Pharma,TORNTPHARM.NS,3816.197265625,151815,151815,https://finance.yahoo.com/quote/TORNTPHARM.NS/
2026-01-01,Torrent Pharma,TORNTPHARM.NS,3814.611083984375,39767,39767,https://finance.yahoo.com/quote/TORNTPHARM.NS/
2026-01-02,Torrent Pharma,TORNTPHARM.NS,3851.1875,57479,57479,https://finance.yahoo.com/quote/TORNTPHARM.NS/
2026-01-05,Torrent Pharma,TORNTPHARM.NS,3835.82373046875,100222,100222,https://finance.yahoo.com/quote/TORNTPHARM.NS/
2026-01-06,Torrent Pharma,TORNTPHARM.NS,3902.2353515625,193169,193169,https://finance.yahoo.com/quote/TORNTPHARM.NS/
2026-01-07,Torrent Pharma,TORNTPHARM.NS,4056.270751953125,893695,893695,https://finance.yahoo.com/quote/TORNTPHARM.NS/
2026-01-08,Torrent Pharma,TORNTPHARM.NS,3991.04833984375,202187,202187,https://finance.yahoo.com/quote/TORNTPHARM.NS/
2026-01-09,Torrent Pharma,TORNTPHARM.NS,3928.6015625,312744,312744,https://finance.yahoo.com/quote/TORNTPHARM.NS/
2026-01-12,Torrent Pharma,TORNTPHARM.NS,3915.121337890625,161556,161556,https://finance.yahoo.com/quote/TORNTPHARM.NS/
2026-01-13,Torrent Pharma,TORNTPHARM.NS,3905.70458984375,202650,202650,https://finance.yahoo.com/quote/TORNTPHARM.NS/
2026-01-14,Torrent Pharma,TORNTPHARM.NS,3968.5478515625,194665,194665,https://finance.yahoo.com/quote/TORNTPHARM.NS/
2026-01-15,Torrent Pharma,TORNTPHARM.NS,3968.5478515625,0,0,https://finance.yahoo.com/quote/TORNTPHARM.NS/
2026-01-16,Torrent Pharma,TORNTPHARM.NS,3982.92041015625,171667,171667,https://finance.yahoo.com/quote/TORNTPHARM.NS/
2026-01-19,Torrent Pharma,TORNTPHARM.NS,4050.719970703125,433688,433688,https://finance.yahoo.com/quote/TORNTPHARM.NS/
2026-01-20,Torrent Pharma,TORNTPHARM.NS,3941.884033203125,203141,203141,https://finance.yahoo.com/quote/TORNTPHARM.NS/
2026-01-21,Torrent Pharma,TORNTPHARM.NS,3946.84033203125,367318,367318,https://finance.yahoo.com/quote/TORNTPHARM.NS/
2026-01-22,Torrent Pharma,TORNTPHARM.NS,3985.2001953125,167617,167617,https://finance.yahoo.com/quote/TORNTPHARM.NS/
2026-01-23,Torrent Pharma,TORNTPHARM.NS,3897.67578125,315842,315842,https://finance.yahoo.com/quote/TORNTPHARM.NS/
2026-01-27,Torrent Pharma,TORNTPHARM.NS,3962.30322265625,249417,249417,https://finance.yahoo.com/quote/TORNTPHARM.NS/
2026-01-28,Torrent Pharma,TORNTPHARM.NS,3923.94287109375,384358,384358,https://finance.yahoo.com/quote/TORNTPHARM.NS/
2026-01-29,Torrent Pharma,TORNTPHARM.NS,3895.59423828125,219303,219303,https://finance.yahoo.com/quote/TORNTPHARM.NS/
2026-01-30,Torrent Pharma,TORNTPHARM.NS,3926.0244140625,544103,544103,https://finance.yahoo.com/quote/TORNTPHARM.NS/
2026-02-02,Torrent Pharma,TORNTPHARM.NS,3952.192626953125,293121,293121,https://finance.yahoo.com/quote/TORNTPHARM.NS/
2026-02-03,Torrent Pharma,TORNTPHARM.NS,4010.080078125,464524,464524,https://finance.yahoo.com/quote/TORNTPHARM.NS/
2026-02-04,Torrent Pharma,TORNTPHARM.NS,3988.174072265625,319619,319619,https://finance.yahoo.com/quote/TORNTPHARM.NS/
2026-02-05,Torrent Pharma,TORNTPHARM.NS,3941.487548828125,230235,230235,https://finance.yahoo.com/quote/TORNTPHARM.NS/
2026-02-06,Torrent Pharma,TORNTPHARM.NS,3904.415771484375,231319,231319,https://finance.yahoo.com/quote/TORNTPHARM.NS/
2026-02-09,Torrent Pharma,TORNTPHARM.NS,3962.10498046875,483762,483762,https://finance.yahoo.com/quote/TORNTPHARM.NS/
2026-02-10,Torrent Pharma,TORNTPHARM.NS,4043.781494140625,192731,192731,https://finance.yahoo.com/quote/TORNTPHARM.NS/
2026-02-11,Torrent Pharma,TORNTPHARM.NS,4021.08251953125,127696,127696,https://finance.yahoo.com/quote/TORNTPHARM.NS/
2026-02-12,Torrent Pharma,TORNTPHARM.NS,4041.402587890625,223391,223391,https://finance.yahoo.com/quote/TORNTPHARM.NS/
2026-02-13,Torrent Pharma,TORNTPHARM.NS,4042.195556640625,518965,518965,https://finance.yahoo.com/quote/TORNTPHARM.NS/
2026-02-16,Torrent Pharma,TORNTPHARM.NS,4224.08447265625,1639922,1639922,https://finance.yahoo.com/quote/TORNTPHARM.NS/
2026-02-17,Torrent Pharma,TORNTPHARM.NS,4221.01171875,250826,250826,https://finance.yahoo.com/quote/TORNTPHARM.NS/
2026-02-18,Torrent Pharma,TORNTPHARM.NS,4202.4482421875,347894,347894,https://finance.yahoo.com/quote/TORNTPHARM.NS/
2026-02-19,Torrent Pharma,TORNTPHARM.NS,4218.017578125,436183,436183,https://finance.yahoo.com/quote/TORNTPHARM.NS/
2026-02-20,Torrent Pharma,TORNTPHARM.NS,4233.28759765625,341529,341529,https://finance.yahoo.com/quote/TORNTPHARM.NS/
2026-02-23,Torrent Pharma,TORNTPHARM.NS,4299.056640625,299321,299321,https://finance.yahoo.com/quote/TORNTPHARM.NS/
2026-02-24,Torrent Pharma,TORNTPHARM.NS,4389.17724609375,846802,846802,https://finance.yahoo.com/quote/TORNTPHARM.NS/
2026-02-25,Torrent Pharma,TORNTPHARM.NS,4410.1357421875,359916,359916,https://finance.yahoo.com/quote/TORNTPHARM.NS/
2026-02-26,Torrent Pharma,TORNTPHARM.NS,4391.0732421875,360650,360650,https://finance.yahoo.com/quote/TORNTPHARM.NS/
2026-02-27,Torrent Pharma,TORNTPHARM.NS,4324.70556640625,404933,404933,https://finance.yahoo.com/quote/TORNTPHARM.NS/
2026-03-02,Torrent Pharma,TORNTPHARM.NS,4360.53466796875,231767,231767,https://finance.yahoo.com/quote/TORNTPHARM.NS/
2026-03-04,Torrent Pharma,TORNTPHARM.NS,4332.39013671875,433704,433704,https://finance.yahoo.com/quote/TORNTPHARM.NS/
2026-03-05,Torrent Pharma,TORNTPHARM.NS,4344.765625,284382,284382,https://finance.yahoo.com/quote/TORNTPHARM.NS/
2026-03-06,Torrent Pharma,TORNTPHARM.NS,4309.236328125,413700,413700,https://finance.yahoo.com/quote/TORNTPHARM.NS/
2026-03-09,Torrent Pharma,TORNTPHARM.NS,4365.02587890625,470670,470670,https://finance.yahoo.com/quote/TORNTPHARM.NS/
2026-03-10,Torrent Pharma,TORNTPHARM.NS,4419.01806640625,374410,374410,https://finance.yahoo.com/quote/TORNTPHARM.NS/
2026-03-11,Torrent Pharma,TORNTPHARM.NS,4422.41162109375,311569,311569,https://finance.yahoo.com/quote/TORNTPHARM.NS/
2026-03-12,Torrent Pharma,TORNTPHARM.NS,4437.18212890625,322856,322856,https://finance.yahoo.com/quote/TORNTPHARM.NS/
2026-03-13,Torrent Pharma,TORNTPHARM.NS,4381.29296875,572557,572557,https://finance.yahoo.com/quote/TORNTPHARM.NS/
2026-03-16,Torrent Pharma,TORNTPHARM.NS,4258.13818359375,397033,397033,https://finance.yahoo.com/quote/TORNTPHARM.NS/
2026-03-17,Torrent Pharma,TORNTPHARM.NS,4296.9609375,438235,438235,https://finance.yahoo.com/quote/TORNTPHARM.NS/
2026-03-18,Torrent Pharma,TORNTPHARM.NS,4280.79248046875,239014,239014,https://finance.yahoo.com/quote/TORNTPHARM.NS/
2026-03-19,Torrent Pharma,TORNTPHARM.NS,4202.4482421875,203313,203313,https://finance.yahoo.com/quote/TORNTPHARM.NS/
2026-03-20,Torrent Pharma,TORNTPHARM.NS,4261.73095703125,269110,269110,https://finance.yahoo.com/quote/TORNTPHARM.NS/
2026-03-23,Torrent Pharma,TORNTPHARM.NS,4205.54248046875,320186,320186,https://finance.yahoo.com/quote/TORNTPHARM.NS/
2026-03-24,Torrent Pharma,TORNTPHARM.NS,4248.15771484375,288474,288474,https://finance.yahoo.com/quote/TORNTPHARM.NS/
2026-03-25,Torrent Pharma,TORNTPHARM.NS,4288.9765625,237001,237001,https://finance.yahoo.com/quote/TORNTPHARM.NS/
2026-03-27,Torrent Pharma,TORNTPHARM.NS,4257.14013671875,564869,564869,https://finance.yahoo.com/quote/TORNTPHARM.NS/
2026-03-30,Torrent Pharma,TORNTPHARM.NS,4211.830078125,558051,558051,https://finance.yahoo.com/quote/TORNTPHARM.NS/
2026-04-01,Torrent Pharma,TORNTPHARM.NS,4103.1455078125,425740,425740,https://finance.yahoo.com/quote/TORNTPHARM.NS/
2026-04-02,Torrent Pharma,TORNTPHARM.NS,3979.2919921875,810162,810162,https://finance.yahoo.com/quote/TORNTPHARM.NS/
2026-04-06,Torrent Pharma,TORNTPHARM.NS,4003.643798828125,420340,420340,https://finance.yahoo.com/quote/TORNTPHARM.NS/
2026-04-07,Torrent Pharma,TORNTPHARM.NS,4043.264892578125,484787,484787,https://finance.yahoo.com/quote/TORNTPHARM.NS/
2026-04-08,Torrent Pharma,TORNTPHARM.NS,4021.208740234375,434801,434801,https://finance.yahoo.com/quote/TORNTPHARM.NS/
2026-04-09,Torrent Pharma,TORNTPHARM.NS,4086.379150390625,362204,362204,https://finance.yahoo.com/quote/TORNTPHARM.NS/
2026-04-10,Torrent Pharma,TORNTPHARM.NS,4146.958984375,354702,354702,https://finance.yahoo.com/quote/TORNTPHARM.NS/
2026-04-13,Torrent Pharma,TORNTPHARM.NS,4172.70751953125,701920,701920,https://finance.yahoo.com/quote/TORNTPHARM.NS/
2026-04-15,Torrent Pharma,TORNTPHARM.NS,4151.05029296875,552360,552360,https://finance.yahoo.com/quote/TORNTPHARM.NS/
2026-04-16,Torrent Pharma,TORNTPHARM.NS,4147.6572265625,303666,303666,https://finance.yahoo.com/quote/TORNTPHARM.NS/
2026-04-17,Torrent Pharma,TORNTPHARM.NS,4171.21044921875,310122,310122,https://finance.yahoo.com/quote/TORNTPHARM.NS/
2026-04-20,Torrent Pharma,TORNTPHARM.NS,4182.8876953125,296605,296605,https://finance.yahoo.com/quote/TORNTPHARM.NS/
2026-04-21,Torrent Pharma,TORNTPHARM.NS,4127.49755859375,230855,230855,https://finance.yahoo.com/quote/TORNTPHARM.NS/
2026-04-22,Torrent Pharma,TORNTPHARM.NS,4076.4990234375,413095,413095,https://finance.yahoo.com/quote/TORNTPHARM.NS/
2026-04-23,Torrent Pharma,TORNTPHARM.NS,4138.97509765625,492873,492873,https://finance.yahoo.com/quote/TORNTPHARM.NS/
2026-04-24,Torrent Pharma,TORNTPHARM.NS,4109.0341796875,282947,282947,https://finance.yahoo.com/quote/TORNTPHARM.NS/
2026-04-27,Torrent Pharma,TORNTPHARM.NS,4211.4306640625,353785,353785,https://finance.yahoo.com/quote/TORNTPHARM.NS/
2026-04-28,Torrent Pharma,TORNTPHARM.NS,4174.60400390625,322631,322631,https://finance.yahoo.com/quote/TORNTPHARM.NS/
2026-04-29,Torrent Pharma,TORNTPHARM.NS,4223.107421875,222082,222082,https://finance.yahoo.com/quote/TORNTPHARM.NS/
2026-04-30,Torrent Pharma,TORNTPHARM.NS,4176.7998046875,278059,278059,https://finance.yahoo.com/quote/TORNTPHARM.NS/
2026-05-01,Torrent Pharma,TORNTPHARM.NS,4176.7998046875,0,0,https://finance.yahoo.com/quote/TORNTPHARM.NS/
2026-05-04,Torrent Pharma,TORNTPHARM.NS,4243.3671875,245394,245394,https://finance.yahoo.com/quote/TORNTPHARM.NS/
2026-05-05,Torrent Pharma,TORNTPHARM.NS,4266.62109375,162268,162268,https://finance.yahoo.com/quote/TORNTPHARM.NS/
2026-05-06,Torrent Pharma,TORNTPHARM.NS,4349.65576171875,322957,322957,https://finance.yahoo.com/quote/TORNTPHARM.NS/
2026-05-07,Torrent Pharma,TORNTPHARM.NS,4354.04736328125,190314,190314,https://finance.yahoo.com/quote/TORNTPHARM.NS/
2026-05-08,Torrent Pharma,TORNTPHARM.NS,4372.111328125,116850,116850,https://finance.yahoo.com/quote/TORNTPHARM.NS/
2026-05-11,Torrent Pharma,TORNTPHARM.NS,4508.14111328125,567958,567958,https://finance.yahoo.com/quote/TORNTPHARM.NS/
2026-05-12,Torrent Pharma,TORNTPHARM.NS,4373.208984375,273700,273700,https://finance.yahoo.com/quote/TORNTPHARM.NS/
2026-05-13,Torrent Pharma,TORNTPHARM.NS,4287.27978515625,316867,316867,https://finance.yahoo.com/quote/TORNTPHARM.NS/
2026-05-14,Torrent Pharma,TORNTPHARM.NS,4395.16552734375,243561,243561,https://finance.yahoo.com/quote/TORNTPHARM.NS/
2026-05-15,Torrent Pharma,TORNTPHARM.NS,4396.96240234375,303882,303882,https://finance.yahoo.com/quote/TORNTPHARM.NS/
2026-05-18,Torrent Pharma,TORNTPHARM.NS,4384.98583984375,329331,329331,https://finance.yahoo.com/quote/TORNTPHARM.NS/
2026-05-19,Torrent Pharma,TORNTPHARM.NS,4451.25439453125,314462,314462,https://finance.yahoo.com/quote/TORNTPHARM.NS/
2026-05-20,Torrent Pharma,TORNTPHARM.NS,4420.41552734375,331283,331283,https://finance.yahoo.com/quote/TORNTPHARM.NS/
2026-05-21,Torrent Pharma,TORNTPHARM.NS,4460.33642578125,245755,245755,https://finance.yahoo.com/quote/TORNTPHARM.NS/
2026-05-22,Torrent Pharma,TORNTPHARM.NS,4477.302734375,205928,205928,https://finance.yahoo.com/quote/TORNTPHARM.NS/
2026-05-25,Torrent Pharma,TORNTPHARM.NS,4563.53125,1007365,1007365,https://finance.yahoo.com/quote/TORNTPHARM.NS/
2026-05-26,Torrent Pharma,TORNTPHARM.NS,4443.27001953125,506176,506176,https://finance.yahoo.com/quote/TORNTPHARM.NS/
2026-05-27,Torrent Pharma,TORNTPHARM.NS,4528.7998046875,217334,217334,https://finance.yahoo.com/quote/TORNTPHARM.NS/
2026-05-28,Torrent Pharma,TORNTPHARM.NS,4528.7998046875,0,0,https://finance.yahoo.com/quote/TORNTPHARM.NS/
2026-05-29,Torrent Pharma,TORNTPHARM.NS,4410.7998046875,3002937,3002937,https://finance.yahoo.com/quote/TORNTPHARM.NS/
2026-06-01,Torrent Pharma,TORNTPHARM.NS,4350.39990234375,694048,694048,https://finance.yahoo.com/quote/TORNTPHARM.NS/
2026-06-02,Torrent Pharma,TORNTPHARM.NS,4317.89990234375,644323,644323,https://finance.yahoo.com/quote/TORNTPHARM.NS/
2026-06-03,Torrent Pharma,TORNTPHARM.NS,4368.5,405210,405210,https://finance.yahoo.com/quote/TORNTPHARM.NS/
2026-06-04,Torrent Pharma,TORNTPHARM.NS,4339.89990234375,595200,595200,https://finance.yahoo.com/quote/TORNTPHARM.NS/
2026-06-05,Torrent Pharma,TORNTPHARM.NS,4420.89990234375,425216,425216,https://finance.yahoo.com/quote/TORNTPHARM.NS/
2026-06-08,Torrent Pharma,TORNTPHARM.NS,4410.39990234375,389687,389687,https://finance.yahoo.com/quote/TORNTPHARM.NS/
2026-06-09,Torrent Pharma,TORNTPHARM.NS,4472.89990234375,221954,221954,https://finance.yahoo.com/quote/TORNTPHARM.NS/
2026-06-10,Torrent Pharma,TORNTPHARM.NS,4463.7001953125,349028,349028,https://finance.yahoo.com/quote/TORNTPHARM.NS/
2026-06-11,Torrent Pharma,TORNTPHARM.NS,4572.2001953125,830928,830928,https://finance.yahoo.com/quote/TORNTPHARM.NS/
2026-06-12,Torrent Pharma,TORNTPHARM.NS,4571.2001953125,426095,426095,https://finance.yahoo.com/quote/TORNTPHARM.NS/
2026-06-15,Torrent Pharma,TORNTPHARM.NS,4504.0,573684,573684,https://finance.yahoo.com/quote/TORNTPHARM.NS/
2026-06-16,Torrent Pharma,TORNTPHARM.NS,4466.7001953125,270242,270242,https://finance.yahoo.com/quote/TORNTPHARM.NS/
2026-06-17,Torrent Pharma,TORNTPHARM.NS,4442.7998046875,304463,304463,https://finance.yahoo.com/quote/TORNTPHARM.NS/
2026-06-18,Torrent Pharma,TORNTPHARM.NS,4445.5,318188,318188,https://finance.yahoo.com/quote/TORNTPHARM.NS/
2026-06-19,Torrent Pharma,TORNTPHARM.NS,4429.7998046875,736331,736331,https://finance.yahoo.com/quote/TORNTPHARM.NS/
2026-06-22,Torrent Pharma,TORNTPHARM.NS,4457.0,704691,704691,https://finance.yahoo.com/quote/TORNTPHARM.NS/
2026-06-23,Torrent Pharma,TORNTPHARM.NS,4514.10009765625,518244,518244,https://finance.yahoo.com/quote/TORNTPHARM.NS/
2026-06-24,Torrent Pharma,TORNTPHARM.NS,4504.39990234375,263526,263526,https://finance.yahoo.com/quote/TORNTPHARM.NS/
2026-06-25,Torrent Pharma,TORNTPHARM.NS,4516.2001953125,203323,203323,https://finance.yahoo.com/quote/TORNTPHARM.NS/
2026-06-26,Torrent Pharma,TORNTPHARM.NS,4516.2001953125,0,0,https://finance.yahoo.com/quote/TORNTPHARM.NS/
2026-06-29,Torrent Pharma,TORNTPHARM.NS,4657.60009765625,2069992,2069992,https://finance.yahoo.com/quote/TORNTPHARM.NS/
2026-06-30,Torrent Pharma,TORNTPHARM.NS,4620.10009765625,466117,466117,https://finance.yahoo.com/quote/TORNTPHARM.NS/
2026-07-01,Torrent Pharma,TORNTPHARM.NS,4640.7998046875,200344,200344,https://finance.yahoo.com/quote/TORNTPHARM.NS/
2026-07-02,Torrent Pharma,TORNTPHARM.NS,4661.39990234375,227461,227461,https://finance.yahoo.com/quote/TORNTPHARM.NS/
2026-07-03,Torrent Pharma,TORNTPHARM.NS,4768.2998046875,345920,345920,https://finance.yahoo.com/quote/TORNTPHARM.NS/
2026-07-06,Torrent Pharma,TORNTPHARM.NS,4822.7001953125,271017,271017,https://finance.yahoo.com/quote/TORNTPHARM.NS/
2026-07-07,Torrent Pharma,TORNTPHARM.NS,4856.7001953125,536006,536006,https://finance.yahoo.com/quote/TORNTPHARM.NS/
2026-07-08,Torrent Pharma,TORNTPHARM.NS,4866.39990234375,1025007,1025007,https://finance.yahoo.com/quote/TORNTPHARM.NS/
2026-07-09,Torrent Pharma,TORNTPHARM.NS,4898.2001953125,460740,460740,https://finance.yahoo.com/quote/TORNTPHARM.NS/
2026-07-10,Torrent Pharma,TORNTPHARM.NS,4901.5,963130,963130,https://finance.yahoo.com/quote/TORNTPHARM.NS/
2026-07-13,Torrent Pharma,TORNTPHARM.NS,4951.10009765625,763977,763977,https://finance.yahoo.com/quote/TORNTPHARM.NS/
2026-07-14,Torrent Pharma,TORNTPHARM.NS,4973.5,794164,794164,https://finance.yahoo.com/quote/TORNTPHARM.NS/
2026-07-15,Torrent Pharma,TORNTPHARM.NS,5017.7998046875,778853,778853,https://finance.yahoo.com/quote/TORNTPHARM.NS/
2026-07-16,Torrent Pharma,TORNTPHARM.NS,4987.60009765625,5061339,5061339,https://finance.yahoo.com/quote/TORNTPHARM.NS/
2026-07-17,Torrent Pharma,TORNTPHARM.NS,4763.0,1396928,1396928,https://finance.yahoo.com/quote/TORNTPHARM.NS/
2026-07-20,Torrent Pharma,TORNTPHARM.NS,5005.39990234375,959571,959571,https://finance.yahoo.com/quote/TORNTPHARM.NS/
2026-07-21,Torrent Pharma,TORNTPHARM.NS,5040.7001953125,287686,287686,https://finance.yahoo.com/quote/TORNTPHARM.NS/
2026-07-22,Torrent Pharma,TORNTPHARM.NS,5033.39990234375,290320,290320,https://finance.yahoo.com/quote/TORNTPHARM.NS/
2026-07-23,Torrent Pharma,TORNTPHARM.NS,5065.2001953125,423979,423979,https://finance.yahoo.com/quote/TORNTPHARM.NS/
2026-07-24,Torrent Pharma,TORNTPHARM.NS,4961.5,262189,262189,https://finance.yahoo.com/quote/TORNTPHARM.NS/
2026-07-27,Torrent Pharma,TORNTPHARM.NS,5019.5,267708,267708,https://finance.yahoo.com/quote/TORNTPHARM.NS/
2026-07-28,Torrent Pharma,TORNTPHARM.NS,4898.2998046875,549152,549152,https://finance.yahoo.com/quote/TORNTPHARM.NS/
2026-07-29,Torrent Pharma,TORNTPHARM.NS,4878.5,776537,776537,https://finance.yahoo.com/quote/TORNTPHARM.NS/
2026-07-30,Torrent Pharma,TORNTPHARM.NS,4872.10009765625,790538,790538,https://finance.yahoo.com/quote/TORNTPHARM.NS/
2026-07-31,Torrent Pharma,TORNTPHARM.NS,5122.7998046875,1427855,1427855,https://finance.yahoo.com/quote/TORNTPHARM.NS/
2026-08-03,Torrent Pharma,TORNTPHARM.NS,5050.0,841750,841750,https://finance.yahoo.com/quote/TORNTPHARM.NS/
2026-08-04,Torrent Pharma,TORNTPHARM.NS,5030.0,658560,658560,https://finance.yahoo.com/quote/TORNTPHARM.NS/
2026-08-05,Torrent Pharma,TORNTPHARM.NS,5000.0,509606,509606,https://finance.yahoo.com/quote/TORNTPHARM.NS/
2026-08-06,Torrent Pharma,TORNTPHARM.NS,4956.0,701944,701944,https://finance.yahoo.com/quote/TORNTPHARM.NS/
2026-08-07,Torrent Pharma,TORNTPHARM.NS,4924.0,394462,394462,https://finance.yahoo.com/quote/TORNTPHARM.NS/
2026-08-10,Torrent Pharma,TORNTPHARM.NS,4924.0,416376,416376,https://finance.yahoo.com/quote/TORNTPHARM.NS/
2026-08-11,Torrent Pharma,TORNTPHARM.NS,4886.0,360860,360860,https://finance.yahoo.com/quote/TORNTPHARM.NS/
2026-08-12,Torrent Pharma,TORNTPHARM.NS,4893.0,400740,400740,https://finance.yahoo.com/quote/TORNTPHARM.NS/
2026-08-13,Torrent Pharma,TORNTPHARM.NS,4914.5,433488,433488,https://finance.yahoo.com/quote/TORNTPHARM.NS/
2026-08-14,Torrent Pharma,TORNTPHARM.NS,4833.0,166892,166892,https://finance.yahoo.com/quote/TORNTPHARM.NS/
2026-08-17,Torrent Pharma,TORNTPHARM.NS,4900.0,293772,293772,https://finance.yahoo.com/quote/TORNTPHARM.NS/
2026-08-18,Torrent Pharma,TORNTPHARM.NS,4971.0,426573,426573,https://finance.yahoo.com/quote/TORNTPHARM.NS/
2026-08-19,Torrent Pharma,TORNTPHARM.NS,5013.0,412375,412375,https://finance.yahoo.com/quote/TORNTPHARM.NS/
2026-08-20,Torrent Pharma,TORNTPHARM.NS,5005.0,244562,244562,https://finance.yahoo.com/quote/TORNTPHARM.NS/
2026-08-21,Torrent Pharma,TORNTPHARM.NS,4896.5,226264,226264,https://finance.yahoo.com/quote/TORNTPHARM.NS/
2026-08-24,Torrent Pharma,TORNTPHARM.NS,4886.5,151552,151552,https://finance.yahoo.com/quote/TORNTPHARM.NS/
2026-08-25,Torrent Pharma,TORNTPHARM.NS,4932.0,214851,214851,https://finance.yahoo.com/quote/TORNTPHARM.NS/
2026-08-26,Torrent Pharma,TORNTPHARM.NS,4890.0,277585,277585,https://finance.yahoo.com/quote/TORNTPHARM.NS/
2026-08-27,Torrent Pharma,TORNTPHARM.NS,4999.0,317547,317547,https://finance.yahoo.com/quote/TORNTPHARM.NS/
2026-08-28,Torrent Pharma,TORNTPHARM.NS,5050.0,184156,184156,https://finance.yahoo.com/quote/TORNTPHARM.NS/
2026-08-31,Torrent Pharma,TORNTPHARM.NS,5066.0,650409,650409,https://finance.yahoo.com/quote/TORNTPHARM.NS/
2026-09-01,Torrent Pharma,TORNTPHARM.NS,4965.5,204694,204694,https://finance.yahoo.com/quote/TORNTPHARM.NS/
2026-09-02,Torrent Pharma,TORNTPHARM.NS,5012.0,295518,295518,https://finance.yahoo.com/quote/TORNTPHARM.NS/
2026-09-03,Torrent Pharma,TORNTPHARM.NS,4905.5,328567,328567,https://finance.yahoo.com/quote/TORNTPHARM.NS/
2026-09-04,Torrent Pharma,TORNTPHARM.NS,4857.0,322787,322787,https://finance.yahoo.com/quote/TORNTPHARM.NS/
2026-09-07,Torrent Pharma,TORNTPHARM.NS,4914.0,229459,229459,https://finance.yahoo.com/quote/TORNTPHARM.NS/
2026-09-08,Torrent Pharma,TORNTPHARM.NS,4960.0,258478,258478,https://finance.yahoo.com/quote/TORNTPHARM.NS/
2026-09-09,Torrent Pharma,TORNTPHARM.NS,4930.0,165089,165089,https://finance.yahoo.com/quote/TORNTPHARM.NS/
2026-09-10,Torrent Pharma,TORNTPHARM.NS,4930.0,190249,190249,https://finance.yahoo.com/quote/TORNTPHARM.NS/
2026-09-11,Torrent Pharma,TORNTPHARM.NS,4965.5,263114,263114,https://finance.yahoo.com/quote/TORNTPHARM.NS/
2026-09-14,Torrent Pharma,TORNTPHARM.NS,4965.5,0,0,https://finance.yahoo.com/quote/TORNTPHARM.NS/
2026-09-15,Torrent Pharma,TORNTPHARM.NS,4850.0,397030,397030,https://finance.yahoo.com/quote/TORNTPHARM.NS/
2026-09-16,Torrent Pharma,TORNTPHARM.NS,4812.5,647806,647806,https://finance.yahoo.com/quote/TORNTPHARM.NS/
2026-09-17,Torrent Pharma,TORNTPHARM.NS,4875.0,411409,411409,https://finance.yahoo.com/quote/TORNTPHARM.NS/
2026-09-18,Torrent Pharma,TORNTPHARM.NS,4840.0,486733,486733,https://finance.yahoo.com/quote/TORNTPHARM.NS/
2026-09-21,Torrent Pharma,TORNTPHARM.NS,4970.0,361244,361244,https://finance.yahoo.com/quote/TORNTPHARM.NS/
2026-09-22,Torrent Pharma,TORNTPHARM.NS,4935.0,244345,244345,https://finance.yahoo.com/quote/TORNTPHARM.NS/
2026-09-23,Torrent Pharma,TORNTPHARM.NS,4985.0,309574,309574,https://finance.yahoo.com/quote/TORNTPHARM.NS/
2026-09-24,Torrent Pharma,TORNTPHARM.NS,4928.5,255716,255716,https://finance.yahoo.com/quote/TORNTPHARM.NS/
2026-09-25,Torrent Pharma,TORNTPHARM.NS,4988.5,386632,386632,https://finance.yahoo.com/quote/TORNTPHARM.NS/
2026-09-28,Torrent Pharma,TORNTPHARM.NS,4869.0,402847,402847,https://finance.yahoo.com/quote/TORNTPHARM.NS/
2026-09-29,Torrent Pharma,TORNTPHARM.NS,4894.0,725626,725626,https://finance.yahoo.com/quote/TORNTPHARM.NS/
2026-09-30,Torrent Pharma,TORNTPHARM.NS,4800.0,397999,397999,https://finance.yahoo.com/quote/TORNTPHARM.NS/
2026-10-01,Torrent Pharma,TORNTPHARM.NS,4767.2998046875,357701,357701,https://finance.yahoo.com/quote/TORNTPHARM.NS/
2025-04-02,Zydus Lifesciences,ZYDUSLIFE.NS,880.2661743164062,1068766,1068766,https://finance.yahoo.com/quote/ZYDUSLIFE.NS/
2025-04-03,Zydus Lifesciences,ZYDUSLIFE.NS,890.8848876953125,4159473,4159473,https://finance.yahoo.com/quote/ZYDUSLIFE.NS/
2025-04-04,Zydus Lifesciences,ZYDUSLIFE.NS,856.3123779296875,3287190,3287190,https://finance.yahoo.com/quote/ZYDUSLIFE.NS/
2025-04-07,Zydus Lifesciences,ZYDUSLIFE.NS,827.3701782226562,1792473,1792473,https://finance.yahoo.com/quote/ZYDUSLIFE.NS/
2025-04-08,Zydus Lifesciences,ZYDUSLIFE.NS,848.6076049804688,2795212,2795212,https://finance.yahoo.com/quote/ZYDUSLIFE.NS/
2025-04-09,Zydus Lifesciences,ZYDUSLIFE.NS,834.087158203125,1594419,1594419,https://finance.yahoo.com/quote/ZYDUSLIFE.NS/
2025-04-11,Zydus Lifesciences,ZYDUSLIFE.NS,858.2384643554688,1116144,1116144,https://finance.yahoo.com/quote/ZYDUSLIFE.NS/
2025-04-15,Zydus Lifesciences,ZYDUSLIFE.NS,872.3638916015625,1550801,1550801,https://finance.yahoo.com/quote/ZYDUSLIFE.NS/
2025-04-16,Zydus Lifesciences,ZYDUSLIFE.NS,812.0594482421875,10251029,10251029,https://finance.yahoo.com/quote/ZYDUSLIFE.NS/
2025-04-17,Zydus Lifesciences,ZYDUSLIFE.NS,821.39404296875,4090722,4090722,https://finance.yahoo.com/quote/ZYDUSLIFE.NS/
2025-04-21,Zydus Lifesciences,ZYDUSLIFE.NS,835.0255126953125,1861224,1861224,https://finance.yahoo.com/quote/ZYDUSLIFE.NS/
2025-04-22,Zydus Lifesciences,ZYDUSLIFE.NS,842.2857666015625,1015442,1015442,https://finance.yahoo.com/quote/ZYDUSLIFE.NS/
2025-04-23,Zydus Lifesciences,ZYDUSLIFE.NS,857.39892578125,1149096,1149096,https://finance.yahoo.com/quote/ZYDUSLIFE.NS/
2025-04-24,Zydus Lifesciences,ZYDUSLIFE.NS,869.4993286132812,1167381,1167381,https://finance.yahoo.com/quote/ZYDUSLIFE.NS/
2025-04-25,Zydus Lifesciences,ZYDUSLIFE.NS,849.1509399414062,1090283,1090283,https://finance.yahoo.com/quote/ZYDUSLIFE.NS/
2025-04-28,Zydus Lifesciences,ZYDUSLIFE.NS,875.7223510742188,1527151,1527151,https://finance.yahoo.com/quote/ZYDUSLIFE.NS/
2025-04-29,Zydus Lifesciences,ZYDUSLIFE.NS,877.2040405273438,1027694,1027694,https://finance.yahoo.com/quote/ZYDUSLIFE.NS/
2025-04-30,Zydus Lifesciences,ZYDUSLIFE.NS,877.401611328125,907542,907542,https://finance.yahoo.com/quote/ZYDUSLIFE.NS/
2025-05-02,Zydus Lifesciences,ZYDUSLIFE.NS,871.2772827148438,622199,622199,https://finance.yahoo.com/quote/ZYDUSLIFE.NS/
2025-05-05,Zydus Lifesciences,ZYDUSLIFE.NS,881.5996704101562,392926,392926,https://finance.yahoo.com/quote/ZYDUSLIFE.NS/
2025-05-06,Zydus Lifesciences,ZYDUSLIFE.NS,869.8944702148438,1001672,1001672,https://finance.yahoo.com/quote/ZYDUSLIFE.NS/
2025-05-07,Zydus Lifesciences,ZYDUSLIFE.NS,875.3272705078125,819319,819319,https://finance.yahoo.com/quote/ZYDUSLIFE.NS/
2025-05-08,Zydus Lifesciences,ZYDUSLIFE.NS,863.029296875,923809,923809,https://finance.yahoo.com/quote/ZYDUSLIFE.NS/
2025-05-09,Zydus Lifesciences,ZYDUSLIFE.NS,867.9188232421875,783197,783197,https://finance.yahoo.com/quote/ZYDUSLIFE.NS/
2025-05-12,Zydus Lifesciences,ZYDUSLIFE.NS,874.0430908203125,695749,695749,https://finance.yahoo.com/quote/ZYDUSLIFE.NS/
2025-05-13,Zydus Lifesciences,ZYDUSLIFE.NS,890.83544921875,1523977,1523977,https://finance.yahoo.com/quote/ZYDUSLIFE.NS/
2025-05-14,Zydus Lifesciences,ZYDUSLIFE.NS,892.46533203125,1074055,1074055,https://finance.yahoo.com/quote/ZYDUSLIFE.NS/
2025-05-15,Zydus Lifesciences,ZYDUSLIFE.NS,893.6506958007812,493067,493067,https://finance.yahoo.com/quote/ZYDUSLIFE.NS/
2025-05-16,Zydus Lifesciences,ZYDUSLIFE.NS,891.6751098632812,720221,720221,https://finance.yahoo.com/quote/ZYDUSLIFE.NS/
2025-05-19,Zydus Lifesciences,ZYDUSLIFE.NS,900.1207275390625,832279,832279,https://finance.yahoo.com/quote/ZYDUSLIFE.NS/
2025-05-20,Zydus Lifesciences,ZYDUSLIFE.NS,872.5120239257812,2737758,2737758,https://finance.yahoo.com/quote/ZYDUSLIFE.NS/
2025-05-21,Zydus Lifesciences,ZYDUSLIFE.NS,878.7844848632812,1659446,1659446,https://finance.yahoo.com/quote/ZYDUSLIFE.NS/
2025-05-22,Zydus Lifesciences,ZYDUSLIFE.NS,892.4159545898438,2150946,2150946,https://finance.yahoo.com/quote/ZYDUSLIFE.NS/
2025-05-23,Zydus Lifesciences,ZYDUSLIFE.NS,897.5030517578125,795387,795387,https://finance.yahoo.com/quote/ZYDUSLIFE.NS/
2025-05-26,Zydus Lifesciences,ZYDUSLIFE.NS,901.7011108398438,703642,703642,https://finance.yahoo.com/quote/ZYDUSLIFE.NS/
2025-05-27,Zydus Lifesciences,ZYDUSLIFE.NS,906.8870239257812,634513,634513,https://finance.yahoo.com/quote/ZYDUSLIFE.NS/
2025-05-28,Zydus Lifesciences,ZYDUSLIFE.NS,914.2953491210938,874275,874275,https://finance.yahoo.com/quote/ZYDUSLIFE.NS/
2025-05-29,Zydus Lifesciences,ZYDUSLIFE.NS,913.455810546875,643360,643360,https://finance.yahoo.com/quote/ZYDUSLIFE.NS/
2025-05-30,Zydus Lifesciences,ZYDUSLIFE.NS,918.6416625976562,1896380,1896380,https://finance.yahoo.com/quote/ZYDUSLIFE.NS/
2025-06-02,Zydus Lifesciences,ZYDUSLIFE.NS,916.6660766601562,817584,817584,https://finance.yahoo.com/quote/ZYDUSLIFE.NS/
2025-06-03,Zydus Lifesciences,ZYDUSLIFE.NS,915.085693359375,480256,480256,https://finance.yahoo.com/quote/ZYDUSLIFE.NS/
2025-06-04,Zydus Lifesciences,ZYDUSLIFE.NS,920.1233520507812,1429173,1429173,https://finance.yahoo.com/quote/ZYDUSLIFE.NS/
2025-06-05,Zydus Lifesciences,ZYDUSLIFE.NS,944.02783203125,1804863,1804863,https://finance.yahoo.com/quote/ZYDUSLIFE.NS/
2025-06-06,Zydus Lifesciences,ZYDUSLIFE.NS,948.4234619140625,810158,810158,https://finance.yahoo.com/quote/ZYDUSLIFE.NS/
2025-06-09,Zydus Lifesciences,ZYDUSLIFE.NS,961.7586059570312,641864,641864,https://finance.yahoo.com/quote/ZYDUSLIFE.NS/
2025-06-10,Zydus Lifesciences,ZYDUSLIFE.NS,969.8090209960938,981945,981945,https://finance.yahoo.com/quote/ZYDUSLIFE.NS/
2025-06-11,Zydus Lifesciences,ZYDUSLIFE.NS,966.8456420898438,869226,869226,https://finance.yahoo.com/quote/ZYDUSLIFE.NS/
2025-06-12,Zydus Lifesciences,ZYDUSLIFE.NS,966.8456420898438,1972538,1972538,https://finance.yahoo.com/quote/ZYDUSLIFE.NS/
2025-06-13,Zydus Lifesciences,ZYDUSLIFE.NS,963.042724609375,1046498,1046498,https://finance.yahoo.com/quote/ZYDUSLIFE.NS/
2025-06-16,Zydus Lifesciences,ZYDUSLIFE.NS,962.4994506835938,777623,777623,https://finance.yahoo.com/quote/ZYDUSLIFE.NS/
2025-06-17,Zydus Lifesciences,ZYDUSLIFE.NS,945.9539794921875,1639313,1639313,https://finance.yahoo.com/quote/ZYDUSLIFE.NS/
2025-06-18,Zydus Lifesciences,ZYDUSLIFE.NS,946.5960083007812,1016691,1016691,https://finance.yahoo.com/quote/ZYDUSLIFE.NS/
2025-06-19,Zydus Lifesciences,ZYDUSLIFE.NS,938.44677734375,798082,798082,https://finance.yahoo.com/quote/ZYDUSLIFE.NS/
2025-06-20,Zydus Lifesciences,ZYDUSLIFE.NS,945.41064453125,708234,708234,https://finance.yahoo.com/quote/ZYDUSLIFE.NS/
2025-06-23,Zydus Lifesciences,ZYDUSLIFE.NS,940.4717407226562,642532,642532,https://finance.yahoo.com/quote/ZYDUSLIFE.NS/
2025-06-24,Zydus Lifesciences,ZYDUSLIFE.NS,952.7697143554688,1162909,1162909,https://finance.yahoo.com/quote/ZYDUSLIFE.NS/
2025-06-25,Zydus Lifesciences,ZYDUSLIFE.NS,962.8450927734375,655603,655603,https://finance.yahoo.com/quote/ZYDUSLIFE.NS/
2025-06-26,Zydus Lifesciences,ZYDUSLIFE.NS,969.9572143554688,876152,876152,https://finance.yahoo.com/quote/ZYDUSLIFE.NS/
2025-06-27,Zydus Lifesciences,ZYDUSLIFE.NS,969.8090209960938,1545595,1545595,https://finance.yahoo.com/quote/ZYDUSLIFE.NS/
2025-06-30,Zydus Lifesciences,ZYDUSLIFE.NS,977.8594970703125,818854,818854,https://finance.yahoo.com/quote/ZYDUSLIFE.NS/
2025-07-01,Zydus Lifesciences,ZYDUSLIFE.NS,990.2562255859375,925574,925574,https://finance.yahoo.com/quote/ZYDUSLIFE.NS/
2025-07-02,Zydus Lifesciences,ZYDUSLIFE.NS,983.2429809570312,1227396,1227396,https://finance.yahoo.com/quote/ZYDUSLIFE.NS/
2025-07-03,Zydus Lifesciences,ZYDUSLIFE.NS,987.194091796875,718095,718095,https://finance.yahoo.com/quote/ZYDUSLIFE.NS/
2025-07-04,Zydus Lifesciences,ZYDUSLIFE.NS,988.7745361328125,845835,845835,https://finance.yahoo.com/quote/ZYDUSLIFE.NS/
2025-07-07,Zydus Lifesciences,ZYDUSLIFE.NS,986.6013793945312,567413,567413,https://finance.yahoo.com/quote/ZYDUSLIFE.NS/
2025-07-08,Zydus Lifesciences,ZYDUSLIFE.NS,971.1919555664062,1014905,1014905,https://finance.yahoo.com/quote/ZYDUSLIFE.NS/
2025-07-09,Zydus Lifesciences,ZYDUSLIFE.NS,966.4999389648438,906874,906874,https://finance.yahoo.com/quote/ZYDUSLIFE.NS/
2025-07-10,Zydus Lifesciences,ZYDUSLIFE.NS,961.067138671875,721738,721738,https://finance.yahoo.com/quote/ZYDUSLIFE.NS/
2025-07-11,Zydus Lifesciences,ZYDUSLIFE.NS,967.6358642578125,921032,921032,https://finance.yahoo.com/quote/ZYDUSLIFE.NS/
2025-07-14,Zydus Lifesciences,ZYDUSLIFE.NS,956.6220703125,1409414,1409414,https://finance.yahoo.com/quote/ZYDUSLIFE.NS/
2025-07-15,Zydus Lifesciences,ZYDUSLIFE.NS,955.8318481445312,553271,553271,https://finance.yahoo.com/quote/ZYDUSLIFE.NS/
2025-07-16,Zydus Lifesciences,ZYDUSLIFE.NS,957.066650390625,1049414,1049414,https://finance.yahoo.com/quote/ZYDUSLIFE.NS/
2025-07-17,Zydus Lifesciences,ZYDUSLIFE.NS,970.7474365234375,669080,669080,https://finance.yahoo.com/quote/ZYDUSLIFE.NS/
2025-07-18,Zydus Lifesciences,ZYDUSLIFE.NS,963.042724609375,726018,726018,https://finance.yahoo.com/quote/ZYDUSLIFE.NS/
2025-07-21,Zydus Lifesciences,ZYDUSLIFE.NS,958.1531372070312,961832,961832,https://finance.yahoo.com/quote/ZYDUSLIFE.NS/
2025-07-22,Zydus Lifesciences,ZYDUSLIFE.NS,945.06494140625,864768,864768,https://finance.yahoo.com/quote/ZYDUSLIFE.NS/
2025-07-23,Zydus Lifesciences,ZYDUSLIFE.NS,950.2014770507812,417511,417511,https://finance.yahoo.com/quote/ZYDUSLIFE.NS/
2025-07-24,Zydus Lifesciences,ZYDUSLIFE.NS,959.3878784179688,639210,639210,https://finance.yahoo.com/quote/ZYDUSLIFE.NS/
2025-07-25,Zydus Lifesciences,ZYDUSLIFE.NS,975.5233764648438,1188906,1188906,https://finance.yahoo.com/quote/ZYDUSLIFE.NS/
2025-07-28,Zydus Lifesciences,ZYDUSLIFE.NS,979.2200317382812,1032847,1032847,https://finance.yahoo.com/quote/ZYDUSLIFE.NS/
2025-07-29,Zydus Lifesciences,ZYDUSLIFE.NS,993.956787109375,943918,943918,https://finance.yahoo.com/quote/ZYDUSLIFE.NS/
2025-07-30,Zydus Lifesciences,ZYDUSLIFE.NS,994.2565307617188,775428,775428,https://finance.yahoo.com/quote/ZYDUSLIFE.NS/
2025-07-31,Zydus Lifesciences,ZYDUSLIFE.NS,968.9292602539062,1187065,1187065,https://finance.yahoo.com/quote/ZYDUSLIFE.NS/
2025-08-01,Zydus Lifesciences,ZYDUSLIFE.NS,948.1979370117188,1284762,1284762,https://finance.yahoo.com/quote/ZYDUSLIFE.NS/
2025-08-04,Zydus Lifesciences,ZYDUSLIFE.NS,957.9890747070312,621617,621617,https://finance.yahoo.com/quote/ZYDUSLIFE.NS/
2025-08-05,Zydus Lifesciences,ZYDUSLIFE.NS,959.3878784179688,479835,479835,https://finance.yahoo.com/quote/ZYDUSLIFE.NS/
2025-08-06,Zydus Lifesciences,ZYDUSLIFE.NS,931.8626098632812,1059453,1059453,https://finance.yahoo.com/quote/ZYDUSLIFE.NS/
2025-08-07,Zydus Lifesciences,ZYDUSLIFE.NS,943.60205078125,954020,954020,https://finance.yahoo.com/quote/ZYDUSLIFE.NS/
2025-08-08,Zydus Lifesciences,ZYDUSLIFE.NS,935.3095092773438,589784,589784,https://finance.yahoo.com/quote/ZYDUSLIFE.NS/
2025-08-11,Zydus Lifesciences,ZYDUSLIFE.NS,954.6920776367188,355333,355333,https://finance.yahoo.com/quote/ZYDUSLIFE.NS/
2025-08-12,Zydus Lifesciences,ZYDUSLIFE.NS,954.7919921875,912710,912710,https://finance.yahoo.com/quote/ZYDUSLIFE.NS/
2025-08-13,Zydus Lifesciences,ZYDUSLIFE.NS,987.71240234375,1911458,1911458,https://finance.yahoo.com/quote/ZYDUSLIFE.NS/
2025-08-14,Zydus Lifesciences,ZYDUSLIFE.NS,987.9122314453125,717164,717164,https://finance.yahoo.com/quote/ZYDUSLIFE.NS/
2025-08-18,Zydus Lifesciences,ZYDUSLIFE.NS,985.6143188476562,677972,677972,https://finance.yahoo.com/quote/ZYDUSLIFE.NS/
2025-08-19,Zydus Lifesciences,ZYDUSLIFE.NS,988.5616455078125,718678,718678,https://finance.yahoo.com/quote/ZYDUSLIFE.NS/
2025-08-20,Zydus Lifesciences,ZYDUSLIFE.NS,982.4171752929688,535407,535407,https://finance.yahoo.com/quote/ZYDUSLIFE.NS/
2025-08-21,Zydus Lifesciences,ZYDUSLIFE.NS,984.9149169921875,716876,716876,https://finance.yahoo.com/quote/ZYDUSLIFE.NS/
2025-08-22,Zydus Lifesciences,ZYDUSLIFE.NS,987.9122314453125,307423,307423,https://finance.yahoo.com/quote/ZYDUSLIFE.NS/
2025-08-25,Zydus Lifesciences,ZYDUSLIFE.NS,1022.2314453125,2565579,2565579,https://finance.yahoo.com/quote/ZYDUSLIFE.NS/
2025-08-26,Zydus Lifesciences,ZYDUSLIFE.NS,986.9630737304688,2997316,2997316,https://finance.yahoo.com/quote/ZYDUSLIFE.NS/
2025-08-28,Zydus Lifesciences,ZYDUSLIFE.NS,977.7213745117188,1108790,1108790,https://finance.yahoo.com/quote/ZYDUSLIFE.NS/
2025-08-29,Zydus Lifesciences,ZYDUSLIFE.NS,980.169189453125,833114,833114,https://finance.yahoo.com/quote/ZYDUSLIFE.NS/
2025-09-01,Zydus Lifesciences,ZYDUSLIFE.NS,990.1602172851562,1463193,1463193,https://finance.yahoo.com/quote/ZYDUSLIFE.NS/
2025-09-02,Zydus Lifesciences,ZYDUSLIFE.NS,995.2056274414062,1106144,1106144,https://finance.yahoo.com/quote/ZYDUSLIFE.NS/
2025-09-03,Zydus Lifesciences,ZYDUSLIFE.NS,1007.2947998046875,1683054,1683054,https://finance.yahoo.com/quote/ZYDUSLIFE.NS/
2025-09-04,Zydus Lifesciences,ZYDUSLIFE.NS,1011.0414428710938,1038028,1038028,https://finance.yahoo.com/quote/ZYDUSLIFE.NS/
2025-09-05,Zydus Lifesciences,ZYDUSLIFE.NS,1012.939697265625,1860389,1860389,https://finance.yahoo.com/quote/ZYDUSLIFE.NS/
2025-09-08,Zydus Lifesciences,ZYDUSLIFE.NS,1008.7435302734375,777187,777187,https://finance.yahoo.com/quote/ZYDUSLIFE.NS/
2025-09-09,Zydus Lifesciences,ZYDUSLIFE.NS,1034.670166015625,1228793,1228793,https://finance.yahoo.com/quote/ZYDUSLIFE.NS/
2025-09-10,Zydus Lifesciences,ZYDUSLIFE.NS,1038.6666259765625,1086228,1086228,https://finance.yahoo.com/quote/ZYDUSLIFE.NS/
2025-09-11,Zydus Lifesciences,ZYDUSLIFE.NS,1042.6629638671875,537049,537049,https://finance.yahoo.com/quote/ZYDUSLIFE.NS/
2025-09-12,Zydus Lifesciences,ZYDUSLIFE.NS,1043.81201171875,559927,559927,https://finance.yahoo.com/quote/ZYDUSLIFE.NS/
2025-09-15,Zydus Lifesciences,ZYDUSLIFE.NS,1035.9691162109375,391508,391508,https://finance.yahoo.com/quote/ZYDUSLIFE.NS/
2025-09-16,Zydus Lifesciences,ZYDUSLIFE.NS,1033.5711669921875,511672,511672,https://finance.yahoo.com/quote/ZYDUSLIFE.NS/
2025-09-17,Zydus Lifesciences,ZYDUSLIFE.NS,1032.871826171875,754208,754208,https://finance.yahoo.com/quote/ZYDUSLIFE.NS/
2025-09-18,Zydus Lifesciences,ZYDUSLIFE.NS,1046.9091796875,977193,977193,https://finance.yahoo.com/quote/ZYDUSLIFE.NS/
2025-09-19,Zydus Lifesciences,ZYDUSLIFE.NS,1036.3687744140625,1054747,1054747,https://finance.yahoo.com/quote/ZYDUSLIFE.NS/
2025-09-22,Zydus Lifesciences,ZYDUSLIFE.NS,1034.77001953125,599637,599637,https://finance.yahoo.com/quote/ZYDUSLIFE.NS/
2025-09-23,Zydus Lifesciences,ZYDUSLIFE.NS,1043.911865234375,544814,544814,https://finance.yahoo.com/quote/ZYDUSLIFE.NS/
2025-09-24,Zydus Lifesciences,ZYDUSLIFE.NS,1035.06982421875,657285,657285,https://finance.yahoo.com/quote/ZYDUSLIFE.NS/
2025-09-25,Zydus Lifesciences,ZYDUSLIFE.NS,1018.3348999023438,1146210,1146210,https://finance.yahoo.com/quote/ZYDUSLIFE.NS/
2025-09-26,Zydus Lifesciences,ZYDUSLIFE.NS,974.1246337890625,2575036,2575036,https://finance.yahoo.com/quote/ZYDUSLIFE.NS/
2025-09-29,Zydus Lifesciences,ZYDUSLIFE.NS,991.209228515625,1029788,1029788,https://finance.yahoo.com/quote/ZYDUSLIFE.NS/
2025-09-30,Zydus Lifesciences,ZYDUSLIFE.NS,981.0184326171875,895491,895491,https://finance.yahoo.com/quote/ZYDUSLIFE.NS/
2025-10-01,Zydus Lifesciences,ZYDUSLIFE.NS,990.2601318359375,560905,560905,https://finance.yahoo.com/quote/ZYDUSLIFE.NS/
2025-10-03,Zydus Lifesciences,ZYDUSLIFE.NS,987.4126586914062,577348,577348,https://finance.yahoo.com/quote/ZYDUSLIFE.NS/
2025-10-06,Zydus Lifesciences,ZYDUSLIFE.NS,993.7570190429688,364990,364990,https://finance.yahoo.com/quote/ZYDUSLIFE.NS/
2025-10-07,Zydus Lifesciences,ZYDUSLIFE.NS,987.0130615234375,882271,882271,https://finance.yahoo.com/quote/ZYDUSLIFE.NS/
2025-10-08,Zydus Lifesciences,ZYDUSLIFE.NS,985.0648193359375,858560,858560,https://finance.yahoo.com/quote/ZYDUSLIFE.NS/
2025-10-09,Zydus Lifesciences,ZYDUSLIFE.NS,993.5571899414062,2566310,2566310,https://finance.yahoo.com/quote/ZYDUSLIFE.NS/
2025-10-10,Zydus Lifesciences,ZYDUSLIFE.NS,992.5580444335938,1559044,1559044,https://finance.yahoo.com/quote/ZYDUSLIFE.NS/
2025-10-13,Zydus Lifesciences,ZYDUSLIFE.NS,994.606201171875,727760,727760,https://finance.yahoo.com/quote/ZYDUSLIFE.NS/
2025-10-14,Zydus Lifesciences,ZYDUSLIFE.NS,978.3707885742188,827749,827749,https://finance.yahoo.com/quote/ZYDUSLIFE.NS/
2025-10-15,Zydus Lifesciences,ZYDUSLIFE.NS,976.4225463867188,563166,563166,https://finance.yahoo.com/quote/ZYDUSLIFE.NS/
2025-10-16,Zydus Lifesciences,ZYDUSLIFE.NS,983.7160034179688,832737,832737,https://finance.yahoo.com/quote/ZYDUSLIFE.NS/
2025-10-17,Zydus Lifesciences,ZYDUSLIFE.NS,986.7633056640625,745052,745052,https://finance.yahoo.com/quote/ZYDUSLIFE.NS/
2025-10-20,Zydus Lifesciences,ZYDUSLIFE.NS,1001.4500122070312,820061,820061,https://finance.yahoo.com/quote/ZYDUSLIFE.NS/
2025-10-21,Zydus Lifesciences,ZYDUSLIFE.NS,998.6026000976562,59416,59416,https://finance.yahoo.com/quote/ZYDUSLIFE.NS/
2025-10-23,Zydus Lifesciences,ZYDUSLIFE.NS,1008.0941162109375,693670,693670,https://finance.yahoo.com/quote/ZYDUSLIFE.NS/
2025-10-24,Zydus Lifesciences,ZYDUSLIFE.NS,1003.997802734375,583326,583326,https://finance.yahoo.com/quote/ZYDUSLIFE.NS/
2025-10-27,Zydus Lifesciences,ZYDUSLIFE.NS,1012.939697265625,506495,506495,https://finance.yahoo.com/quote/ZYDUSLIFE.NS/
2025-10-28,Zydus Lifesciences,ZYDUSLIFE.NS,1000.35107421875,382370,382370,https://finance.yahoo.com/quote/ZYDUSLIFE.NS/
2025-10-29,Zydus Lifesciences,ZYDUSLIFE.NS,1001.9995727539062,730755,730755,https://finance.yahoo.com/quote/ZYDUSLIFE.NS/
2025-10-30,Zydus Lifesciences,ZYDUSLIFE.NS,985.2646484375,750435,750435,https://finance.yahoo.com/quote/ZYDUSLIFE.NS/
2025-10-31,Zydus Lifesciences,ZYDUSLIFE.NS,973.5751342773438,458973,458973,https://finance.yahoo.com/quote/ZYDUSLIFE.NS/
2025-11-03,Zydus Lifesciences,ZYDUSLIFE.NS,980.169189453125,534425,534425,https://finance.yahoo.com/quote/ZYDUSLIFE.NS/
2025-11-04,Zydus Lifesciences,ZYDUSLIFE.NS,970.8275756835938,444915,444915,https://finance.yahoo.com/quote/ZYDUSLIFE.NS/
2025-11-06,Zydus Lifesciences,ZYDUSLIFE.NS,935.8590087890625,2919859,2919859,https://finance.yahoo.com/quote/ZYDUSLIFE.NS/
2025-11-07,Zydus Lifesciences,ZYDUSLIFE.NS,943.2523193359375,667543,667543,https://finance.yahoo.com/quote/ZYDUSLIFE.NS/
2025-11-10,Zydus Lifesciences,ZYDUSLIFE.NS,947.5485229492188,920267,920267,https://finance.yahoo.com/quote/ZYDUSLIFE.NS/
2025-11-11,Zydus Lifesciences,ZYDUSLIFE.NS,938.0570678710938,1819775,1819775,https://finance.yahoo.com/quote/ZYDUSLIFE.NS/
2025-11-12,Zydus Lifesciences,ZYDUSLIFE.NS,950.5458374023438,791415,791415,https://finance.yahoo.com/quote/ZYDUSLIFE.NS/
2025-11-13,Zydus Lifesciences,ZYDUSLIFE.NS,943.3023681640625,698519,698519,https://finance.yahoo.com/quote/ZYDUSLIFE.NS/
2025-11-14,Zydus Lifesciences,ZYDUSLIFE.NS,943.60205078125,592731,592731,https://finance.yahoo.com/quote/ZYDUSLIFE.NS/
2025-11-17,Zydus Lifesciences,ZYDUSLIFE.NS,933.9107666015625,873274,873274,https://finance.yahoo.com/quote/ZYDUSLIFE.NS/
2025-11-18,Zydus Lifesciences,ZYDUSLIFE.NS,927.5664672851562,824350,824350,https://finance.yahoo.com/quote/ZYDUSLIFE.NS/
2025-11-19,Zydus Lifesciences,ZYDUSLIFE.NS,929.3648681640625,659272,659272,https://finance.yahoo.com/quote/ZYDUSLIFE.NS/
2025-11-20,Zydus Lifesciences,ZYDUSLIFE.NS,927.1668090820312,747920,747920,https://finance.yahoo.com/quote/ZYDUSLIFE.NS/
2025-11-21,Zydus Lifesciences,ZYDUSLIFE.NS,923.4701538085938,470759,470759,https://finance.yahoo.com/quote/ZYDUSLIFE.NS/
2025-11-24,Zydus Lifesciences,ZYDUSLIFE.NS,925.8180541992188,4921102,4921102,https://finance.yahoo.com/quote/ZYDUSLIFE.NS/
2025-11-25,Zydus Lifesciences,ZYDUSLIFE.NS,927.6663818359375,508282,508282,https://finance.yahoo.com/quote/ZYDUSLIFE.NS/
2025-11-26,Zydus Lifesciences,ZYDUSLIFE.NS,939.70556640625,972690,972690,https://finance.yahoo.com/quote/ZYDUSLIFE.NS/
2025-11-27,Zydus Lifesciences,ZYDUSLIFE.NS,936.4085083007812,768619,768619,https://finance.yahoo.com/quote/ZYDUSLIFE.NS/
2025-11-28,Zydus Lifesciences,ZYDUSLIFE.NS,941.65380859375,919929,919929,https://finance.yahoo.com/quote/ZYDUSLIFE.NS/
2025-12-01,Zydus Lifesciences,ZYDUSLIFE.NS,935.6092529296875,534206,534206,https://finance.yahoo.com/quote/ZYDUSLIFE.NS/
2025-12-02,Zydus Lifesciences,ZYDUSLIFE.NS,941.8536376953125,823400,823400,https://finance.yahoo.com/quote/ZYDUSLIFE.NS/
2025-12-03,Zydus Lifesciences,ZYDUSLIFE.NS,934.110595703125,1158530,1158530,https://finance.yahoo.com/quote/ZYDUSLIFE.NS/
2025-12-04,Zydus Lifesciences,ZYDUSLIFE.NS,934.9098510742188,874529,874529,https://finance.yahoo.com/quote/ZYDUSLIFE.NS/
2025-12-05,Zydus Lifesciences,ZYDUSLIFE.NS,930.6137084960938,892186,892186,https://finance.yahoo.com/quote/ZYDUSLIFE.NS/
2025-12-08,Zydus Lifesciences,ZYDUSLIFE.NS,923.7698364257812,632165,632165,https://finance.yahoo.com/quote/ZYDUSLIFE.NS/
2025-12-09,Zydus Lifesciences,ZYDUSLIFE.NS,919.4237670898438,1334688,1334688,https://finance.yahoo.com/quote/ZYDUSLIFE.NS/
2025-12-10,Zydus Lifesciences,ZYDUSLIFE.NS,922.770751953125,786332,786332,https://finance.yahoo.com/quote/ZYDUSLIFE.NS/
2025-12-11,Zydus Lifesciences,ZYDUSLIFE.NS,921.7216796875,519404,519404,https://finance.yahoo.com/quote/ZYDUSLIFE.NS/
2025-12-12,Zydus Lifesciences,ZYDUSLIFE.NS,928.3157958984375,435255,435255,https://finance.yahoo.com/quote/ZYDUSLIFE.NS/
2025-12-15,Zydus Lifesciences,ZYDUSLIFE.NS,920.7725219726562,397336,397336,https://finance.yahoo.com/quote/ZYDUSLIFE.NS/
2025-12-16,Zydus Lifesciences,ZYDUSLIFE.NS,913.529052734375,750574,750574,https://finance.yahoo.com/quote/ZYDUSLIFE.NS/
2025-12-17,Zydus Lifesciences,ZYDUSLIFE.NS,917.2756958007812,531484,531484,https://finance.yahoo.com/quote/ZYDUSLIFE.NS/
2025-12-18,Zydus Lifesciences,ZYDUSLIFE.NS,912.8297119140625,351731,351731,https://finance.yahoo.com/quote/ZYDUSLIFE.NS/
2025-12-19,Zydus Lifesciences,ZYDUSLIFE.NS,918.7743530273438,799834,799834,https://finance.yahoo.com/quote/ZYDUSLIFE.NS/
2025-12-22,Zydus Lifesciences,ZYDUSLIFE.NS,917.3756103515625,479708,479708,https://finance.yahoo.com/quote/ZYDUSLIFE.NS/
2025-12-23,Zydus Lifesciences,ZYDUSLIFE.NS,926.9669799804688,320217,320217,https://finance.yahoo.com/quote/ZYDUSLIFE.NS/
2025-12-24,Zydus Lifesciences,ZYDUSLIFE.NS,916.9759521484375,745235,745235,https://finance.yahoo.com/quote/ZYDUSLIFE.NS/
2025-12-26,Zydus Lifesciences,ZYDUSLIFE.NS,910.7315673828125,304792,304792,https://finance.yahoo.com/quote/ZYDUSLIFE.NS/
2025-12-29,Zydus Lifesciences,ZYDUSLIFE.NS,903.7877807617188,487836,487836,https://finance.yahoo.com/quote/ZYDUSLIFE.NS/
2025-12-30,Zydus Lifesciences,ZYDUSLIFE.NS,900.6406860351562,721717,721717,https://finance.yahoo.com/quote/ZYDUSLIFE.NS/
2025-12-31,Zydus Lifesciences,ZYDUSLIFE.NS,913.529052734375,383442,383442,https://finance.yahoo.com/quote/ZYDUSLIFE.NS/
2026-01-01,Zydus Lifesciences,ZYDUSLIFE.NS,914.2284545898438,472472,472472,https://finance.yahoo.com/quote/ZYDUSLIFE.NS/
2026-01-02,Zydus Lifesciences,ZYDUSLIFE.NS,916.0767822265625,262095,262095,https://finance.yahoo.com/quote/ZYDUSLIFE.NS/
2026-01-05,Zydus Lifesciences,ZYDUSLIFE.NS,921.1222534179688,442298,442298,https://finance.yahoo.com/quote/ZYDUSLIFE.NS/
2026-01-06,Zydus Lifesciences,ZYDUSLIFE.NS,930.2140502929688,450775,450775,https://finance.yahoo.com/quote/ZYDUSLIFE.NS/
2026-01-07,Zydus Lifesciences,ZYDUSLIFE.NS,926.7172241210938,518054,518054,https://finance.yahoo.com/quote/ZYDUSLIFE.NS/
2026-01-08,Zydus Lifesciences,ZYDUSLIFE.NS,906.7351684570312,430365,430365,https://finance.yahoo.com/quote/ZYDUSLIFE.NS/
2026-01-09,Zydus Lifesciences,ZYDUSLIFE.NS,894.0965576171875,797148,797148,https://finance.yahoo.com/quote/ZYDUSLIFE.NS/
2026-01-12,Zydus Lifesciences,ZYDUSLIFE.NS,894.2463989257812,424551,424551,https://finance.yahoo.com/quote/ZYDUSLIFE.NS/
2026-01-13,Zydus Lifesciences,ZYDUSLIFE.NS,899.891357421875,493965,493965,https://finance.yahoo.com/quote/ZYDUSLIFE.NS/
2026-01-14,Zydus Lifesciences,ZYDUSLIFE.NS,882.95654296875,728209,728209,https://finance.yahoo.com/quote/ZYDUSLIFE.NS/
2026-01-15,Zydus Lifesciences,ZYDUSLIFE.NS,882.95654296875,0,0,https://finance.yahoo.com/quote/ZYDUSLIFE.NS/
2026-01-16,Zydus Lifesciences,ZYDUSLIFE.NS,867.320556640625,1052948,1052948,https://finance.yahoo.com/quote/ZYDUSLIFE.NS/
2026-01-19,Zydus Lifesciences,ZYDUSLIFE.NS,880.3088989257812,606193,606193,https://finance.yahoo.com/quote/ZYDUSLIFE.NS/
2026-01-20,Zydus Lifesciences,ZYDUSLIFE.NS,872.6158447265625,899558,899558,https://finance.yahoo.com/quote/ZYDUSLIFE.NS/
2026-01-21,Zydus Lifesciences,ZYDUSLIFE.NS,875.4632568359375,902659,902659,https://finance.yahoo.com/quote/ZYDUSLIFE.NS/
2026-01-22,Zydus Lifesciences,ZYDUSLIFE.NS,884.505126953125,469855,469855,https://finance.yahoo.com/quote/ZYDUSLIFE.NS/
2026-01-23,Zydus Lifesciences,ZYDUSLIFE.NS,881.2081298828125,460331,460331,https://finance.yahoo.com/quote/ZYDUSLIFE.NS/
2026-01-27,Zydus Lifesciences,ZYDUSLIFE.NS,892.5479125976562,490213,490213,https://finance.yahoo.com/quote/ZYDUSLIFE.NS/
2026-01-28,Zydus Lifesciences,ZYDUSLIFE.NS,896.0947875976562,313242,313242,https://finance.yahoo.com/quote/ZYDUSLIFE.NS/
2026-01-29,Zydus Lifesciences,ZYDUSLIFE.NS,889.9003295898438,403045,403045,https://finance.yahoo.com/quote/ZYDUSLIFE.NS/
2026-01-30,Zydus Lifesciences,ZYDUSLIFE.NS,884.505126953125,662055,662055,https://finance.yahoo.com/quote/ZYDUSLIFE.NS/
2026-02-02,Zydus Lifesciences,ZYDUSLIFE.NS,878.8602294921875,405651,405651,https://finance.yahoo.com/quote/ZYDUSLIFE.NS/
2026-02-03,Zydus Lifesciences,ZYDUSLIFE.NS,902.08935546875,1050230,1050230,https://finance.yahoo.com/quote/ZYDUSLIFE.NS/
2026-02-04,Zydus Lifesciences,ZYDUSLIFE.NS,904.437255859375,495453,495453,https://finance.yahoo.com/quote/ZYDUSLIFE.NS/
2026-02-05,Zydus Lifesciences,ZYDUSLIFE.NS,904.1874389648438,419002,419002,https://finance.yahoo.com/quote/ZYDUSLIFE.NS/
2026-02-06,Zydus Lifesciences,ZYDUSLIFE.NS,887.3526000976562,492792,492792,https://finance.yahoo.com/quote/ZYDUSLIFE.NS/
2026-02-09,Zydus Lifesciences,ZYDUSLIFE.NS,922.6209106445312,2082620,2082620,https://finance.yahoo.com/quote/ZYDUSLIFE.NS/
2026-02-10,Zydus Lifesciences,ZYDUSLIFE.NS,886.5033569335938,2273207,2273207,https://finance.yahoo.com/quote/ZYDUSLIFE.NS/
2026-02-11,Zydus Lifesciences,ZYDUSLIFE.NS,897.4934692382812,843961,843961,https://finance.yahoo.com/quote/ZYDUSLIFE.NS/
2026-02-12,Zydus Lifesciences,ZYDUSLIFE.NS,920.1231689453125,1614220,1614220,https://finance.yahoo.com/quote/ZYDUSLIFE.NS/
2026-02-13,Zydus Lifesciences,ZYDUSLIFE.NS,903.8877563476562,474515,474515,https://finance.yahoo.com/quote/ZYDUSLIFE.NS/
2026-02-16,Zydus Lifesciences,ZYDUSLIFE.NS,909.632568359375,438645,438645,https://finance.yahoo.com/quote/ZYDUSLIFE.NS/
2026-02-17,Zydus Lifesciences,ZYDUSLIFE.NS,905.8359985351562,234313,234313,https://finance.yahoo.com/quote/ZYDUSLIFE.NS/
2026-02-18,Zydus Lifesciences,ZYDUSLIFE.NS,909.23291015625,291236,291236,https://finance.yahoo.com/quote/ZYDUSLIFE.NS/
2026-02-19,Zydus Lifesciences,ZYDUSLIFE.NS,901.58984375,736002,736002,https://finance.yahoo.com/quote/ZYDUSLIFE.NS/
2026-02-20,Zydus Lifesciences,ZYDUSLIFE.NS,899.9412841796875,531745,531745,https://finance.yahoo.com/quote/ZYDUSLIFE.NS/
2026-02-23,Zydus Lifesciences,ZYDUSLIFE.NS,907.1348266601562,354284,354284,https://finance.yahoo.com/quote/ZYDUSLIFE.NS/
2026-02-24,Zydus Lifesciences,ZYDUSLIFE.NS,903.0384521484375,369018,369018,https://finance.yahoo.com/quote/ZYDUSLIFE.NS/
2026-02-25,Zydus Lifesciences,ZYDUSLIFE.NS,918.8243408203125,564586,564586,https://finance.yahoo.com/quote/ZYDUSLIFE.NS/
2026-02-26,Zydus Lifesciences,ZYDUSLIFE.NS,937.6574096679688,1436917,1436917,https://finance.yahoo.com/quote/ZYDUSLIFE.NS/
2026-02-27,Zydus Lifesciences,ZYDUSLIFE.NS,920.8724975585938,1044991,1044991,https://finance.yahoo.com/quote/ZYDUSLIFE.NS/
2026-03-02,Zydus Lifesciences,ZYDUSLIFE.NS,906.0858154296875,518652,518652,https://finance.yahoo.com/quote/ZYDUSLIFE.NS/
2026-03-04,Zydus Lifesciences,ZYDUSLIFE.NS,896.0947875976562,1277388,1277388,https://finance.yahoo.com/quote/ZYDUSLIFE.NS/
2026-03-05,Zydus Lifesciences,ZYDUSLIFE.NS,913.828857421875,465436,465436,https://finance.yahoo.com/quote/ZYDUSLIFE.NS/
2026-03-06,Zydus Lifesciences,ZYDUSLIFE.NS,912.230224609375,456550,456550,https://finance.yahoo.com/quote/ZYDUSLIFE.NS/
2026-03-09,Zydus Lifesciences,ZYDUSLIFE.NS,908.0339965820312,482098,482098,https://finance.yahoo.com/quote/ZYDUSLIFE.NS/
2026-03-10,Zydus Lifesciences,ZYDUSLIFE.NS,922.2711791992188,549015,549015,https://finance.yahoo.com/quote/ZYDUSLIFE.NS/
2026-03-11,Zydus Lifesciences,ZYDUSLIFE.NS,920.9224243164062,565317,565317,https://finance.yahoo.com/quote/ZYDUSLIFE.NS/
2026-03-12,Zydus Lifesciences,ZYDUSLIFE.NS,916.0767822265625,462276,462276,https://finance.yahoo.com/quote/ZYDUSLIFE.NS/
2026-03-13,Zydus Lifesciences,ZYDUSLIFE.NS,905.086669921875,862444,862444,https://finance.yahoo.com/quote/ZYDUSLIFE.NS/
2026-03-16,Zydus Lifesciences,ZYDUSLIFE.NS,886.103759765625,726548,726548,https://finance.yahoo.com/quote/ZYDUSLIFE.NS/
2026-03-17,Zydus Lifesciences,ZYDUSLIFE.NS,889.0010986328125,711312,711312,https://finance.yahoo.com/quote/ZYDUSLIFE.NS/
2026-03-18,Zydus Lifesciences,ZYDUSLIFE.NS,898.7922973632812,455746,455746,https://finance.yahoo.com/quote/ZYDUSLIFE.NS/
2026-03-19,Zydus Lifesciences,ZYDUSLIFE.NS,875.3634033203125,366164,366164,https://finance.yahoo.com/quote/ZYDUSLIFE.NS/
2026-03-20,Zydus Lifesciences,ZYDUSLIFE.NS,889.7005004882812,424095,424095,https://finance.yahoo.com/quote/ZYDUSLIFE.NS/
2026-03-23,Zydus Lifesciences,ZYDUSLIFE.NS,859.8273315429688,662395,662395,https://finance.yahoo.com/quote/ZYDUSLIFE.NS/
2026-03-24,Zydus Lifesciences,ZYDUSLIFE.NS,885.6041870117188,428190,428190,https://finance.yahoo.com/quote/ZYDUSLIFE.NS/
2026-03-25,Zydus Lifesciences,ZYDUSLIFE.NS,902.888671875,574279,574279,https://finance.yahoo.com/quote/ZYDUSLIFE.NS/
2026-03-27,Zydus Lifesciences,ZYDUSLIFE.NS,895.8949584960938,940085,940085,https://finance.yahoo.com/quote/ZYDUSLIFE.NS/
2026-03-30,Zydus Lifesciences,ZYDUSLIFE.NS,870.4178466796875,1126058,1126058,https://finance.yahoo.com/quote/ZYDUSLIFE.NS/
2026-04-01,Zydus Lifesciences,ZYDUSLIFE.NS,862.4249877929688,768431,768431,https://finance.yahoo.com/quote/ZYDUSLIFE.NS/
2026-04-02,Zydus Lifesciences,ZYDUSLIFE.NS,863.4740600585938,1013019,1013019,https://finance.yahoo.com/quote/ZYDUSLIFE.NS/
2026-04-06,Zydus Lifesciences,ZYDUSLIFE.NS,865.522216796875,519512,519512,https://finance.yahoo.com/quote/ZYDUSLIFE.NS/
2026-04-07,Zydus Lifesciences,ZYDUSLIFE.NS,872.7157592773438,682225,682225,https://finance.yahoo.com/quote/ZYDUSLIFE.NS/
2026-04-08,Zydus Lifesciences,ZYDUSLIFE.NS,890.74951171875,748386,748386,https://finance.yahoo.com/quote/ZYDUSLIFE.NS/
2026-04-09,Zydus Lifesciences,ZYDUSLIFE.NS,901.43994140625,705255,705255,https://finance.yahoo.com/quote/ZYDUSLIFE.NS/
2026-04-10,Zydus Lifesciences,ZYDUSLIFE.NS,914.5781860351562,614336,614336,https://finance.yahoo.com/quote/ZYDUSLIFE.NS/
2026-04-13,Zydus Lifesciences,ZYDUSLIFE.NS,921.5718994140625,579363,579363,https://finance.yahoo.com/quote/ZYDUSLIFE.NS/
2026-04-15,Zydus Lifesciences,ZYDUSLIFE.NS,935.2095947265625,516172,516172,https://finance.yahoo.com/quote/ZYDUSLIFE.NS/
2026-04-16,Zydus Lifesciences,ZYDUSLIFE.NS,938.2568359375,581117,581117,https://finance.yahoo.com/quote/ZYDUSLIFE.NS/
2026-04-17,Zydus Lifesciences,ZYDUSLIFE.NS,943.1025390625,504613,504613,https://finance.yahoo.com/quote/ZYDUSLIFE.NS/
2026-04-20,Zydus Lifesciences,ZYDUSLIFE.NS,935.6591796875,459049,459049,https://finance.yahoo.com/quote/ZYDUSLIFE.NS/
2026-04-21,Zydus Lifesciences,ZYDUSLIFE.NS,927.7662353515625,318304,318304,https://finance.yahoo.com/quote/ZYDUSLIFE.NS/
2026-04-22,Zydus Lifesciences,ZYDUSLIFE.NS,929.0651245117188,290532,290532,https://finance.yahoo.com/quote/ZYDUSLIFE.NS/
2026-04-23,Zydus Lifesciences,ZYDUSLIFE.NS,945.5003051757812,1693451,1693451,https://finance.yahoo.com/quote/ZYDUSLIFE.NS/
2026-04-24,Zydus Lifesciences,ZYDUSLIFE.NS,926.5673828125,701337,701337,https://finance.yahoo.com/quote/ZYDUSLIFE.NS/
2026-04-27,Zydus Lifesciences,ZYDUSLIFE.NS,938.806396484375,1176377,1176377,https://finance.yahoo.com/quote/ZYDUSLIFE.NS/
2026-04-28,Zydus Lifesciences,ZYDUSLIFE.NS,910.4818115234375,1542977,1542977,https://finance.yahoo.com/quote/ZYDUSLIFE.NS/
2026-04-29,Zydus Lifesciences,ZYDUSLIFE.NS,910.0321655273438,590232,590232,https://finance.yahoo.com/quote/ZYDUSLIFE.NS/
2026-04-30,Zydus Lifesciences,ZYDUSLIFE.NS,891.0992431640625,986154,986154,https://finance.yahoo.com/quote/ZYDUSLIFE.NS/
2026-05-01,Zydus Lifesciences,ZYDUSLIFE.NS,891.0992431640625,0,0,https://finance.yahoo.com/quote/ZYDUSLIFE.NS/
2026-05-04,Zydus Lifesciences,ZYDUSLIFE.NS,901.539794921875,382316,382316,https://finance.yahoo.com/quote/ZYDUSLIFE.NS/
2026-05-05,Zydus Lifesciences,ZYDUSLIFE.NS,911.4309692382812,405008,405008,https://finance.yahoo.com/quote/ZYDUSLIFE.NS/
2026-05-06,Zydus Lifesciences,ZYDUSLIFE.NS,937.9570922851562,1506636,1506636,https://finance.yahoo.com/quote/ZYDUSLIFE.NS/
2026-05-07,Zydus Lifesciences,ZYDUSLIFE.NS,939.4557495117188,488635,488635,https://finance.yahoo.com/quote/ZYDUSLIFE.NS/
2026-05-08,Zydus Lifesciences,ZYDUSLIFE.NS,939.2059936523438,644125,644125,https://finance.yahoo.com/quote/ZYDUSLIFE.NS/
2026-05-11,Zydus Lifesciences,ZYDUSLIFE.NS,956.0908203125,977515,977515,https://finance.yahoo.com/quote/ZYDUSLIFE.NS/
2026-05-12,Zydus Lifesciences,ZYDUSLIFE.NS,929.814453125,720954,720954,https://finance.yahoo.com/quote/ZYDUSLIFE.NS/
2026-05-13,Zydus Lifesciences,ZYDUSLIFE.NS,938.40673828125,680562,680562,https://finance.yahoo.com/quote/ZYDUSLIFE.NS/
2026-05-14,Zydus Lifesciences,ZYDUSLIFE.NS,990.8096313476562,4595018,4595018,https://finance.yahoo.com/quote/ZYDUSLIFE.NS/
2026-05-15,Zydus Lifesciences,ZYDUSLIFE.NS,1010.7916870117188,1996110,1996110,https://finance.yahoo.com/quote/ZYDUSLIFE.NS/
2026-05-18,Zydus Lifesciences,ZYDUSLIFE.NS,990.2101440429688,1296063,1296063,https://finance.yahoo.com/quote/ZYDUSLIFE.NS/
2026-05-19,Zydus Lifesciences,ZYDUSLIFE.NS,1017.9852294921875,5876623,5876623,https://finance.yahoo.com/quote/ZYDUSLIFE.NS/
2026-05-20,Zydus Lifesciences,ZYDUSLIFE.NS,1039.91552734375,13503459,13503459,https://finance.yahoo.com/quote/ZYDUSLIFE.NS/
2026-05-21,Zydus Lifesciences,ZYDUSLIFE.NS,1035.5194091796875,1920511,1920511,https://finance.yahoo.com/quote/ZYDUSLIFE.NS/
2026-05-22,Zydus Lifesciences,ZYDUSLIFE.NS,1038.0172119140625,1296117,1296117,https://finance.yahoo.com/quote/ZYDUSLIFE.NS/
2026-05-25,Zydus Lifesciences,ZYDUSLIFE.NS,1071.986572265625,2355182,2355182,https://finance.yahoo.com/quote/ZYDUSLIFE.NS/
2026-05-26,Zydus Lifesciences,ZYDUSLIFE.NS,1078.081298828125,1948614,1948614,https://finance.yahoo.com/quote/ZYDUSLIFE.NS/
2026-05-27,Zydus Lifesciences,ZYDUSLIFE.NS,1084.8251953125,2116567,2116567,https://finance.yahoo.com/quote/ZYDUSLIFE.NS/
2026-05-28,Zydus Lifesciences,ZYDUSLIFE.NS,1084.8251953125,0,0,https://finance.yahoo.com/quote/ZYDUSLIFE.NS/
2026-05-29,Zydus Lifesciences,ZYDUSLIFE.NS,1076.732421875,4588161,4588161,https://finance.yahoo.com/quote/ZYDUSLIFE.NS/
2026-06-01,Zydus Lifesciences,ZYDUSLIFE.NS,1090.22021484375,2045714,2045714,https://finance.yahoo.com/quote/ZYDUSLIFE.NS/
2026-06-02,Zydus Lifesciences,ZYDUSLIFE.NS,1077.3319091796875,1928305,1928305,https://finance.yahoo.com/quote/ZYDUSLIFE.NS/
2026-06-03,Zydus Lifesciences,ZYDUSLIFE.NS,1075.6334228515625,1403453,1403453,https://finance.yahoo.com/quote/ZYDUSLIFE.NS/
2026-06-04,Zydus Lifesciences,ZYDUSLIFE.NS,1083.626220703125,1016000,1016000,https://finance.yahoo.com/quote/ZYDUSLIFE.NS/
2026-06-05,Zydus Lifesciences,ZYDUSLIFE.NS,1088.022216796875,919205,919205,https://finance.yahoo.com/quote/ZYDUSLIFE.NS/
2026-06-08,Zydus Lifesciences,ZYDUSLIFE.NS,1086.62353515625,830212,830212,https://finance.yahoo.com/quote/ZYDUSLIFE.NS/
2026-06-09,Zydus Lifesciences,ZYDUSLIFE.NS,1104.6072998046875,1299872,1299872,https://finance.yahoo.com/quote/ZYDUSLIFE.NS/
2026-06-10,Zydus Lifesciences,ZYDUSLIFE.NS,1097.31396484375,598159,598159,https://finance.yahoo.com/quote/ZYDUSLIFE.NS/
2026-06-11,Zydus Lifesciences,ZYDUSLIFE.NS,1104.9071044921875,728343,728343,https://finance.yahoo.com/quote/ZYDUSLIFE.NS/
2026-06-12,Zydus Lifesciences,ZYDUSLIFE.NS,1103.7081298828125,872151,872151,https://finance.yahoo.com/quote/ZYDUSLIFE.NS/
2026-06-15,Zydus Lifesciences,ZYDUSLIFE.NS,1087.123046875,1138903,1138903,https://finance.yahoo.com/quote/ZYDUSLIFE.NS/
2026-06-16,Zydus Lifesciences,ZYDUSLIFE.NS,1077.7314453125,1049320,1049320,https://finance.yahoo.com/quote/ZYDUSLIFE.NS/
2026-06-17,Zydus Lifesciences,ZYDUSLIFE.NS,1060.447021484375,2497044,2497044,https://finance.yahoo.com/quote/ZYDUSLIFE.NS/
2026-06-18,Zydus Lifesciences,ZYDUSLIFE.NS,1073.4354248046875,1319818,1319818,https://finance.yahoo.com/quote/ZYDUSLIFE.NS/
2026-06-19,Zydus Lifesciences,ZYDUSLIFE.NS,1069.838623046875,887232,887232,https://finance.yahoo.com/quote/ZYDUSLIFE.NS/
2026-06-22,Zydus Lifesciences,ZYDUSLIFE.NS,1084.525390625,1104733,1104733,https://finance.yahoo.com/quote/ZYDUSLIFE.NS/
2026-06-23,Zydus Lifesciences,ZYDUSLIFE.NS,1111.201416015625,2429505,2429505,https://finance.yahoo.com/quote/ZYDUSLIFE.NS/
2026-06-24,Zydus Lifesciences,ZYDUSLIFE.NS,1098.3131103515625,1490617,1490617,https://finance.yahoo.com/quote/ZYDUSLIFE.NS/
2026-06-25,Zydus Lifesciences,ZYDUSLIFE.NS,1100.4111328125,1182386,1182386,https://finance.yahoo.com/quote/ZYDUSLIFE.NS/
2026-06-26,Zydus Lifesciences,ZYDUSLIFE.NS,1100.4111328125,0,0,https://finance.yahoo.com/quote/ZYDUSLIFE.NS/
2026-06-29,Zydus Lifesciences,ZYDUSLIFE.NS,1120.2933349609375,1976891,1976891,https://finance.yahoo.com/quote/ZYDUSLIFE.NS/
2026-06-30,Zydus Lifesciences,ZYDUSLIFE.NS,1111.60107421875,1698514,1698514,https://finance.yahoo.com/quote/ZYDUSLIFE.NS/
2026-07-01,Zydus Lifesciences,ZYDUSLIFE.NS,1108.2041015625,1005311,1005311,https://finance.yahoo.com/quote/ZYDUSLIFE.NS/
2026-07-02,Zydus Lifesciences,ZYDUSLIFE.NS,1098.8126220703125,586078,586078,https://finance.yahoo.com/quote/ZYDUSLIFE.NS/
2026-07-03,Zydus Lifesciences,ZYDUSLIFE.NS,1139.575927734375,1862016,1862016,https://finance.yahoo.com/quote/ZYDUSLIFE.NS/
2026-07-06,Zydus Lifesciences,ZYDUSLIFE.NS,1146.869384765625,2050194,2050194,https://finance.yahoo.com/quote/ZYDUSLIFE.NS/
2026-07-07,Zydus Lifesciences,ZYDUSLIFE.NS,1151.96484375,1524274,1524274,https://finance.yahoo.com/quote/ZYDUSLIFE.NS/
2026-07-08,Zydus Lifesciences,ZYDUSLIFE.NS,1146.96923828125,2481507,2481507,https://finance.yahoo.com/quote/ZYDUSLIFE.NS/
2026-07-09,Zydus Lifesciences,ZYDUSLIFE.NS,1157.95947265625,986789,986789,https://finance.yahoo.com/quote/ZYDUSLIFE.NS/
2026-07-10,Zydus Lifesciences,ZYDUSLIFE.NS,1149.766845703125,824192,824192,https://finance.yahoo.com/quote/ZYDUSLIFE.NS/
2026-07-13,Zydus Lifesciences,ZYDUSLIFE.NS,1130.2843017578125,1514991,1514991,https://finance.yahoo.com/quote/ZYDUSLIFE.NS/
2026-07-14,Zydus Lifesciences,ZYDUSLIFE.NS,1132.5821533203125,1125219,1125219,https://finance.yahoo.com/quote/ZYDUSLIFE.NS/
2026-07-15,Zydus Lifesciences,ZYDUSLIFE.NS,1155.861328125,2033795,2033795,https://finance.yahoo.com/quote/ZYDUSLIFE.NS/
2026-07-16,Zydus Lifesciences,ZYDUSLIFE.NS,1152.864013671875,982363,982363,https://finance.yahoo.com/quote/ZYDUSLIFE.NS/
2026-07-17,Zydus Lifesciences,ZYDUSLIFE.NS,1142.673095703125,1240517,1240517,https://finance.yahoo.com/quote/ZYDUSLIFE.NS/
2026-07-20,Zydus Lifesciences,ZYDUSLIFE.NS,1147.9683837890625,920664,920664,https://finance.yahoo.com/quote/ZYDUSLIFE.NS/
2026-07-21,Zydus Lifesciences,ZYDUSLIFE.NS,1142.07373046875,622323,622323,https://finance.yahoo.com/quote/ZYDUSLIFE.NS/
2026-07-22,Zydus Lifesciences,ZYDUSLIFE.NS,1125.288818359375,1619112,1619112,https://finance.yahoo.com/quote/ZYDUSLIFE.NS/
2026-07-23,Zydus Lifesciences,ZYDUSLIFE.NS,1112.800048828125,907148,907148,https://finance.yahoo.com/quote/ZYDUSLIFE.NS/
2026-07-24,Zydus Lifesciences,ZYDUSLIFE.NS,1108.699951171875,837032,837032,https://finance.yahoo.com/quote/ZYDUSLIFE.NS/
2026-07-27,Zydus Lifesciences,ZYDUSLIFE.NS,1108.199951171875,607249,607249,https://finance.yahoo.com/quote/ZYDUSLIFE.NS/
2026-07-28,Zydus Lifesciences,ZYDUSLIFE.NS,1099.199951171875,748145,748145,https://finance.yahoo.com/quote/ZYDUSLIFE.NS/
2026-07-29,Zydus Lifesciences,ZYDUSLIFE.NS,1122.699951171875,1097337,1097337,https://finance.yahoo.com/quote/ZYDUSLIFE.NS/
2026-07-30,Zydus Lifesciences,ZYDUSLIFE.NS,1115.0999755859375,796939,796939,https://finance.yahoo.com/quote/ZYDUSLIFE.NS/
2026-07-31,Zydus Lifesciences,ZYDUSLIFE.NS,1126.800048828125,721020,721020,https://finance.yahoo.com/quote/ZYDUSLIFE.NS/
2026-08-03,Zydus Lifesciences,ZYDUSLIFE.NS,1121.0,1420266,1420266,https://finance.yahoo.com/quote/ZYDUSLIFE.NS/
2026-08-04,Zydus Lifesciences,ZYDUSLIFE.NS,1130.0,1085433,1085433,https://finance.yahoo.com/quote/ZYDUSLIFE.NS/
2026-08-05,Zydus Lifesciences,ZYDUSLIFE.NS,1121.0999755859375,1051304,1051304,https://finance.yahoo.com/quote/ZYDUSLIFE.NS/
2026-08-06,Zydus Lifesciences,ZYDUSLIFE.NS,1108.0,596998,596998,https://finance.yahoo.com/quote/ZYDUSLIFE.NS/
2026-08-07,Zydus Lifesciences,ZYDUSLIFE.NS,1114.199951171875,666151,666151,https://finance.yahoo.com/quote/ZYDUSLIFE.NS/
2026-08-10,Zydus Lifesciences,ZYDUSLIFE.NS,1119.0,932417,932417,https://finance.yahoo.com/quote/ZYDUSLIFE.NS/
2026-08-11,Zydus Lifesciences,ZYDUSLIFE.NS,1191.0,8187351,8187351,https://finance.yahoo.com/quote/ZYDUSLIFE.NS/
2026-08-12,Zydus Lifesciences,ZYDUSLIFE.NS,1205.0,4567528,4567528,https://finance.yahoo.com/quote/ZYDUSLIFE.NS/
2026-08-13,Zydus Lifesciences,ZYDUSLIFE.NS,1167.300048828125,1606705,1606705,https://finance.yahoo.com/quote/ZYDUSLIFE.NS/
2026-08-14,Zydus Lifesciences,ZYDUSLIFE.NS,1135.199951171875,804336,804336,https://finance.yahoo.com/quote/ZYDUSLIFE.NS/
2026-08-17,Zydus Lifesciences,ZYDUSLIFE.NS,1131.5,1927424,1927424,https://finance.yahoo.com/quote/ZYDUSLIFE.NS/
2026-08-18,Zydus Lifesciences,ZYDUSLIFE.NS,1115.5999755859375,810133,810133,https://finance.yahoo.com/quote/ZYDUSLIFE.NS/
2026-08-19,Zydus Lifesciences,ZYDUSLIFE.NS,1104.5,1255247,1255247,https://finance.yahoo.com/quote/ZYDUSLIFE.NS/
2026-08-20,Zydus Lifesciences,ZYDUSLIFE.NS,1107.699951171875,987960,987960,https://finance.yahoo.com/quote/ZYDUSLIFE.NS/
2026-08-21,Zydus Lifesciences,ZYDUSLIFE.NS,1120.0,1005818,1005818,https://finance.yahoo.com/quote/ZYDUSLIFE.NS/
2026-08-24,Zydus Lifesciences,ZYDUSLIFE.NS,1103.800048828125,857487,857487,https://finance.yahoo.com/quote/ZYDUSLIFE.NS/
2026-08-25,Zydus Lifesciences,ZYDUSLIFE.NS,1124.5,1152463,1152463,https://finance.yahoo.com/quote/ZYDUSLIFE.NS/
2026-08-26,Zydus Lifesciences,ZYDUSLIFE.NS,1150.0,1401027,1401027,https://finance.yahoo.com/quote/ZYDUSLIFE.NS/
2026-08-27,Zydus Lifesciences,ZYDUSLIFE.NS,1189.199951171875,3168135,3168135,https://finance.yahoo.com/quote/ZYDUSLIFE.NS/
2026-08-28,Zydus Lifesciences,ZYDUSLIFE.NS,1191.0,1291738,1291738,https://finance.yahoo.com/quote/ZYDUSLIFE.NS/
2026-08-31,Zydus Lifesciences,ZYDUSLIFE.NS,1161.300048828125,1498294,1498294,https://finance.yahoo.com/quote/ZYDUSLIFE.NS/
2026-09-01,Zydus Lifesciences,ZYDUSLIFE.NS,1167.800048828125,1070386,1070386,https://finance.yahoo.com/quote/ZYDUSLIFE.NS/
2026-09-02,Zydus Lifesciences,ZYDUSLIFE.NS,1154.199951171875,1377441,1377441,https://finance.yahoo.com/quote/ZYDUSLIFE.NS/
2026-09-03,Zydus Lifesciences,ZYDUSLIFE.NS,1143.0,962099,962099,https://finance.yahoo.com/quote/ZYDUSLIFE.NS/
2026-09-04,Zydus Lifesciences,ZYDUSLIFE.NS,1120.0,516768,516768,https://finance.yahoo.com/quote/ZYDUSLIFE.NS/
2026-09-07,Zydus Lifesciences,ZYDUSLIFE.NS,1156.9000244140625,2107281,2107281,https://finance.yahoo.com/quote/ZYDUSLIFE.NS/
2026-09-08,Zydus Lifesciences,ZYDUSLIFE.NS,1145.5,2009363,2009363,https://finance.yahoo.com/quote/ZYDUSLIFE.NS/
2026-09-09,Zydus Lifesciences,ZYDUSLIFE.NS,1127.4000244140625,1185373,1185373,https://finance.yahoo.com/quote/ZYDUSLIFE.NS/
2026-09-10,Zydus Lifesciences,ZYDUSLIFE.NS,1117.800048828125,937267,937267,https://finance.yahoo.com/quote/ZYDUSLIFE.NS/
2026-09-11,Zydus Lifesciences,ZYDUSLIFE.NS,1119.0999755859375,1038797,1038797,https://finance.yahoo.com/quote/ZYDUSLIFE.NS/
2026-09-14,Zydus Lifesciences,ZYDUSLIFE.NS,1119.0999755859375,0,0,https://finance.yahoo.com/quote/ZYDUSLIFE.NS/
2026-09-15,Zydus Lifesciences,ZYDUSLIFE.NS,1099.0,522672,522672,https://finance.yahoo.com/quote/ZYDUSLIFE.NS/
2026-09-16,Zydus Lifesciences,ZYDUSLIFE.NS,1107.5,689380,689380,https://finance.yahoo.com/quote/ZYDUSLIFE.NS/
2026-09-17,Zydus Lifesciences,ZYDUSLIFE.NS,1135.0999755859375,1086138,1086138,https://finance.yahoo.com/quote/ZYDUSLIFE.NS/
2026-09-18,Zydus Lifesciences,ZYDUSLIFE.NS,1160.0,2789186,2789186,https://finance.yahoo.com/quote/ZYDUSLIFE.NS/
2026-09-21,Zydus Lifesciences,ZYDUSLIFE.NS,1161.0,864429,864429,https://finance.yahoo.com/quote/ZYDUSLIFE.NS/
2026-09-22,Zydus Lifesciences,ZYDUSLIFE.NS,1162.300048828125,1243696,1243696,https://finance.yahoo.com/quote/ZYDUSLIFE.NS/
2026-09-23,Zydus Lifesciences,ZYDUSLIFE.NS,1170.0999755859375,1088359,1088359,https://finance.yahoo.com/quote/ZYDUSLIFE.NS/
2026-09-24,Zydus Lifesciences,ZYDUSLIFE.NS,1180.300048828125,1965875,1965875,https://finance.yahoo.com/quote/ZYDUSLIFE.NS/
2026-09-25,Zydus Lifesciences,ZYDUSLIFE.NS,1203.9000244140625,1991779,1991779,https://finance.yahoo.com/quote/ZYDUSLIFE.NS/
2026-09-28,Zydus Lifesciences,ZYDUSLIFE.NS,1215.0,3986338,3986338,https://finance.yahoo.com/quote/ZYDUSLIFE.NS/
2026-09-29,Zydus Lifesciences,ZYDUSLIFE.NS,1200.5,2372609,2372609,https://finance.yahoo.com/quote/ZYDUSLIFE.NS/
2026-09-30,Zydus Lifesciences,ZYDUSLIFE.NS,1162.0,1614233,1614233,https://finance.yahoo.com/quote/ZYDUSLIFE.NS/
2026-10-01,Zydus Lifesciences,ZYDUSLIFE.NS,1145.699951171875,2547369,2547369,https://finance.yahoo.com/quote/ZYDUSLIFE.NS/
2025-04-02,NIFTY Pharma,^CNXPHARMA,20952.849609375,14812400,14812400,https://finance.yahoo.com/quote/%5ECNXPHARMA/
2025-04-03,NIFTY Pharma,^CNXPHARMA,21423.55078125,47527600,47527600,https://finance.yahoo.com/quote/%5ECNXPHARMA/
2025-04-04,NIFTY Pharma,^CNXPHARMA,20560.0,45409100,45409100,https://finance.yahoo.com/quote/%5ECNXPHARMA/
2025-04-07,NIFTY Pharma,^CNXPHARMA,19995.5,29810800,29810800,https://finance.yahoo.com/quote/%5ECNXPHARMA/
2025-04-08,NIFTY Pharma,^CNXPHARMA,20377.900390625,20693000,20693000,https://finance.yahoo.com/quote/%5ECNXPHARMA/
2025-04-09,NIFTY Pharma,^CNXPHARMA,19976.30078125,26700,26700,https://finance.yahoo.com/quote/%5ECNXPHARMA/
2025-04-11,NIFTY Pharma,^CNXPHARMA,20461.900390625,26200,26200,https://finance.yahoo.com/quote/%5ECNXPHARMA/
2025-04-15,NIFTY Pharma,^CNXPHARMA,20912.19921875,19500,19500,https://finance.yahoo.com/quote/%5ECNXPHARMA/
2025-04-16,NIFTY Pharma,^CNXPHARMA,20874.30078125,24900,24900,https://finance.yahoo.com/quote/%5ECNXPHARMA/
2025-04-17,NIFTY Pharma,^CNXPHARMA,21126.75,19600,19600,https://finance.yahoo.com/quote/%5ECNXPHARMA/
2025-04-21,NIFTY Pharma,^CNXPHARMA,21351.05078125,16796200,16796200,https://finance.yahoo.com/quote/%5ECNXPHARMA/
2025-04-22,NIFTY Pharma,^CNXPHARMA,21438.05078125,15100,15100,https://finance.yahoo.com/quote/%5ECNXPHARMA/
2025-04-23,NIFTY Pharma,^CNXPHARMA,21738.94921875,20300,20300,https://finance.yahoo.com/quote/%5ECNXPHARMA/
2025-04-24,NIFTY Pharma,^CNXPHARMA,21974.599609375,47700,47700,https://finance.yahoo.com/quote/%5ECNXPHARMA/
2025-04-25,NIFTY Pharma,^CNXPHARMA,21482.55078125,25900,25900,https://finance.yahoo.com/quote/%5ECNXPHARMA/
2025-04-28,NIFTY Pharma,^CNXPHARMA,21908.099609375,17900,17900,https://finance.yahoo.com/quote/%5ECNXPHARMA/
2025-04-29,NIFTY Pharma,^CNXPHARMA,21676.650390625,17100,17100,https://finance.yahoo.com/quote/%5ECNXPHARMA/
2025-04-30,NIFTY Pharma,^CNXPHARMA,21772.44921875,22200,22200,https://finance.yahoo.com/quote/%5ECNXPHARMA/
2025-05-02,NIFTY Pharma,^CNXPHARMA,21627.44921875,16200,16200,https://finance.yahoo.com/quote/%5ECNXPHARMA/
2025-05-05,NIFTY Pharma,^CNXPHARMA,21775.75,16200,16200,https://finance.yahoo.com/quote/%5ECNXPHARMA/
2025-05-06,NIFTY Pharma,^CNXPHARMA,21534.349609375,20900,20900,https://finance.yahoo.com/quote/%5ECNXPHARMA/
2025-05-07,NIFTY Pharma,^CNXPHARMA,21462.44921875,18100,18100,https://finance.yahoo.com/quote/%5ECNXPHARMA/
2025-05-08,NIFTY Pharma,^CNXPHARMA,21115.05078125,19400,19400,https://finance.yahoo.com/quote/%5ECNXPHARMA/
2025-05-09,NIFTY Pharma,^CNXPHARMA,21071.75,17800,17800,https://finance.yahoo.com/quote/%5ECNXPHARMA/
2025-05-12,NIFTY Pharma,^CNXPHARMA,21102.69921875,37000,37000,https://finance.yahoo.com/quote/%5ECNXPHARMA/
2025-05-13,NIFTY Pharma,^CNXPHARMA,21359.75,30300,30300,https://finance.yahoo.com/quote/%5ECNXPHARMA/
2025-05-14,NIFTY Pharma,^CNXPHARMA,21480.5,19100,19100,https://finance.yahoo.com/quote/%5ECNXPHARMA/
2025-05-15,NIFTY Pharma,^CNXPHARMA,21650.650390625,21700,21700,https://finance.yahoo.com/quote/%5ECNXPHARMA/
2025-05-16,NIFTY Pharma,^CNXPHARMA,21633.19921875,15500,15500,https://finance.yahoo.com/quote/%5ECNXPHARMA/
2025-05-19,NIFTY Pharma,^CNXPHARMA,21740.44921875,18600,18600,https://finance.yahoo.com/quote/%5ECNXPHARMA/
2025-05-20,NIFTY Pharma,^CNXPHARMA,21456.150390625,20500,20500,https://finance.yahoo.com/quote/%5ECNXPHARMA/
2025-05-21,NIFTY Pharma,^CNXPHARMA,21723.650390625,23000,23000,https://finance.yahoo.com/quote/%5ECNXPHARMA/
2025-05-22,NIFTY Pharma,^CNXPHARMA,21521.75,18700,18700,https://finance.yahoo.com/quote/%5ECNXPHARMA/
2025-05-23,NIFTY Pharma,^CNXPHARMA,21434.25,17100,17100,https://finance.yahoo.com/quote/%5ECNXPHARMA/
2025-05-26,NIFTY Pharma,^CNXPHARMA,21501.80078125,14400,14400,https://finance.yahoo.com/quote/%5ECNXPHARMA/
2025-05-27,NIFTY Pharma,^CNXPHARMA,21524.94921875,15000,15000,https://finance.yahoo.com/quote/%5ECNXPHARMA/
2025-05-28,NIFTY Pharma,^CNXPHARMA,21393.30078125,16600,16600,https://finance.yahoo.com/quote/%5ECNXPHARMA/
2025-05-29,NIFTY Pharma,^CNXPHARMA,21589.349609375,19700,19700,https://finance.yahoo.com/quote/%5ECNXPHARMA/
2025-05-30,NIFTY Pharma,^CNXPHARMA,21442.05078125,28300,28300,https://finance.yahoo.com/quote/%5ECNXPHARMA/
2025-06-02,NIFTY Pharma,^CNXPHARMA,21394.099609375,12400,12400,https://finance.yahoo.com/quote/%5ECNXPHARMA/
2025-06-03,NIFTY Pharma,^CNXPHARMA,21354.19921875,18000,18000,https://finance.yahoo.com/quote/%5ECNXPHARMA/
2025-06-04,NIFTY Pharma,^CNXPHARMA,21371.69921875,14900,14900,https://finance.yahoo.com/quote/%5ECNXPHARMA/
2025-06-05,NIFTY Pharma,^CNXPHARMA,21644.19921875,23600,23600,https://finance.yahoo.com/quote/%5ECNXPHARMA/
2025-06-06,NIFTY Pharma,^CNXPHARMA,21684.400390625,14500,14500,https://finance.yahoo.com/quote/%5ECNXPHARMA/
2025-06-09,NIFTY Pharma,^CNXPHARMA,21826.80078125,17000,17000,https://finance.yahoo.com/quote/%5ECNXPHARMA/
2025-06-10,NIFTY Pharma,^CNXPHARMA,21948.0,21000,21000,https://finance.yahoo.com/quote/%5ECNXPHARMA/
2025-06-11,NIFTY Pharma,^CNXPHARMA,22057.150390625,25900,25900,https://finance.yahoo.com/quote/%5ECNXPHARMA/
2025-06-12,NIFTY Pharma,^CNXPHARMA,22036.150390625,26500,26500,https://finance.yahoo.com/quote/%5ECNXPHARMA/
2025-06-13,NIFTY Pharma,^CNXPHARMA,21985.150390625,22000,22000,https://finance.yahoo.com/quote/%5ECNXPHARMA/
2025-06-16,NIFTY Pharma,^CNXPHARMA,22039.44921875,18800,18800,https://finance.yahoo.com/quote/%5ECNXPHARMA/
2025-06-17,NIFTY Pharma,^CNXPHARMA,21622.80078125,32500,32500,https://finance.yahoo.com/quote/%5ECNXPHARMA/
2025-06-18,NIFTY Pharma,^CNXPHARMA,21588.400390625,21100,21100,https://finance.yahoo.com/quote/%5ECNXPHARMA/
2025-06-19,NIFTY Pharma,^CNXPHARMA,21441.849609375,20600,20600,https://finance.yahoo.com/quote/%5ECNXPHARMA/
2025-06-20,NIFTY Pharma,^CNXPHARMA,21613.0,23500,23500,https://finance.yahoo.com/quote/%5ECNXPHARMA/
2025-06-23,NIFTY Pharma,^CNXPHARMA,21626.19921875,15300,15300,https://finance.yahoo.com/quote/%5ECNXPHARMA/
2025-06-24,NIFTY Pharma,^CNXPHARMA,21672.099609375,23900,23900,https://finance.yahoo.com/quote/%5ECNXPHARMA/
2025-06-25,NIFTY Pharma,^CNXPHARMA,21804.80078125,25000,25000,https://finance.yahoo.com/quote/%5ECNXPHARMA/
2025-06-26,NIFTY Pharma,^CNXPHARMA,21808.19921875,29200,29200,https://finance.yahoo.com/quote/%5ECNXPHARMA/
2025-06-27,NIFTY Pharma,^CNXPHARMA,21928.599609375,30600,30600,https://finance.yahoo.com/quote/%5ECNXPHARMA/
2025-06-30,NIFTY Pharma,^CNXPHARMA,22038.69921875,25100,25100,https://finance.yahoo.com/quote/%5ECNXPHARMA/
2025-07-01,NIFTY Pharma,^CNXPHARMA,22041.25,27300,27300,https://finance.yahoo.com/quote/%5ECNXPHARMA/
2025-07-02,NIFTY Pharma,^CNXPHARMA,22110.80078125,26400,26400,https://finance.yahoo.com/quote/%5ECNXPHARMA/
2025-07-03,NIFTY Pharma,^CNXPHARMA,22204.25,26100,26100,https://finance.yahoo.com/quote/%5ECNXPHARMA/
2025-07-04,NIFTY Pharma,^CNXPHARMA,22384.599609375,24900,24900,https://finance.yahoo.com/quote/%5ECNXPHARMA/
2025-07-07,NIFTY Pharma,^CNXPHARMA,22365.05078125,14100,14100,https://finance.yahoo.com/quote/%5ECNXPHARMA/
2025-07-08,NIFTY Pharma,^CNXPHARMA,22165.900390625,20900,20900,https://finance.yahoo.com/quote/%5ECNXPHARMA/
2025-07-09,NIFTY Pharma,^CNXPHARMA,22208.5,24600,24600,https://finance.yahoo.com/quote/%5ECNXPHARMA/
2025-07-10,NIFTY Pharma,^CNXPHARMA,22076.80078125,20200,20200,https://finance.yahoo.com/quote/%5ECNXPHARMA/
2025-07-11,NIFTY Pharma,^CNXPHARMA,22225.900390625,33500,33500,https://finance.yahoo.com/quote/%5ECNXPHARMA/
2025-07-14,NIFTY Pharma,^CNXPHARMA,22410.349609375,28500,28500,https://finance.yahoo.com/quote/%5ECNXPHARMA/
2025-07-15,NIFTY Pharma,^CNXPHARMA,22665.69921875,25100,25100,https://finance.yahoo.com/quote/%5ECNXPHARMA/
2025-07-16,NIFTY Pharma,^CNXPHARMA,22593.900390625,35700,35700,https://finance.yahoo.com/quote/%5ECNXPHARMA/
2025-07-17,NIFTY Pharma,^CNXPHARMA,22680.349609375,23400,23400,https://finance.yahoo.com/quote/%5ECNXPHARMA/
2025-07-18,NIFTY Pharma,^CNXPHARMA,22592.75,17600,17600,https://finance.yahoo.com/quote/%5ECNXPHARMA/
2025-07-21,NIFTY Pharma,^CNXPHARMA,22531.849609375,15400,15400,https://finance.yahoo.com/quote/%5ECNXPHARMA/
2025-07-22,NIFTY Pharma,^CNXPHARMA,22307.19921875,17800,17800,https://finance.yahoo.com/quote/%5ECNXPHARMA/
2025-07-23,NIFTY Pharma,^CNXPHARMA,22417.44921875,16000,16000,https://finance.yahoo.com/quote/%5ECNXPHARMA/
2025-07-24,NIFTY Pharma,^CNXPHARMA,22541.05078125,22200,22200,https://finance.yahoo.com/quote/%5ECNXPHARMA/
2025-07-25,NIFTY Pharma,^CNXPHARMA,22662.69921875,23200,23200,https://finance.yahoo.com/quote/%5ECNXPHARMA/
2025-07-28,NIFTY Pharma,^CNXPHARMA,22761.150390625,36300,36300,https://finance.yahoo.com/quote/%5ECNXPHARMA/
2025-07-29,NIFTY Pharma,^CNXPHARMA,23072.44921875,25400,25400,https://finance.yahoo.com/quote/%5ECNXPHARMA/
2025-07-30,NIFTY Pharma,^CNXPHARMA,23073.900390625,23900,23900,https://finance.yahoo.com/quote/%5ECNXPHARMA/
2025-07-31,NIFTY Pharma,^CNXPHARMA,22771.05078125,26200,26200,https://finance.yahoo.com/quote/%5ECNXPHARMA/
2025-08-01,NIFTY Pharma,^CNXPHARMA,22011.69921875,29300,29300,https://finance.yahoo.com/quote/%5ECNXPHARMA/
2025-08-04,NIFTY Pharma,^CNXPHARMA,22153.80078125,19000,19000,https://finance.yahoo.com/quote/%5ECNXPHARMA/
2025-08-05,NIFTY Pharma,^CNXPHARMA,21970.150390625,15300,15300,https://finance.yahoo.com/quote/%5ECNXPHARMA/
2025-08-06,NIFTY Pharma,^CNXPHARMA,21523.75,23900,23900,https://finance.yahoo.com/quote/%5ECNXPHARMA/
2025-08-07,NIFTY Pharma,^CNXPHARMA,21684.80078125,23500,23500,https://finance.yahoo.com/quote/%5ECNXPHARMA/
2025-08-08,NIFTY Pharma,^CNXPHARMA,21402.150390625,18100,18100,https://finance.yahoo.com/quote/%5ECNXPHARMA/
2025-08-11,NIFTY Pharma,^CNXPHARMA,21604.650390625,15300,15300,https://finance.yahoo.com/quote/%5ECNXPHARMA/
2025-08-12,NIFTY Pharma,^CNXPHARMA,21753.5,22100,22100,https://finance.yahoo.com/quote/%5ECNXPHARMA/
2025-08-13,NIFTY Pharma,^CNXPHARMA,22130.30078125,17000,17000,https://finance.yahoo.com/quote/%5ECNXPHARMA/
2025-08-14,NIFTY Pharma,^CNXPHARMA,22151.849609375,19700,19700,https://finance.yahoo.com/quote/%5ECNXPHARMA/
2025-08-18,NIFTY Pharma,^CNXPHARMA,22141.150390625,18000,18000,https://finance.yahoo.com/quote/%5ECNXPHARMA/
2025-08-19,NIFTY Pharma,^CNXPHARMA,22066.75,12300,12300,https://finance.yahoo.com/quote/%5ECNXPHARMA/
2025-08-20,NIFTY Pharma,^CNXPHARMA,21969.5,15500,15500,https://finance.yahoo.com/quote/%5ECNXPHARMA/
2025-08-21,NIFTY Pharma,^CNXPHARMA,22177.69921875,17200,17200,https://finance.yahoo.com/quote/%5ECNXPHARMA/
2025-08-22,NIFTY Pharma,^CNXPHARMA,22265.0,14700,14700,https://finance.yahoo.com/quote/%5ECNXPHARMA/
2025-08-25,NIFTY Pharma,^CNXPHARMA,22362.80078125,15200,15200,https://finance.yahoo.com/quote/%5ECNXPHARMA/
2025-08-26,NIFTY Pharma,^CNXPHARMA,21990.0,32500,32500,https://finance.yahoo.com/quote/%5ECNXPHARMA/
2025-08-28,NIFTY Pharma,^CNXPHARMA,21808.349609375,25400,25400,https://finance.yahoo.com/quote/%5ECNXPHARMA/
2025-08-29,NIFTY Pharma,^CNXPHARMA,21804.05078125,31200,31200,https://finance.yahoo.com/quote/%5ECNXPHARMA/
2025-09-01,NIFTY Pharma,^CNXPHARMA,21778.849609375,26600,26600,https://finance.yahoo.com/quote/%5ECNXPHARMA/
2025-09-02,NIFTY Pharma,^CNXPHARMA,21719.94921875,17200,17200,https://finance.yahoo.com/quote/%5ECNXPHARMA/
2025-09-03,NIFTY Pharma,^CNXPHARMA,21959.599609375,17200,17200,https://finance.yahoo.com/quote/%5ECNXPHARMA/
2025-09-04,NIFTY Pharma,^CNXPHARMA,21915.400390625,11400,11400,https://finance.yahoo.com/quote/%5ECNXPHARMA/
2025-09-05,NIFTY Pharma,^CNXPHARMA,21924.80078125,12800,12800,https://finance.yahoo.com/quote/%5ECNXPHARMA/
2025-09-08,NIFTY Pharma,^CNXPHARMA,21865.19921875,10700,10700,https://finance.yahoo.com/quote/%5ECNXPHARMA/
2025-09-09,NIFTY Pharma,^CNXPHARMA,22052.650390625,13000,13000,https://finance.yahoo.com/quote/%5ECNXPHARMA/
2025-09-10,NIFTY Pharma,^CNXPHARMA,22122.05078125,15100,15100,https://finance.yahoo.com/quote/%5ECNXPHARMA/
2025-09-11,NIFTY Pharma,^CNXPHARMA,22224.0,16700,16700,https://finance.yahoo.com/quote/%5ECNXPHARMA/
2025-09-12,NIFTY Pharma,^CNXPHARMA,22341.19921875,12900,12900,https://finance.yahoo.com/quote/%5ECNXPHARMA/
2025-09-15,NIFTY Pharma,^CNXPHARMA,22198.69921875,12100,12100,https://finance.yahoo.com/quote/%5ECNXPHARMA/
2025-09-16,NIFTY Pharma,^CNXPHARMA,22264.55078125,9700,9700,https://finance.yahoo.com/quote/%5ECNXPHARMA/
2025-09-17,NIFTY Pharma,^CNXPHARMA,22241.349609375,14100,14100,https://finance.yahoo.com/quote/%5ECNXPHARMA/
2025-09-18,NIFTY Pharma,^CNXPHARMA,22574.349609375,25100,25100,https://finance.yahoo.com/quote/%5ECNXPHARMA/
2025-09-19,NIFTY Pharma,^CNXPHARMA,22686.599609375,31600,31600,https://finance.yahoo.com/quote/%5ECNXPHARMA/
2025-09-22,NIFTY Pharma,^CNXPHARMA,22365.75,17000,17000,https://finance.yahoo.com/quote/%5ECNXPHARMA/
2025-09-23,NIFTY Pharma,^CNXPHARMA,22299.099609375,12400,12400,https://finance.yahoo.com/quote/%5ECNXPHARMA/
2025-09-24,NIFTY Pharma,^CNXPHARMA,22180.69921875,11100,11100,https://finance.yahoo.com/quote/%5ECNXPHARMA/
2025-09-25,NIFTY Pharma,^CNXPHARMA,21977.69921875,16700,16700,https://finance.yahoo.com/quote/%5ECNXPHARMA/
2025-09-26,NIFTY Pharma,^CNXPHARMA,21507.19921875,34500,34500,https://finance.yahoo.com/quote/%5ECNXPHARMA/
2025-09-29,NIFTY Pharma,^CNXPHARMA,21475.30078125,23495900,23495900,https://finance.yahoo.com/quote/%5ECNXPHARMA/
2025-09-30,NIFTY Pharma,^CNXPHARMA,21454.25,14510200,14510200,https://finance.yahoo.com/quote/%5ECNXPHARMA/
2025-10-01,NIFTY Pharma,^CNXPHARMA,21733.5,21742500,21742500,https://finance.yahoo.com/quote/%5ECNXPHARMA/
2025-10-03,NIFTY Pharma,^CNXPHARMA,21756.349609375,19700800,19700800,https://finance.yahoo.com/quote/%5ECNXPHARMA/
2025-10-06,NIFTY Pharma,^CNXPHARMA,21779.849609375,13309600,13309600,https://finance.yahoo.com/quote/%5ECNXPHARMA/
2025-10-07,NIFTY Pharma,^CNXPHARMA,21875.30078125,15438200,15438200,https://finance.yahoo.com/quote/%5ECNXPHARMA/
2025-10-08,NIFTY Pharma,^CNXPHARMA,21707.349609375,14214700,14214700,https://finance.yahoo.com/quote/%5ECNXPHARMA/
2025-10-09,NIFTY Pharma,^CNXPHARMA,21936.19921875,27615300,27615300,https://finance.yahoo.com/quote/%5ECNXPHARMA/
2025-10-10,NIFTY Pharma,^CNXPHARMA,22218.25,25619000,25619000,https://finance.yahoo.com/quote/%5ECNXPHARMA/
2025-10-13,NIFTY Pharma,^CNXPHARMA,22205.099609375,13627000,13627000,https://finance.yahoo.com/quote/%5ECNXPHARMA/
2025-10-14,NIFTY Pharma,^CNXPHARMA,22039.25,22178300,22178300,https://finance.yahoo.com/quote/%5ECNXPHARMA/
2025-10-15,NIFTY Pharma,^CNXPHARMA,22057.30078125,15754500,15754500,https://finance.yahoo.com/quote/%5ECNXPHARMA/
2025-10-16,NIFTY Pharma,^CNXPHARMA,22103.19921875,15509500,15509500,https://finance.yahoo.com/quote/%5ECNXPHARMA/
2025-10-17,NIFTY Pharma,^CNXPHARMA,22253.75,14701000,14701000,https://finance.yahoo.com/quote/%5ECNXPHARMA/
2025-10-20,NIFTY Pharma,^CNXPHARMA,22439.900390625,19931300,19931300,https://finance.yahoo.com/quote/%5ECNXPHARMA/
2025-10-21,NIFTY Pharma,^CNXPHARMA,22515.69921875,3379000,3379000,https://finance.yahoo.com/quote/%5ECNXPHARMA/
2025-10-23,NIFTY Pharma,^CNXPHARMA,22481.25,23368700,23368700,https://finance.yahoo.com/quote/%5ECNXPHARMA/
2025-10-24,NIFTY Pharma,^CNXPHARMA,22357.349609375,21964200,21964200,https://finance.yahoo.com/quote/%5ECNXPHARMA/
2025-10-27,NIFTY Pharma,^CNXPHARMA,22310.400390625,18308900,18308900,https://finance.yahoo.com/quote/%5ECNXPHARMA/
2025-10-28,NIFTY Pharma,^CNXPHARMA,22250.900390625,15898900,15898900,https://finance.yahoo.com/quote/%5ECNXPHARMA/
2025-10-29,NIFTY Pharma,^CNXPHARMA,22430.69921875,16149500,16149500,https://finance.yahoo.com/quote/%5ECNXPHARMA/
2025-10-30,NIFTY Pharma,^CNXPHARMA,22298.19921875,31909500,31909500,https://finance.yahoo.com/quote/%5ECNXPHARMA/
2025-10-31,NIFTY Pharma,^CNXPHARMA,22175.400390625,22384700,22384700,https://finance.yahoo.com/quote/%5ECNXPHARMA/
2025-11-03,NIFTY Pharma,^CNXPHARMA,22442.599609375,1247000,1247000,https://finance.yahoo.com/quote/%5ECNXPHARMA/
2025-11-04,NIFTY Pharma,^CNXPHARMA,22334.44921875,22298300,22298300,https://finance.yahoo.com/quote/%5ECNXPHARMA/
2025-11-06,NIFTY Pharma,^CNXPHARMA,22250.55078125,35755100,35755100,https://finance.yahoo.com/quote/%5ECNXPHARMA/
2025-11-07,NIFTY Pharma,^CNXPHARMA,22169.80078125,18219600,18219600,https://finance.yahoo.com/quote/%5ECNXPHARMA/
2025-11-10,NIFTY Pharma,^CNXPHARMA,22379.849609375,21651700,21651700,https://finance.yahoo.com/quote/%5ECNXPHARMA/
2025-11-11,NIFTY Pharma,^CNXPHARMA,22369.599609375,0,0,https://finance.yahoo.com/quote/%5ECNXPHARMA/
2025-11-12,NIFTY Pharma,^CNXPHARMA,22593.400390625,34648600,34648600,https://finance.yahoo.com/quote/%5ECNXPHARMA/
2025-11-13,NIFTY Pharma,^CNXPHARMA,22686.80078125,29149600,29149600,https://finance.yahoo.com/quote/%5ECNXPHARMA/
2025-11-14,NIFTY Pharma,^CNXPHARMA,22821.05078125,22405000,22405000,https://finance.yahoo.com/quote/%5ECNXPHARMA/
2025-11-17,NIFTY Pharma,^CNXPHARMA,22867.599609375,22546100,22546100,https://finance.yahoo.com/quote/%5ECNXPHARMA/
2025-11-18,NIFTY Pharma,^CNXPHARMA,22713.650390625,23630200,23630200,https://finance.yahoo.com/quote/%5ECNXPHARMA/
2025-11-19,NIFTY Pharma,^CNXPHARMA,22727.650390625,17339900,17339900,https://finance.yahoo.com/quote/%5ECNXPHARMA/
2025-11-20,NIFTY Pharma,^CNXPHARMA,22687.55078125,20509100,20509100,https://finance.yahoo.com/quote/%5ECNXPHARMA/
2025-11-21,NIFTY Pharma,^CNXPHARMA,22580.94921875,17315300,17315300,https://finance.yahoo.com/quote/%5ECNXPHARMA/
2025-11-24,NIFTY Pharma,^CNXPHARMA,22492.44921875,33964800,33964800,https://finance.yahoo.com/quote/%5ECNXPHARMA/
2025-11-25,NIFTY Pharma,^CNXPHARMA,22590.94921875,14392000,14392000,https://finance.yahoo.com/quote/%5ECNXPHARMA/
2025-11-26,NIFTY Pharma,^CNXPHARMA,22862.349609375,15405500,15405500,https://finance.yahoo.com/quote/%5ECNXPHARMA/
2025-11-27,NIFTY Pharma,^CNXPHARMA,22863.0,15901900,15901900,https://finance.yahoo.com/quote/%5ECNXPHARMA/
2025-11-28,NIFTY Pharma,^CNXPHARMA,22998.30078125,16789100,16789100,https://finance.yahoo.com/quote/%5ECNXPHARMA/
2025-12-01,NIFTY Pharma,^CNXPHARMA,22887.75,27406600,27406600,https://finance.yahoo.com/quote/%5ECNXPHARMA/
2025-12-02,NIFTY Pharma,^CNXPHARMA,22905.0,34343900,34343900,https://finance.yahoo.com/quote/%5ECNXPHARMA/
2025-12-03,NIFTY Pharma,^CNXPHARMA,22907.849609375,31202600,31202600,https://finance.yahoo.com/quote/%5ECNXPHARMA/
2025-12-04,NIFTY Pharma,^CNXPHARMA,22958.94921875,29710300,29710300,https://finance.yahoo.com/quote/%5ECNXPHARMA/
2025-12-05,NIFTY Pharma,^CNXPHARMA,22947.150390625,20371700,20371700,https://finance.yahoo.com/quote/%5ECNXPHARMA/
2025-12-08,NIFTY Pharma,^CNXPHARMA,22640.69921875,21676400,21676400,https://finance.yahoo.com/quote/%5ECNXPHARMA/
2025-12-09,NIFTY Pharma,^CNXPHARMA,22522.849609375,20987800,20987800,https://finance.yahoo.com/quote/%5ECNXPHARMA/
2025-12-10,NIFTY Pharma,^CNXPHARMA,22561.5,16975500,16975500,https://finance.yahoo.com/quote/%5ECNXPHARMA/
2025-12-11,NIFTY Pharma,^CNXPHARMA,22783.44921875,14517200,14517200,https://finance.yahoo.com/quote/%5ECNXPHARMA/
2025-12-12,NIFTY Pharma,^CNXPHARMA,22808.69921875,18236400,18236400,https://finance.yahoo.com/quote/%5ECNXPHARMA/
2025-12-15,NIFTY Pharma,^CNXPHARMA,22719.400390625,11247900,11247900,https://finance.yahoo.com/quote/%5ECNXPHARMA/
2025-12-16,NIFTY Pharma,^CNXPHARMA,22591.5,12689200,12689200,https://finance.yahoo.com/quote/%5ECNXPHARMA/
2025-12-17,NIFTY Pharma,^CNXPHARMA,22612.150390625,13236500,13236500,https://finance.yahoo.com/quote/%5ECNXPHARMA/
2025-12-18,NIFTY Pharma,^CNXPHARMA,22557.599609375,16510600,16510600,https://finance.yahoo.com/quote/%5ECNXPHARMA/
2025-12-19,NIFTY Pharma,^CNXPHARMA,22751.25,24858600,24858600,https://finance.yahoo.com/quote/%5ECNXPHARMA/
2025-12-22,NIFTY Pharma,^CNXPHARMA,22927.900390625,16743100,16743100,https://finance.yahoo.com/quote/%5ECNXPHARMA/
2025-12-23,NIFTY Pharma,^CNXPHARMA,22875.099609375,13387500,13387500,https://finance.yahoo.com/quote/%5ECNXPHARMA/
2025-12-24,NIFTY Pharma,^CNXPHARMA,22757.400390625,16075100,16075100,https://finance.yahoo.com/quote/%5ECNXPHARMA/
2025-12-26,NIFTY Pharma,^CNXPHARMA,22684.650390625,12241300,12241300,https://finance.yahoo.com/quote/%5ECNXPHARMA/
2025-12-29,NIFTY Pharma,^CNXPHARMA,22578.30078125,16053400,16053400,https://finance.yahoo.com/quote/%5ECNXPHARMA/
2025-12-30,NIFTY Pharma,^CNXPHARMA,22540.05078125,25377400,25377400,https://finance.yahoo.com/quote/%5ECNXPHARMA/
2025-12-31,NIFTY Pharma,^CNXPHARMA,22723.650390625,13158000,13158000,https://finance.yahoo.com/quote/%5ECNXPHARMA/
2026-01-02,NIFTY Pharma,^CNXPHARMA,22790.900390625,13771200,13771200,https://finance.yahoo.com/quote/%5ECNXPHARMA/
2026-01-05,NIFTY Pharma,^CNXPHARMA,22743.400390625,16653300,16653300,https://finance.yahoo.com/quote/%5ECNXPHARMA/
2026-01-06,NIFTY Pharma,^CNXPHARMA,23126.849609375,17554400,17554400,https://finance.yahoo.com/quote/%5ECNXPHARMA/
2026-01-07,NIFTY Pharma,^CNXPHARMA,23286.25,32875100,32875100,https://finance.yahoo.com/quote/%5ECNXPHARMA/
2026-01-08,NIFTY Pharma,^CNXPHARMA,22962.55078125,18166800,18166800,https://finance.yahoo.com/quote/%5ECNXPHARMA/
2026-01-09,NIFTY Pharma,^CNXPHARMA,22761.0,16394300,16394300,https://finance.yahoo.com/quote/%5ECNXPHARMA/
2026-01-12,NIFTY Pharma,^CNXPHARMA,22668.44921875,17724700,17724700,https://finance.yahoo.com/quote/%5ECNXPHARMA/
2026-01-13,NIFTY Pharma,^CNXPHARMA,22562.30078125,20442600,20442600,https://finance.yahoo.com/quote/%5ECNXPHARMA/
2026-01-14,NIFTY Pharma,^CNXPHARMA,22505.400390625,19297500,19297500,https://finance.yahoo.com/quote/%5ECNXPHARMA/
2026-01-16,NIFTY Pharma,^CNXPHARMA,22217.05078125,22142800,22142800,https://finance.yahoo.com/quote/%5ECNXPHARMA/
2026-01-19,NIFTY Pharma,^CNXPHARMA,22136.25,20105100,20105100,https://finance.yahoo.com/quote/%5ECNXPHARMA/
2026-01-20,NIFTY Pharma,^CNXPHARMA,21714.30078125,29817400,29817400,https://finance.yahoo.com/quote/%5ECNXPHARMA/
2026-01-21,NIFTY Pharma,^CNXPHARMA,21584.400390625,22934400,22934400,https://finance.yahoo.com/quote/%5ECNXPHARMA/
2026-01-22,NIFTY Pharma,^CNXPHARMA,21928.0,22518200,22518200,https://finance.yahoo.com/quote/%5ECNXPHARMA/
2026-01-23,NIFTY Pharma,^CNXPHARMA,21722.25,24837400,24837400,https://finance.yahoo.com/quote/%5ECNXPHARMA/
2026-01-27,NIFTY Pharma,^CNXPHARMA,21788.44921875,26700400,26700400,https://finance.yahoo.com/quote/%5ECNXPHARMA/
2026-01-28,NIFTY Pharma,^CNXPHARMA,21739.849609375,19478300,19478300,https://finance.yahoo.com/quote/%5ECNXPHARMA/
2026-01-29,NIFTY Pharma,^CNXPHARMA,21564.0,39232700,39232700,https://finance.yahoo.com/quote/%5ECNXPHARMA/
2026-01-30,NIFTY Pharma,^CNXPHARMA,21715.099609375,28223600,28223600,https://finance.yahoo.com/quote/%5ECNXPHARMA/
2026-02-02,NIFTY Pharma,^CNXPHARMA,21549.55078125,20520800,20520800,https://finance.yahoo.com/quote/%5ECNXPHARMA/
2026-02-03,NIFTY Pharma,^CNXPHARMA,22200.25,32396400,32396400,https://finance.yahoo.com/quote/%5ECNXPHARMA/
2026-02-04,NIFTY Pharma,^CNXPHARMA,22125.80078125,18214100,18214100,https://finance.yahoo.com/quote/%5ECNXPHARMA/
2026-02-05,NIFTY Pharma,^CNXPHARMA,22119.900390625,14720100,14720100,https://finance.yahoo.com/quote/%5ECNXPHARMA/
2026-02-06,NIFTY Pharma,^CNXPHARMA,21961.349609375,13247100,13247100,https://finance.yahoo.com/quote/%5ECNXPHARMA/
2026-02-09,NIFTY Pharma,^CNXPHARMA,22290.69921875,18731000,18731000,https://finance.yahoo.com/quote/%5ECNXPHARMA/
2026-02-10,NIFTY Pharma,^CNXPHARMA,22210.5,29833100,29833100,https://finance.yahoo.com/quote/%5ECNXPHARMA/
2026-02-11,NIFTY Pharma,^CNXPHARMA,22434.19921875,18367500,18367500,https://finance.yahoo.com/quote/%5ECNXPHARMA/
2026-02-12,NIFTY Pharma,^CNXPHARMA,22386.30078125,22418600,22418600,https://finance.yahoo.com/quote/%5ECNXPHARMA/
2026-02-13,NIFTY Pharma,^CNXPHARMA,22194.900390625,21635900,21635900,https://finance.yahoo.com/quote/%5ECNXPHARMA/
2026-02-16,NIFTY Pharma,^CNXPHARMA,22403.150390625,18233200,18233200,https://finance.yahoo.com/quote/%5ECNXPHARMA/
2026-02-17,NIFTY Pharma,^CNXPHARMA,22494.900390625,12766900,12766900,https://finance.yahoo.com/quote/%5ECNXPHARMA/
2026-02-18,NIFTY Pharma,^CNXPHARMA,22541.94921875,14895000,14895000,https://finance.yahoo.com/quote/%5ECNXPHARMA/
2026-02-19,NIFTY Pharma,^CNXPHARMA,22429.099609375,16020600,16020600,https://finance.yahoo.com/quote/%5ECNXPHARMA/
2026-02-20,NIFTY Pharma,^CNXPHARMA,22452.400390625,14750800,14750800,https://finance.yahoo.com/quote/%5ECNXPHARMA/
2026-02-23,NIFTY Pharma,^CNXPHARMA,22578.55078125,16469900,16469900,https://finance.yahoo.com/quote/%5ECNXPHARMA/
2026-02-24,NIFTY Pharma,^CNXPHARMA,22632.05078125,18182400,18182400,https://finance.yahoo.com/quote/%5ECNXPHARMA/
2026-02-25,NIFTY Pharma,^CNXPHARMA,23051.849609375,19540100,19540100,https://finance.yahoo.com/quote/%5ECNXPHARMA/
2026-02-26,NIFTY Pharma,^CNXPHARMA,23301.650390625,26914000,26914000,https://finance.yahoo.com/quote/%5ECNXPHARMA/
2026-02-27,NIFTY Pharma,^CNXPHARMA,22952.349609375,24996500,24996500,https://finance.yahoo.com/quote/%5ECNXPHARMA/
2026-03-02,NIFTY Pharma,^CNXPHARMA,22956.69921875,17940000,17940000,https://finance.yahoo.com/quote/%5ECNXPHARMA/
2026-03-04,NIFTY Pharma,^CNXPHARMA,22672.19921875,21855900,21855900,https://finance.yahoo.com/quote/%5ECNXPHARMA/
2026-03-05,NIFTY Pharma,^CNXPHARMA,23005.5,16464600,16464600,https://finance.yahoo.com/quote/%5ECNXPHARMA/
2026-03-06,NIFTY Pharma,^CNXPHARMA,22970.19921875,14612700,14612700,https://finance.yahoo.com/quote/%5ECNXPHARMA/
2026-03-09,NIFTY Pharma,^CNXPHARMA,22933.75,21116900,21116900,https://finance.yahoo.com/quote/%5ECNXPHARMA/
2026-03-10,NIFTY Pharma,^CNXPHARMA,23253.650390625,21854600,21854600,https://finance.yahoo.com/quote/%5ECNXPHARMA/
2026-03-11,NIFTY Pharma,^CNXPHARMA,23348.05078125,21875700,21875700,https://finance.yahoo.com/quote/%5ECNXPHARMA/
2026-03-12,NIFTY Pharma,^CNXPHARMA,23275.19921875,24567700,24567700,https://finance.yahoo.com/quote/%5ECNXPHARMA/
2026-03-13,NIFTY Pharma,^CNXPHARMA,22832.19921875,25787000,25787000,https://finance.yahoo.com/quote/%5ECNXPHARMA/
2026-03-16,NIFTY Pharma,^CNXPHARMA,22547.19921875,21217200,21217200,https://finance.yahoo.com/quote/%5ECNXPHARMA/
2026-03-17,NIFTY Pharma,^CNXPHARMA,22597.55078125,17216600,17216600,https://finance.yahoo.com/quote/%5ECNXPHARMA/
2026-03-18,NIFTY Pharma,^CNXPHARMA,22632.599609375,18241900,18241900,https://finance.yahoo.com/quote/%5ECNXPHARMA/
2026-03-19,NIFTY Pharma,^CNXPHARMA,22101.650390625,15180900,15180900,https://finance.yahoo.com/quote/%5ECNXPHARMA/
2026-03-20,NIFTY Pharma,^CNXPHARMA,22540.69921875,32703500,32703500,https://finance.yahoo.com/quote/%5ECNXPHARMA/
2026-03-23,NIFTY Pharma,^CNXPHARMA,22053.099609375,20528500,20528500,https://finance.yahoo.com/quote/%5ECNXPHARMA/
2026-03-24,NIFTY Pharma,^CNXPHARMA,22239.80078125,22208400,22208400,https://finance.yahoo.com/quote/%5ECNXPHARMA/
2026-03-25,NIFTY Pharma,^CNXPHARMA,22679.75,21482700,21482700,https://finance.yahoo.com/quote/%5ECNXPHARMA/
2026-03-27,NIFTY Pharma,^CNXPHARMA,22565.599609375,34213800,34213800,https://finance.yahoo.com/quote/%5ECNXPHARMA/
2026-03-30,NIFTY Pharma,^CNXPHARMA,22232.25,28211900,28211900,https://finance.yahoo.com/quote/%5ECNXPHARMA/
2026-04-01,NIFTY Pharma,^CNXPHARMA,22011.599609375,25245000,25245000,https://finance.yahoo.com/quote/%5ECNXPHARMA/
2026-04-02,NIFTY Pharma,^CNXPHARMA,21808.400390625,30067900,30067900,https://finance.yahoo.com/quote/%5ECNXPHARMA/
2026-04-06,NIFTY Pharma,^CNXPHARMA,21835.349609375,20606500,20606500,https://finance.yahoo.com/quote/%5ECNXPHARMA/
2026-04-07,NIFTY Pharma,^CNXPHARMA,21868.69921875,31769300,31769300,https://finance.yahoo.com/quote/%5ECNXPHARMA/
2026-04-08,NIFTY Pharma,^CNXPHARMA,21991.19921875,29865200,29865200,https://finance.yahoo.com/quote/%5ECNXPHARMA/
2026-04-09,NIFTY Pharma,^CNXPHARMA,22135.400390625,20198600,20198600,https://finance.yahoo.com/quote/%5ECNXPHARMA/
2026-04-10,NIFTY Pharma,^CNXPHARMA,22164.849609375,23831100,23831100,https://finance.yahoo.com/quote/%5ECNXPHARMA/
2026-04-13,NIFTY Pharma,^CNXPHARMA,22100.099609375,21182600,21182600,https://finance.yahoo.com/quote/%5ECNXPHARMA/
2026-04-15,NIFTY Pharma,^CNXPHARMA,22435.650390625,25523500,25523500,https://finance.yahoo.com/quote/%5ECNXPHARMA/
2026-04-16,NIFTY Pharma,^CNXPHARMA,22465.0,22642600,22642600,https://finance.yahoo.com/quote/%5ECNXPHARMA/
2026-04-17,NIFTY Pharma,^CNXPHARMA,22497.25,19693300,19693300,https://finance.yahoo.com/quote/%5ECNXPHARMA/
2026-04-20,NIFTY Pharma,^CNXPHARMA,22456.75,13683000,13683000,https://finance.yahoo.com/quote/%5ECNXPHARMA/
2026-04-21,NIFTY Pharma,^CNXPHARMA,22438.44921875,17554900,17554900,https://finance.yahoo.com/quote/%5ECNXPHARMA/
2026-04-22,NIFTY Pharma,^CNXPHARMA,22455.44921875,18275900,18275900,https://finance.yahoo.com/quote/%5ECNXPHARMA/
2026-04-23,NIFTY Pharma,^CNXPHARMA,22986.349609375,92345300,92345300,https://finance.yahoo.com/quote/%5ECNXPHARMA/
2026-04-24,NIFTY Pharma,^CNXPHARMA,22580.099609375,41758800,41758800,https://finance.yahoo.com/quote/%5ECNXPHARMA/
2026-04-27,NIFTY Pharma,^CNXPHARMA,23171.849609375,51717700,51717700,https://finance.yahoo.com/quote/%5ECNXPHARMA/
2026-04-28,NIFTY Pharma,^CNXPHARMA,23158.150390625,39790100,39790100,https://finance.yahoo.com/quote/%5ECNXPHARMA/
2026-04-29,NIFTY Pharma,^CNXPHARMA,23260.849609375,30635200,30635200,https://finance.yahoo.com/quote/%5ECNXPHARMA/
2026-04-30,NIFTY Pharma,^CNXPHARMA,23267.69921875,20887500,20887500,https://finance.yahoo.com/quote/%5ECNXPHARMA/
2026-05-04,NIFTY Pharma,^CNXPHARMA,23475.55078125,21561400,21561400,https://finance.yahoo.com/quote/%5ECNXPHARMA/
2026-05-05,NIFTY Pharma,^CNXPHARMA,23568.94921875,38038600,38038600,https://finance.yahoo.com/quote/%5ECNXPHARMA/
2026-05-06,NIFTY Pharma,^CNXPHARMA,24110.30078125,58097200,58097200,https://finance.yahoo.com/quote/%5ECNXPHARMA/
2026-05-07,NIFTY Pharma,^CNXPHARMA,24135.5,74338300,74338300,https://finance.yahoo.com/quote/%5ECNXPHARMA/
2026-05-08,NIFTY Pharma,^CNXPHARMA,24110.30078125,27481400,27481400,https://finance.yahoo.com/quote/%5ECNXPHARMA/
2026-05-11,NIFTY Pharma,^CNXPHARMA,24170.44921875,46305700,46305700,https://finance.yahoo.com/quote/%5ECNXPHARMA/
2026-05-12,NIFTY Pharma,^CNXPHARMA,23840.900390625,34126100,34126100,https://finance.yahoo.com/quote/%5ECNXPHARMA/
2026-05-13,NIFTY Pharma,^CNXPHARMA,23896.05078125,43650100,43650100,https://finance.yahoo.com/quote/%5ECNXPHARMA/
2026-05-14,NIFTY Pharma,^CNXPHARMA,24551.05078125,42179500,42179500,https://finance.yahoo.com/quote/%5ECNXPHARMA/
2026-05-15,NIFTY Pharma,^CNXPHARMA,24634.80078125,31052200,31052200,https://finance.yahoo.com/quote/%5ECNXPHARMA/
2026-05-18,NIFTY Pharma,^CNXPHARMA,24762.849609375,29483900,29483900,https://finance.yahoo.com/quote/%5ECNXPHARMA/
2026-05-19,NIFTY Pharma,^CNXPHARMA,24867.400390625,29843800,29843800,https://finance.yahoo.com/quote/%5ECNXPHARMA/
2026-05-20,NIFTY Pharma,^CNXPHARMA,24843.150390625,38875300,38875300,https://finance.yahoo.com/quote/%5ECNXPHARMA/
2026-05-21,NIFTY Pharma,^CNXPHARMA,24890.900390625,20989500,20989500,https://finance.yahoo.com/quote/%5ECNXPHARMA/
2026-05-22,NIFTY Pharma,^CNXPHARMA,24573.94921875,23647500,23647500,https://finance.yahoo.com/quote/%5ECNXPHARMA/
2026-05-25,NIFTY Pharma,^CNXPHARMA,24674.69921875,26832300,26832300,https://finance.yahoo.com/quote/%5ECNXPHARMA/
2026-05-26,NIFTY Pharma,^CNXPHARMA,24659.19921875,25959100,25959100,https://finance.yahoo.com/quote/%5ECNXPHARMA/
2026-05-27,NIFTY Pharma,^CNXPHARMA,24716.0,17241100,17241100,https://finance.yahoo.com/quote/%5ECNXPHARMA/
2026-05-29,NIFTY Pharma,^CNXPHARMA,24345.80078125,69261300,69261300,https://finance.yahoo.com/quote/%5ECNXPHARMA/
2026-06-01,NIFTY Pharma,^CNXPHARMA,24214.25,35327000,35327000,https://finance.yahoo.com/quote/%5ECNXPHARMA/
2026-06-02,NIFTY Pharma,^CNXPHARMA,24006.30078125,29548000,29548000,https://finance.yahoo.com/quote/%5ECNXPHARMA/
2026-06-03,NIFTY Pharma,^CNXPHARMA,24086.599609375,27592000,27592000,https://finance.yahoo.com/quote/%5ECNXPHARMA/
2026-06-04,NIFTY Pharma,^CNXPHARMA,24177.94921875,21304400,21304400,https://finance.yahoo.com/quote/%5ECNXPHARMA/
2026-06-05,NIFTY Pharma,^CNXPHARMA,24248.05078125,19109400,19109400,https://finance.yahoo.com/quote/%5ECNXPHARMA/
2026-06-08,NIFTY Pharma,^CNXPHARMA,24147.650390625,19240500,19240500,https://finance.yahoo.com/quote/%5ECNXPHARMA/
2026-06-09,NIFTY Pharma,^CNXPHARMA,24290.30078125,23358400,23358400,https://finance.yahoo.com/quote/%5ECNXPHARMA/
2026-06-10,NIFTY Pharma,^CNXPHARMA,24160.75,16845300,16845300,https://finance.yahoo.com/quote/%5ECNXPHARMA/
2026-06-11,NIFTY Pharma,^CNXPHARMA,24306.94921875,19815300,19815300,https://finance.yahoo.com/quote/%5ECNXPHARMA/
2026-06-12,NIFTY Pharma,^CNXPHARMA,24380.05078125,15218700,15218700,https://finance.yahoo.com/quote/%5ECNXPHARMA/
2026-06-15,NIFTY Pharma,^CNXPHARMA,24220.099609375,25060600,25060600,https://finance.yahoo.com/quote/%5ECNXPHARMA/
2026-06-16,NIFTY Pharma,^CNXPHARMA,24157.849609375,16542200,16542200,https://finance.yahoo.com/quote/%5ECNXPHARMA/
2026-06-17,NIFTY Pharma,^CNXPHARMA,24146.55078125,19006200,19006200,https://finance.yahoo.com/quote/%5ECNXPHARMA/
2026-06-18,NIFTY Pharma,^CNXPHARMA,24282.19921875,20111900,20111900,https://finance.yahoo.com/quote/%5ECNXPHARMA/
2026-06-19,NIFTY Pharma,^CNXPHARMA,24460.30078125,22601800,22601800,https://finance.yahoo.com/quote/%5ECNXPHARMA/
2026-06-22,NIFTY Pharma,^CNXPHARMA,24762.900390625,21722600,21722600,https://finance.yahoo.com/quote/%5ECNXPHARMA/
2026-06-23,NIFTY Pharma,^CNXPHARMA,24989.94921875,127339100,127339100,https://finance.yahoo.com/quote/%5ECNXPHARMA/
2026-06-24,NIFTY Pharma,^CNXPHARMA,25018.94921875,53395100,53395100,https://finance.yahoo.com/quote/%5ECNXPHARMA/
2026-06-25,NIFTY Pharma,^CNXPHARMA,24969.5,20389500,20389500,https://finance.yahoo.com/quote/%5ECNXPHARMA/
2026-06-29,NIFTY Pharma,^CNXPHARMA,25227.900390625,50873400,50873400,https://finance.yahoo.com/quote/%5ECNXPHARMA/
2026-06-30,NIFTY Pharma,^CNXPHARMA,25326.400390625,34848900,34848900,https://finance.yahoo.com/quote/%5ECNXPHARMA/
2026-07-01,NIFTY Pharma,^CNXPHARMA,25182.69921875,21705900,21705900,https://finance.yahoo.com/quote/%5ECNXPHARMA/
2026-07-02,NIFTY Pharma,^CNXPHARMA,25308.900390625,17861600,17861600,https://finance.yahoo.com/quote/%5ECNXPHARMA/
2026-07-03,NIFTY Pharma,^CNXPHARMA,25745.150390625,57144400,57144400,https://finance.yahoo.com/quote/%5ECNXPHARMA/
2026-07-06,NIFTY Pharma,^CNXPHARMA,25866.25,25299200,25299200,https://finance.yahoo.com/quote/%5ECNXPHARMA/
2026-07-07,NIFTY Pharma,^CNXPHARMA,25677.69921875,22728000,22728000,https://finance.yahoo.com/quote/%5ECNXPHARMA/
2026-07-08,NIFTY Pharma,^CNXPHARMA,25429.80078125,27326600,27326600,https://finance.yahoo.com/quote/%5ECNXPHARMA/
2026-07-09,NIFTY Pharma,^CNXPHARMA,25656.25,34430700,34430700,https://finance.yahoo.com/quote/%5ECNXPHARMA/
2026-07-10,NIFTY Pharma,^CNXPHARMA,25674.099609375,28598800,28598800,https://finance.yahoo.com/quote/%5ECNXPHARMA/
2026-07-13,NIFTY Pharma,^CNXPHARMA,25643.349609375,25669200,25669200,https://finance.yahoo.com/quote/%5ECNXPHARMA/
2026-07-14,NIFTY Pharma,^CNXPHARMA,25907.099609375,61183300,61183300,https://finance.yahoo.com/quote/%5ECNXPHARMA/
2026-07-15,NIFTY Pharma,^CNXPHARMA,26003.599609375,27795000,27795000,https://finance.yahoo.com/quote/%5ECNXPHARMA/
2026-07-16,NIFTY Pharma,^CNXPHARMA,26008.05078125,33108700,33108700,https://finance.yahoo.com/quote/%5ECNXPHARMA/
2026-07-17,NIFTY Pharma,^CNXPHARMA,25645.0,28030400,28030400,https://finance.yahoo.com/quote/%5ECNXPHARMA/
2026-07-20,NIFTY Pharma,^CNXPHARMA,26003.150390625,21965500,21965500,https://finance.yahoo.com/quote/%5ECNXPHARMA/
2026-07-21,NIFTY Pharma,^CNXPHARMA,26092.849609375,24380300,24380300,https://finance.yahoo.com/quote/%5ECNXPHARMA/
2026-07-22,NIFTY Pharma,^CNXPHARMA,25752.25,31506500,31506500,https://finance.yahoo.com/quote/%5ECNXPHARMA/
2026-07-23,NIFTY Pharma,^CNXPHARMA,25653.55078125,32388900,32388900,https://finance.yahoo.com/quote/%5ECNXPHARMA/
2026-07-24,NIFTY Pharma,^CNXPHARMA,25548.150390625,22710400,22710400,https://finance.yahoo.com/quote/%5ECNXPHARMA/
2026-07-27,NIFTY Pharma,^CNXPHARMA,25945.75,38941000,38941000,https://finance.yahoo.com/quote/%5ECNXPHARMA/
2026-07-28,NIFTY Pharma,^CNXPHARMA,25998.849609375,28558500,28558500,https://finance.yahoo.com/quote/%5ECNXPHARMA/
2026-07-29,NIFTY Pharma,^CNXPHARMA,26373.349609375,32644100,32644100,https://finance.yahoo.com/quote/%5ECNXPHARMA/
2026-07-30,NIFTY Pharma,^CNXPHARMA,26346.05078125,41074200,41074200,https://finance.yahoo.com/quote/%5ECNXPHARMA/
2026-07-31,NIFTY Pharma,^CNXPHARMA,26534.80078125,27485000,27485000,https://finance.yahoo.com/quote/%5ECNXPHARMA/
2026-08-03,NIFTY Pharma,^CNXPHARMA,26662.80078125,30927900,30927900,https://finance.yahoo.com/quote/%5ECNXPHARMA/
2026-08-04,NIFTY Pharma,^CNXPHARMA,26597.5,24727200,24727200,https://finance.yahoo.com/quote/%5ECNXPHARMA/
2026-08-05,NIFTY Pharma,^CNXPHARMA,26563.55078125,27070200,27070200,https://finance.yahoo.com/quote/%5ECNXPHARMA/
2026-08-06,NIFTY Pharma,^CNXPHARMA,26564.80078125,32398100,32398100,https://finance.yahoo.com/quote/%5ECNXPHARMA/
2026-08-07,NIFTY Pharma,^CNXPHARMA,26541.80078125,23659800,23659800,https://finance.yahoo.com/quote/%5ECNXPHARMA/
2026-08-10,NIFTY Pharma,^CNXPHARMA,26479.55078125,29352400,29352400,https://finance.yahoo.com/quote/%5ECNXPHARMA/
2026-08-11,NIFTY Pharma,^CNXPHARMA,26750.44921875,36558200,36558200,https://finance.yahoo.com/quote/%5ECNXPHARMA/
2026-08-12,NIFTY Pharma,^CNXPHARMA,26762.5,22625800,22625800,https://finance.yahoo.com/quote/%5ECNXPHARMA/
2026-08-13,NIFTY Pharma,^CNXPHARMA,26686.80078125,20199700,20199700,https://finance.yahoo.com/quote/%5ECNXPHARMA/
2026-08-14,NIFTY Pharma,^CNXPHARMA,26445.55078125,27190700,27190700,https://finance.yahoo.com/quote/%5ECNXPHARMA/
2026-08-17,NIFTY Pharma,^CNXPHARMA,26341.55078125,26184800,26184800,https://finance.yahoo.com/quote/%5ECNXPHARMA/
2026-08-18,NIFTY Pharma,^CNXPHARMA,26361.900390625,18687400,18687400,https://finance.yahoo.com/quote/%5ECNXPHARMA/
2026-08-19,NIFTY Pharma,^CNXPHARMA,26313.80078125,15743500,15743500,https://finance.yahoo.com/quote/%5ECNXPHARMA/
2026-08-20,NIFTY Pharma,^CNXPHARMA,26416.0,15045400,15045400,https://finance.yahoo.com/quote/%5ECNXPHARMA/
2026-08-21,NIFTY Pharma,^CNXPHARMA,26359.75,16639500,16639500,https://finance.yahoo.com/quote/%5ECNXPHARMA/
2026-08-24,NIFTY Pharma,^CNXPHARMA,26339.30078125,18156900,18156900,https://finance.yahoo.com/quote/%5ECNXPHARMA/
2026-08-25,NIFTY Pharma,^CNXPHARMA,26564.0,17247400,17247400,https://finance.yahoo.com/quote/%5ECNXPHARMA/
2026-08-26,NIFTY Pharma,^CNXPHARMA,26626.30078125,18549900,18549900,https://finance.yahoo.com/quote/%5ECNXPHARMA/
2026-08-27,NIFTY Pharma,^CNXPHARMA,26848.75,21875500,21875500,https://finance.yahoo.com/quote/%5ECNXPHARMA/
2026-08-28,NIFTY Pharma,^CNXPHARMA,26991.849609375,18648100,18648100,https://finance.yahoo.com/quote/%5ECNXPHARMA/
2026-08-31,NIFTY Pharma,^CNXPHARMA,27186.44921875,52840400,52840400,https://finance.yahoo.com/quote/%5ECNXPHARMA/
2026-09-01,NIFTY Pharma,^CNXPHARMA,26792.650390625,22269500,22269500,https://finance.yahoo.com/quote/%5ECNXPHARMA/
2026-09-02,NIFTY Pharma,^CNXPHARMA,26780.69921875,18044400,18044400,https://finance.yahoo.com/quote/%5ECNXPHARMA/
2026-09-03,NIFTY Pharma,^CNXPHARMA,26658.650390625,14504800,14504800,https://finance.yahoo.com/quote/%5ECNXPHARMA/
2026-09-04,NIFTY Pharma,^CNXPHARMA,26478.099609375,19835800,19835800,https://finance.yahoo.com/quote/%5ECNXPHARMA/
2026-09-07,NIFTY Pharma,^CNXPHARMA,26675.5,23385000,23385000,https://finance.yahoo.com/quote/%5ECNXPHARMA/
2026-09-08,NIFTY Pharma,^CNXPHARMA,26880.80078125,38021100,38021100,https://finance.yahoo.com/quote/%5ECNXPHARMA/
2026-09-09,NIFTY Pharma,^CNXPHARMA,26691.80078125,26912300,26912300,https://finance.yahoo.com/quote/%5ECNXPHARMA/
2026-09-10,NIFTY Pharma,^CNXPHARMA,26555.849609375,18065800,18065800,https://finance.yahoo.com/quote/%5ECNXPHARMA/
2026-09-11,NIFTY Pharma,^CNXPHARMA,26532.400390625,21833000,21833000,https://finance.yahoo.com/quote/%5ECNXPHARMA/
2026-09-15,NIFTY Pharma,^CNXPHARMA,26188.400390625,17119700,17119700,https://finance.yahoo.com/quote/%5ECNXPHARMA/
2026-09-16,NIFTY Pharma,^CNXPHARMA,26146.19921875,19437100,19437100,https://finance.yahoo.com/quote/%5ECNXPHARMA/
2026-09-17,NIFTY Pharma,^CNXPHARMA,26579.25,18192100,18192100,https://finance.yahoo.com/quote/%5ECNXPHARMA/
2026-09-18,NIFTY Pharma,^CNXPHARMA,26710.099609375,31176700,31176700,https://finance.yahoo.com/quote/%5ECNXPHARMA/
2026-09-21,NIFTY Pharma,^CNXPHARMA,27021.150390625,22202700,22202700,https://finance.yahoo.com/quote/%5ECNXPHARMA/
2026-09-22,NIFTY Pharma,^CNXPHARMA,26909.599609375,18009500,18009500,https://finance.yahoo.com/quote/%5ECNXPHARMA/
2026-09-23,NIFTY Pharma,^CNXPHARMA,27152.099609375,18482400,18482400,https://finance.yahoo.com/quote/%5ECNXPHARMA/
2026-09-24,NIFTY Pharma,^CNXPHARMA,27028.69921875,19754000,19754000,https://finance.yahoo.com/quote/%5ECNXPHARMA/
2026-09-25,NIFTY Pharma,^CNXPHARMA,27003.0,16713100,16713100,https://finance.yahoo.com/quote/%5ECNXPHARMA/
2026-09-28,NIFTY Pharma,^CNXPHARMA,26761.650390625,19762300,19762300,https://finance.yahoo.com/quote/%5ECNXPHARMA/
2026-09-29,NIFTY Pharma,^CNXPHARMA,26933.650390625,32390700,32390700,https://finance.yahoo.com/quote/%5ECNXPHARMA/
2026-09-30,NIFTY Pharma,^CNXPHARMA,26438.0,23027800,23027800,https://finance.yahoo.com/quote/%5ECNXPHARMA/
2026-10-01,NIFTY Pharma,^CNXPHARMA,26311.55078125,22570900,22570900,https://finance.yahoo.com/quote/%5ECNXPHARMA/
